date,kospi_close,kosdaq_close,k200_close
2016-10-10,2056.82,674.74,260.31
2016-10-11,2031.93,670.64,256.15
2016-10-12,2033.73,669.95,256.2
2016-10-13,2015.44,663.09,253.93
2016-10-14,2022.66,664.92,255.09
2016-10-17,2027.61,659.83,256.19
2016-10-18,2040.43,660.29,257.98
2016-10-19,2040.94,661.26,258.21
2016-10-20,2040.6,655.68,258.41
2016-10-21,2033.0,651.77,257.26
2016-10-24,2047.74,647.88,259.48
2016-10-25,2037.17,640.17,258.57
2016-10-26,2013.89,635.51,255.52
2016-10-27,2024.12,648.57,256.66
2016-10-28,2019.42,640.17,256.53
2016-10-31,2008.19,624.68,255.93
2016-11-01,2007.39,626.38,255.99
2016-11-02,1978.94,606.06,252.83
2016-11-03,1983.8,609.99,252.9
2016-11-04,1982.02,610.82,252.57
2016-11-07,1997.58,622.17,254.6
2016-11-08,2003.38,624.19,255.26
2016-11-09,1958.38,599.74,249.67
2016-11-10,2002.6,623.23,255.31
2016-11-11,1984.43,621.89,251.99
2016-11-14,1974.4,621.23,250.01
2016-11-15,1967.53,617.43,249.2
2016-11-16,1979.65,627.83,250.32
2016-11-17,1980.55,627.76,250.46
2016-11-18,1974.58,620.26,250.21
2016-11-21,1966.05,609.33,249.51
2016-11-22,1983.47,610.74,252.37
2016-11-23,1987.95,600.29,253.66
2016-11-24,1971.26,592.65,252.03
2016-11-25,1974.46,597.82,252.26
2016-11-28,1978.13,593.05,252.96
2016-11-29,1978.39,596.07,252.91
2016-11-30,1983.48,596.11,254.26
2016-12-01,1983.75,593.85,254.48
2016-12-02,1970.61,586.73,252.88
2016-12-05,1963.36,575.12,252.14
2016-12-06,1989.86,581.35,255.63
2016-12-07,1991.89,578.52,256.34
2016-12-08,2031.07,584.62,262.0
2016-12-09,2024.69,594.35,260.91
2016-12-12,2027.24,603.08,260.72
2016-12-13,2035.98,611.09,261.63
2016-12-14,2036.87,612.47,262.0
2016-12-15,2036.65,620.61,261.45
2016-12-16,2042.24,622.08,262.56
2016-12-19,2038.39,622.77,261.93
2016-12-20,2041.94,617.99,262.59
2016-12-21,2037.96,618.63,262.1
2016-12-22,2035.73,615.93,261.97
2016-12-23,2035.9,619.75,261.61
2016-12-26,2037.75,615.16,261.9
2016-12-27,2042.17,618.38,262.49
2016-12-28,2024.49,627.27,259.7
2016-12-29,2026.46,631.44,260.01
2017-01-02,2026.16,632.04,260.36
2017-01-03,2043.97,636.57,262.97
2017-01-04,2045.64,639.79,263.12
2017-01-05,2041.95,642.48,261.98
2017-01-06,2049.12,643.68,263.2
2017-01-09,2048.78,642.15,263.74
2017-01-10,2045.12,636.73,263.73
2017-01-11,2075.17,637.9,268.15
2017-01-12,2087.14,632.87,269.95
2017-01-13,2076.79,634.68,267.91
2017-01-16,2064.17,627.88,266.15
2017-01-17,2071.87,624.0,267.37
2017-01-18,2070.54,626.89,267.08
2017-01-19,2072.79,626.19,267.7
2017-01-20,2065.61,622.12,266.52
2017-01-23,2065.99,615.99,267.12
2017-01-24,2065.76,612.93,267.3
2017-01-25,2066.94,609.64,268.15
2017-01-26,2083.59,616.81,270.48
2017-01-31,2067.57,616.13,268.09
2017-02-01,2080.48,623.68,269.56
2017-02-02,2071.01,613.04,268.49
2017-02-03,2073.16,609.21,268.85
2017-02-06,2077.66,610.96,269.49
2017-02-07,2075.21,608.72,268.97
2017-02-08,2065.08,608.79,267.72
2017-02-09,2065.88,611.04,267.69
2017-02-10,2075.08,610.58,268.66
2017-02-13,2078.65,611.94,268.81
2017-02-14,2074.57,611.54,267.9
2017-02-15,2083.86,615.95,268.81
2017-02-16,2081.84,616.58,268.93
2017-02-17,2080.58,618.7,268.84
2017-02-20,2084.39,619.97,269.73
2017-02-21,2102.93,622.47,272.11
2017-02-22,2106.61,621.39,272.85
2017-02-23,2107.63,617.67,272.89
2017-02-24,2094.12,614.75,270.38
2017-02-27,2085.52,612.12,268.97
2017-02-28,2091.64,612.2,270.06
2017-03-02,2102.65,608.93,272.65
2017-03-03,2078.75,600.73,269.77
2017-03-06,2081.36,604.05,270.41
2017-03-07,2094.05,606.05,271.87
2017-03-08,2095.41,605.75,272.29
2017-03-09,2091.06,606.13,271.62
2017-03-10,2097.35,612.26,272.29
2017-03-13,2117.59,615.59,275.41
2017-03-14,2133.78,614.12,277.89
2017-03-15,2133.0,608.68,277.89
2017-03-16,2150.08,613.88,280.11
2017-03-17,2164.58,613.26,281.86
2017-03-20,2157.01,609.11,280.75
2017-03-21,2178.38,609.73,283.84
2017-03-22,2168.3,607.57,282.63
2017-03-23,2172.72,605.53,282.81
2017-03-24,2168.95,608.18,282.31
2017-03-27,2155.66,607.07,280.36
2017-03-28,2163.31,612.28,281.25
2017-03-29,2166.98,613.63,281.86
2017-03-30,2164.64,614.68,281.66
2017-03-31,2160.23,619.28,280.64
2017-04-03,2167.51,628.52,281.6
2017-04-04,2161.1,625.49,280.92
2017-04-05,2160.85,630.17,280.74
2017-04-06,2152.75,630.46,279.47
2017-04-07,2151.73,633.32,279.01
2017-04-10,2133.32,619.41,277.21
2017-04-11,2123.85,621.64,275.49
2017-04-12,2128.91,621.45,276.21
2017-04-13,2148.61,623.87,279.12
2017-04-14,2134.88,618.24,277.31
2017-04-17,2145.76,629.47,278.1
2017-04-18,2148.46,634.73,278.23
2017-04-19,2138.4,635.99,276.49
2017-04-20,2149.15,635.8,277.76
2017-04-21,2165.04,634.96,280.05
2017-04-24,2173.74,626.62,281.96
2017-04-25,2196.85,632.57,285.41
2017-04-26,2207.84,635.11,286.78
2017-04-27,2209.46,631.11,287.34
2017-04-28,2205.44,628.24,287.21
2017-05-02,2219.67,626.43,289.65
2017-05-04,2241.24,635.11,292.47
2017-05-08,2292.76,643.39,299.86
2017-05-10,2270.12,642.68,296.19
2017-05-11,2296.37,647.58,299.75
2017-05-12,2286.02,643.73,298.25
2017-05-15,2290.65,645.38,298.87
2017-05-16,2295.33,639.11,299.67
2017-05-17,2293.08,640.01,299.34
2017-05-18,2286.82,638.12,298.47
2017-05-19,2288.48,642.45,298.08
2017-05-22,2304.03,642.62,300.63
2017-05-23,2311.74,644.73,301.36
2017-05-24,2317.34,646.04,301.71
2017-05-25,2342.93,643.02,305.22
2017-05-26,2355.3,646.01,306.96
2017-05-29,2352.97,642.98,306.52
2017-05-30,2343.68,649.06,304.59
2017-05-31,2347.38,652.04,304.67
2017-06-01,2344.61,653.83,304.03
2017-06-02,2371.72,658.78,307.83
2017-06-05,2368.62,662.32,307.33
2017-06-07,2360.14,666.46,305.68
2017-06-08,2363.57,669.97,306.25
2017-06-09,2381.69,674.15,309.38
2017-06-12,2357.87,664.86,306.24
2017-06-13,2374.7,669.23,308.02
2017-06-14,2372.64,671.59,307.95
2017-06-15,2361.65,669.82,306.69
2017-06-16,2361.83,670.7,306.79
2017-06-19,2370.9,675.44,308.61
2017-06-20,2369.23,669.41,309.31
2017-06-21,2357.53,665.77,307.52
2017-06-22,2370.37,663.28,309.47
2017-06-23,2378.6,668.93,310.26
2017-06-26,2388.66,668.36,311.89
2017-06-27,2391.95,672.63,312.12
2017-06-28,2382.56,665.89,310.84
2017-06-29,2395.66,668.0,312.56
2017-06-30,2391.79,669.04,311.76
2017-07-03,2394.48,660.97,312.39
2017-07-04,2380.52,656.19,310.46
2017-07-05,2388.35,661.54,311.77
2017-07-06,2387.81,663.79,311.88
2017-07-07,2379.87,663.77,310.66
2017-07-10,2382.1,657.86,311.46
2017-07-11,2396.0,656.01,313.59
2017-07-12,2391.77,651.1,313.58
2017-07-13,2409.49,652.69,316.35
2017-07-14,2414.63,654.11,317.35
2017-07-17,2425.1,659.89,318.52
2017-07-18,2426.04,664.02,318.65
2017-07-19,2429.94,671.53,318.91
2017-07-20,2441.84,676.51,320.61
2017-07-21,2450.06,676.6,321.79
2017-07-24,2451.53,677.32,322.01
2017-07-25,2439.9,670.47,320.15
2017-07-26,2434.51,667.22,319.46
2017-07-27,2443.24,666.48,320.51
2017-07-28,2400.99,652.95,314.13
2017-07-31,2402.71,650.47,314.6
2017-08-01,2422.96,653.12,317.04
2017-08-02,2427.63,657.52,317.69
2017-08-03,2386.85,643.09,312.29
2017-08-04,2395.45,641.58,313.46
2017-08-07,2398.75,648.39,313.96
2017-08-08,2394.73,651.67,313.4
2017-08-09,2368.39,642.87,309.52
2017-08-10,2359.47,640.04,308.37
2017-08-11,2319.71,628.34,302.72
2017-08-14,2334.22,629.37,304.93
2017-08-16,2348.26,634.91,307.16
2017-08-17,2361.67,642.11,309.02
2017-08-18,2358.37,643.58,308.39
2017-08-21,2355.0,640.85,308.14
2017-08-22,2365.33,644.26,309.34
2017-08-23,2366.4,643.71,309.71
2017-08-24,2375.84,647.71,310.73
2017-08-25,2378.51,650.27,311.21
2017-08-28,2370.3,652.92,309.53
2017-08-29,2364.74,653.96,308.64
2017-08-30,2372.29,655.0,309.65
2017-08-31,2363.19,657.83,308.28
2017-09-01,2357.69,661.99,307.78
2017-09-04,2329.65,650.89,304.19
2017-09-05,2326.62,648.75,304.06
2017-09-06,2319.82,652.59,303.18
2017-09-07,2346.19,658.48,306.97
2017-09-08,2343.72,654.29,307.43
2017-09-11,2359.08,656.53,309.83
2017-09-12,2365.47,660.05,310.42
2017-09-13,2360.18,659.09,310.0
2017-09-14,2377.66,665.41,312.52
2017-09-15,2386.07,671.3,313.69
2017-09-18,2418.21,675.87,318.93
2017-09-19,2416.05,674.48,318.51
2017-09-20,2412.2,668.05,318.48
2017-09-21,2406.5,661.11,318.25
2017-09-22,2388.71,648.95,316.71
2017-09-25,2380.4,642.04,316.4
2017-09-26,2374.32,642.4,314.29
2017-09-27,2372.57,649.24,313.82
2017-09-28,2373.14,648.09,313.85
2017-09-29,2394.47,652.82,316.27
2017-10-10,2433.81,654.59,322.49
2017-10-11,2458.16,662.31,326.12
2017-10-12,2474.76,666.54,328.11
2017-10-13,2473.62,663.08,327.35
2017-10-16,2480.05,659.41,327.82
2017-10-17,2484.37,670.51,328.51
2017-10-18,2482.91,668.42,328.4
2017-10-19,2473.06,667.1,326.47
2017-10-20,2489.54,672.95,328.89
2017-10-23,2490.05,675.86,329.45
2017-10-24,2490.49,687.21,328.96
2017-10-25,2492.5,689.14,329.31
2017-10-26,2480.63,680.61,326.99
2017-10-27,2496.63,689.97,329.23
2017-10-30,2501.93,689.68,330.38
2017-10-31,2523.43,694.2,333.57
2017-11-01,2556.47,695.77,338.76
2017-11-02,2546.36,694.96,337.53
2017-11-03,2557.97,701.13,338.83
2017-11-06,2549.41,703.79,337.4
2017-11-07,2545.44,701.14,336.76
2017-11-08,2552.4,709.11,337.8
2017-11-09,2550.57,709.94,337.14
2017-11-10,2542.95,720.79,335.96
2017-11-13,2530.35,741.38,334.33
2017-11-14,2526.64,756.46,333.62
2017-11-15,2518.25,768.03,332.17
2017-11-16,2534.79,780.22,334.36
2017-11-17,2533.99,775.85,334.18
2017-11-20,2527.67,785.32,332.92
2017-11-21,2530.7,789.38,333.51
2017-11-22,2540.51,780.9,335.49
2017-11-23,2537.15,796.8,334.51
2017-11-24,2544.33,792.74,335.44
2017-11-27,2507.81,792.8,329.53
2017-11-28,2514.19,773.12,330.99
2017-11-29,2512.9,781.72,330.68
2017-11-30,2476.37,771.42,325.25
2017-12-01,2475.41,787.7,324.78
2017-12-04,2501.67,782.45,328.77
2017-12-05,2510.12,774.12,329.61
2017-12-06,2474.37,768.39,324.52
2017-12-07,2461.98,753.46,323.59
2017-12-08,2464.0,744.06,324.68
2017-12-11,2471.49,764.09,325.09
2017-12-12,2461.0,760.4,324.07
2017-12-13,2480.55,772.22,326.18
2017-12-14,2469.48,770.35,324.74
2017-12-15,2482.07,771.82,326.23
2017-12-18,2481.88,770.5,326.6
2017-12-19,2478.53,766.18,326.76
2017-12-20,2472.37,755.27,325.79
2017-12-21,2429.83,740.32,319.72
2017-12-22,2440.54,761.2,321.21
2017-12-26,2427.34,762.21,318.89
2017-12-27,2436.67,791.95,320.25
2017-12-28,2467.49,798.42,324.74
2018-01-02,2479.65,812.45,326.0
2018-01-03,2486.35,822.31,327.13
2018-01-04,2466.46,808.01,324.58
2018-01-05,2497.52,828.03,328.97
2018-01-08,2513.28,839.51,331.28
2018-01-09,2510.23,829.99,330.25
2018-01-10,2499.75,834.91,327.61
2018-01-11,2487.91,852.51,325.67
2018-01-12,2496.42,873.05,326.72
2018-01-15,2503.73,891.61,327.39
2018-01-16,2521.74,901.23,330.02
2018-01-17,2515.43,886.58,329.19
2018-01-18,2515.81,898.19,329.13
2018-01-19,2520.26,879.99,329.52
2018-01-22,2502.11,873.09,326.27
2018-01-23,2536.6,894.43,330.93
2018-01-24,2538.0,894.77,330.91
2018-01-25,2562.23,898.6,334.08
2018-01-26,2574.76,913.12,335.38
2018-01-29,2598.19,927.05,338.05
2018-01-30,2567.74,920.96,333.4
2018-01-31,2566.46,913.57,333.38
2018-02-01,2568.54,908.2,333.36
2018-02-02,2525.39,899.47,327.01
2018-02-05,2491.75,858.22,323.29
2018-02-06,2453.31,858.17,318.01
2018-02-07,2396.56,829.96,310.48
2018-02-08,2407.62,861.94,311.62
2018-02-09,2363.77,842.6,304.83
2018-02-12,2385.38,843.24,308.13
2018-02-13,2395.19,829.39,310.87
2018-02-14,2421.83,848.03,314.4
2018-02-19,2442.82,875.81,316.61
2018-02-20,2415.12,864.41,312.83
2018-02-21,2429.65,875.58,314.47
2018-02-22,2414.28,870.22,312.17
2018-02-23,2451.52,874.78,316.81
2018-02-26,2457.65,874.43,317.34
2018-02-27,2456.14,874.01,316.83
2018-02-28,2427.36,857.06,312.86
2018-03-02,2402.16,860.23,308.35
2018-03-05,2375.06,845.0,304.58
2018-03-06,2411.41,859.21,310.46
2018-03-07,2401.82,841.03,311.14
2018-03-08,2433.08,853.94,314.78
2018-03-09,2459.45,865.8,317.67
2018-03-12,2484.12,884.27,320.7
2018-03-13,2494.49,886.25,322.98
2018-03-14,2486.08,886.92,321.99
2018-03-15,2492.38,890.43,322.74
2018-03-16,2493.97,894.43,322.88
2018-03-19,2475.03,880.97,320.35
2018-03-20,2485.52,890.4,321.79
2018-03-21,2484.97,885.55,321.6
2018-03-22,2496.02,871.62,323.32
2018-03-23,2416.76,829.68,312.42
2018-03-26,2437.08,853.69,314.89
2018-03-27,2452.06,858.84,316.34
2018-03-28,2419.29,850.97,311.81
2018-03-29,2436.37,865.99,313.82
2018-03-30,2445.85,871.09,314.61
2018-04-02,2444.16,867.8,314.0
2018-04-03,2442.43,872.32,313.38
2018-04-04,2408.06,862.51,308.54
2018-04-05,2437.52,868.93,313.04
2018-04-06,2429.58,867.96,311.61
2018-04-09,2444.08,874.44,313.45
2018-04-10,2450.74,877.3,313.94
2018-04-11,2444.22,885.38,312.94
2018-04-12,2442.71,881.45,313.22
2018-04-13,2455.07,891.87,314.86
2018-04-16,2457.49,896.89,315.17
2018-04-17,2453.77,901.22,314.64
2018-04-18,2479.98,893.32,318.64
2018-04-19,2486.1,882.73,320.12
2018-04-20,2476.33,889.17,317.89
2018-04-23,2474.11,879.02,317.89
2018-04-24,2464.14,873.61,315.86
2018-04-25,2448.81,869.93,313.99
2018-04-26,2475.64,879.39,318.08
2018-04-27,2492.4,886.49,320.8
2018-04-30,2515.38,875.95,323.56
2018-05-02,2505.61,871.03,322.53
2018-05-03,2487.25,866.07,320.55
2018-05-04,2461.38,856.34,316.75
2018-05-08,2449.81,827.22,315.87
2018-05-09,2443.98,850.85,314.42
2018-05-10,2464.16,854.93,317.31
2018-05-11,2477.71,865.93,318.51
2018-05-14,2476.11,858.7,317.72
2018-05-15,2458.54,862.94,314.94
2018-05-16,2459.82,850.29,315.97
2018-05-17,2448.45,855.62,314.29
2018-05-18,2460.65,869.45,315.37
2018-05-21,2465.57,872.96,316.25
2018-05-23,2471.91,869.16,318.31
2018-05-24,2466.01,873.32,317.48
2018-05-25,2460.8,868.35,318.05
2018-05-28,2478.96,879.69,318.99
2018-05-29,2457.25,870.08,316.2
2018-05-30,2409.03,874.22,309.26
2018-05-31,2423.01,879.66,310.92
2018-06-01,2438.96,883.22,313.22
2018-06-04,2447.76,877.44,314.84
2018-06-05,2453.76,877.16,315.76
2018-06-07,2470.58,887.91,317.67
2018-06-08,2451.58,878.48,314.97
2018-06-11,2470.15,876.55,317.22
2018-06-12,2468.83,875.04,316.84
2018-06-14,2423.48,864.56,311.2
2018-06-15,2404.04,866.22,308.73
2018-06-18,2376.24,840.23,305.35
2018-06-19,2340.11,815.39,301.35
2018-06-20,2363.91,840.17,304.02
2018-06-21,2337.83,826.22,301.02
2018-06-22,2357.22,830.27,303.69
2018-06-25,2357.88,836.0,303.37
2018-06-26,2350.92,831.4,302.76
2018-06-27,2342.03,826.69,302.25
2018-06-28,2314.24,810.2,298.26
2018-06-29,2326.13,818.22,299.66
2018-07-02,2271.54,789.82,292.93
2018-07-03,2272.76,795.71,293.35
2018-07-04,2265.46,799.1,292.26
2018-07-05,2257.55,794.05,291.63
2018-07-06,2272.87,808.89,293.11
2018-07-09,2285.8,808.28,295.2
2018-07-10,2294.16,813.19,296.19
2018-07-11,2280.62,804.78,294.43
2018-07-12,2285.06,819.29,294.41
2018-07-13,2310.9,827.89,298.65
2018-07-16,2301.99,825.71,297.37
2018-07-17,2297.92,819.72,296.88
2018-07-18,2290.11,810.44,296.47
2018-07-19,2282.29,796.49,295.9
2018-07-20,2289.19,791.61,296.95
2018-07-23,2269.31,756.96,294.56
2018-07-24,2280.2,761.57,295.49
2018-07-25,2273.03,748.89,294.85
2018-07-26,2289.06,765.15,296.95
2018-07-27,2294.99,773.98,297.78
2018-07-30,2293.51,769.8,297.29
2018-07-31,2295.26,775.52,297.45
2018-08-01,2307.07,790.25,298.69
2018-08-02,2270.2,781.38,293.55
2018-08-03,2287.68,788.81,295.61
2018-08-06,2286.5,781.41,295.24
2018-08-07,2300.16,784.7,297.18
2018-08-08,2301.45,783.81,297.19
2018-08-09,2303.71,789.48,297.41
2018-08-10,2282.79,784.81,293.64
2018-08-13,2248.45,755.65,289.85
2018-08-14,2258.91,761.94,291.08
2018-08-16,2240.8,761.18,288.24
2018-08-17,2247.05,772.3,288.57
2018-08-20,2247.88,769.78,288.61
2018-08-21,2270.06,787.15,291.93
2018-08-22,2273.33,785.95,293.0
2018-08-23,2282.6,791.28,294.29
2018-08-24,2293.21,798.23,295.54
2018-08-27,2299.3,801.04,296.83
2018-08-28,2303.12,798.17,297.22
2018-08-29,2309.03,803.18,298.05
2018-08-30,2307.35,804.47,298.05
2018-08-31,2322.88,816.97,300.07
2018-09-03,2307.03,816.84,297.49
2018-09-04,2315.72,827.27,298.8
2018-09-05,2291.77,820.0,294.96
2018-09-06,2287.61,815.18,294.28
2018-09-07,2281.58,818.86,292.86
2018-09-10,2288.66,816.16,293.7
2018-09-11,2283.2,820.23,292.46
2018-09-12,2282.92,826.33,292.35
2018-09-13,2286.23,830.95,292.42
2018-09-14,2318.25,834.91,297.29
2018-09-17,2303.01,828.88,295.23
2018-09-18,2308.98,831.85,296.1
2018-09-19,2308.46,826.91,296.64
2018-09-20,2323.45,821.13,299.04
2018-09-21,2339.17,827.84,300.81
2018-09-27,2355.43,833.01,302.59
2018-09-28,2343.07,822.27,300.51
2018-10-01,2338.88,816.53,300.17
2018-10-02,2309.57,794.99,296.53
2018-10-04,2274.49,789.0,291.78
2018-10-05,2267.52,773.7,291.28
2018-10-08,2253.83,767.15,289.91
2018-10-10,2228.61,747.5,287.85
2018-10-11,2129.67,707.38,275.15
2018-10-12,2161.85,731.5,279.37
2018-10-15,2145.12,718.87,277.19
2018-10-16,2145.12,731.5,276.9
2018-10-17,2167.51,739.15,280.05
2018-10-18,2148.31,731.34,277.48
2018-10-19,2156.26,740.48,278.63
2018-10-22,2161.71,744.15,279.4
2018-10-23,2106.1,719.0,272.54
2018-10-24,2097.58,699.3,271.36
2018-10-25,2063.3,686.84,266.72
2018-10-26,2027.15,663.07,262.69
2018-10-29,1996.05,629.7,260.19
2018-10-30,2014.69,644.14,262.47
2018-10-31,2029.69,648.67,264.01
2018-11-01,2024.46,657.46,262.95
2018-11-02,2096.0,690.65,272.56
2018-11-05,2076.92,691.94,270.07
2018-11-06,2089.62,691.55,271.57
2018-11-07,2078.69,682.37,270.45
2018-11-08,2092.63,693.67,272.11
2018-11-09,2086.09,687.29,271.33
2018-11-12,2080.44,670.82,271.57
2018-11-13,2071.23,670.85,269.7
2018-11-14,2068.05,671.56,268.88
2018-11-15,2088.06,681.38,271.54
2018-11-16,2092.4,690.18,271.65
2018-11-19,2100.56,702.13,272.31
2018-11-20,2082.58,690.81,269.58
2018-11-21,2076.55,695.72,268.27
2018-11-22,2069.95,692.39,267.76
2018-11-23,2057.48,683.06,266.33
2018-11-26,2083.02,695.36,269.79
2018-11-27,2099.42,700.67,272.08
2018-11-28,2108.22,700.12,273.45
2018-11-29,2114.1,695.48,274.16
2018-11-30,2096.86,695.76,271.35
2018-12-03,2131.93,709.46,276.18
2018-12-04,2114.35,708.63,273.29
2018-12-05,2101.31,701.12,271.49
2018-12-06,2068.69,678.38,267.18
2018-12-07,2075.76,685.33,268.28
2018-12-10,2053.79,670.39,265.35
2018-12-11,2052.97,661.01,264.69
2018-12-12,2082.57,676.48,268.47
2018-12-13,2095.55,681.78,269.41
2018-12-14,2069.38,666.34,265.55
2018-12-17,2071.09,661.9,266.33
2018-12-18,2062.11,659.67,265.18
2018-12-19,2078.84,672.08,267.31
2018-12-20,2060.12,668.13,264.81
2018-12-21,2061.49,673.64,265.06
2018-12-24,2055.01,669.79,264.45
2018-12-26,2028.01,665.74,260.98
2018-12-27,2028.44,667.88,260.57
2018-12-28,2041.04,675.65,261.98
2019-01-02,2010.0,669.37,258.23
2019-01-03,1993.7,657.02,255.77
2019-01-04,2010.25,664.49,257.89
2019-01-07,2037.1,672.84,261.57
2019-01-08,2025.27,668.49,259.65
2019-01-09,2064.71,679.74,265.6
2019-01-10,2063.28,683.34,265.55
2019-01-11,2075.57,686.33,267.13
2019-01-14,2064.52,683.09,264.99
2019-01-15,2097.18,690.39,269.93
2019-01-16,2106.1,693.38,271.23
2019-01-17,2107.06,686.35,271.88
2019-01-18,2124.28,696.34,273.88
2019-01-21,2124.61,695.62,274.0
2019-01-22,2117.77,694.55,272.71
2019-01-23,2127.78,695.63,273.87
2019-01-24,2145.03,704.41,276.61
2019-01-25,2177.73,711.38,281.67
2019-01-28,2177.3,714.26,281.64
2019-01-29,2183.36,710.99,283.0
2019-01-30,2206.2,715.3,286.62
2019-01-31,2204.85,716.86,285.89
2019-02-01,2203.46,716.92,285.79
2019-02-07,2203.42,728.79,285.65
2019-02-08,2177.05,728.74,281.49
2019-02-11,2180.73,733.47,282.1
2019-02-12,2190.47,730.58,283.69
2019-02-13,2201.48,739.91,284.97
2019-02-14,2225.85,742.27,288.68
2019-02-15,2196.09,738.66,283.98
2019-02-18,2210.89,745.33,285.9
2019-02-19,2205.63,748.05,284.91
2019-02-20,2229.76,750.69,288.4
2019-02-21,2228.66,747.33,288.41
2019-02-22,2230.5,743.38,288.74
2019-02-25,2232.56,750.4,289.0
2019-02-26,2226.6,747.09,287.89
2019-02-27,2234.79,752.16,288.76
2019-02-28,2195.44,731.25,283.8
2019-03-04,2190.66,748.07,282.51
2019-03-05,2179.23,747.95,280.45
2019-03-06,2175.6,746.7,279.85
2019-03-07,2165.79,736.83,278.87
2019-03-08,2137.44,735.97,274.84
2019-03-11,2138.1,739.09,275.06
2019-03-12,2157.18,754.76,277.73
2019-03-13,2148.41,754.89,276.0
2019-03-14,2155.68,755.42,276.64
2019-03-15,2176.11,748.36,279.87
2019-03-18,2179.49,753.13,279.93
2019-03-19,2177.62,748.91,279.82
2019-03-20,2177.1,749.76,279.92
2019-03-21,2184.88,743.52,282.38
2019-03-22,2186.95,743.97,283.13
2019-03-25,2144.86,727.21,277.45
2019-03-26,2148.8,736.81,277.6
2019-03-27,2145.62,728.45,277.28
2019-03-28,2128.1,719.72,275.08
2019-03-29,2140.67,729.31,276.48
2019-04-01,2168.28,736.81,280.32
2019-04-02,2177.18,739.57,281.72
2019-04-03,2203.27,749.3,285.65
2019-04-04,2206.53,751.58,286.15
2019-04-05,2209.61,751.71,286.68
2019-04-08,2210.6,751.92,286.38
2019-04-09,2213.56,756.81,286.71
2019-04-10,2224.39,760.15,287.92
2019-04-11,2224.44,766.49,287.42
2019-04-12,2233.45,767.85,288.37
2019-04-15,2242.88,766.75,289.38
2019-04-16,2248.63,765.02,290.62
2019-04-17,2245.89,766.89,290.33
2019-04-18,2213.77,753.52,285.82
2019-04-19,2216.15,762.57,285.89
2019-04-22,2216.65,762.01,285.87
2019-04-23,2220.51,761.42,286.47
2019-04-24,2201.03,757.82,283.7
2019-04-25,2190.5,750.43,282.83
2019-04-26,2179.31,741.0,281.34
2019-04-29,2216.43,750.6,286.79
2019-04-30,2203.59,754.74,284.92
2019-05-02,2212.75,760.38,286.12
2019-05-03,2196.32,761.82,283.67
2019-05-07,2176.99,753.45,281.31
2019-05-08,2168.01,745.37,280.15
2019-05-09,2102.01,724.22,271.0
2019-05-10,2108.04,722.62,272.06
2019-05-13,2079.01,708.8,268.72
2019-05-14,2081.84,710.16,268.57
2019-05-15,2092.78,729.6,269.64
2019-05-16,2067.69,717.59,265.99
2019-05-17,2055.8,714.13,264.35
2019-05-20,2055.71,702.08,264.96
2019-05-21,2061.25,703.98,266.12
2019-05-22,2064.86,706.93,266.65
2019-05-23,2059.59,696.89,266.38
2019-05-24,2045.31,690.03,264.42
2019-05-27,2044.21,689.67,264.4
2019-05-28,2048.83,702.76,264.7
2019-05-29,2023.32,691.47,261.37
2019-05-30,2038.8,689.33,263.93
2019-05-31,2041.74,696.47,263.89
2019-06-03,2067.85,697.5,268.16
2019-06-04,2066.97,702.53,267.66
2019-06-05,2069.11,707.75,267.99
2019-06-07,2072.33,716.53,268.27
2019-06-10,2099.49,721.14,272.1
2019-06-11,2111.81,728.79,273.21
2019-06-12,2108.75,724.32,272.74
2019-06-13,2103.15,726.68,271.13
2019-06-14,2095.41,722.25,270.48
2019-06-17,2090.73,719.13,270.09
2019-06-18,2098.71,714.86,271.36
2019-06-19,2124.78,717.71,275.31
2019-06-20,2131.29,727.32,276.01
2019-06-21,2125.62,722.64,275.48
2019-06-24,2126.33,717.69,275.58
2019-06-25,2121.64,710.02,275.28
2019-06-26,2121.85,709.37,275.53
2019-06-27,2134.32,698.21,277.75
2019-06-28,2130.62,690.53,277.5
2019-07-01,2129.74,696.0,277.27
2019-07-02,2122.02,696.25,275.97
2019-07-03,2096.02,693.04,272.37
2019-07-04,2108.73,691.27,274.54
2019-07-05,2110.59,694.17,274.35
2019-07-08,2064.17,668.72,268.55
2019-07-09,2052.03,657.8,267.72
2019-07-10,2058.78,666.9,268.75
2019-07-11,2080.58,677.09,271.78
2019-07-12,2086.66,681.17,272.68
2019-07-15,2082.48,674.79,272.64
2019-07-16,2091.87,674.42,274.05
2019-07-17,2072.92,666.28,271.48
2019-07-18,2066.55,665.15,270.67
2019-07-19,2094.36,674.06,274.55
2019-07-22,2093.34,674.78,274.55
2019-07-23,2101.45,668.65,275.92
2019-07-24,2082.3,659.83,273.22
2019-07-25,2074.48,652.4,273.04
2019-07-26,2066.26,644.59,272.25
2019-07-29,2029.48,618.78,267.75
2019-07-30,2038.68,625.64,268.95
2019-07-31,2024.55,630.18,266.34
2019-08-01,2017.34,622.26,265.73
2019-08-02,1998.13,615.7,262.99
2019-08-05,1946.98,569.79,257.19
2019-08-06,1917.5,551.5,253.41
2019-08-07,1909.71,564.64,252.0
2019-08-08,1920.61,585.44,252.4
2019-08-09,1937.75,590.04,254.85
2019-08-12,1942.29,594.17,255.35
2019-08-13,1925.83,590.75,252.83
2019-08-14,1938.37,597.15,254.86
2019-08-16,1927.17,591.57,253.9
2019-08-19,1939.9,594.65,255.11
2019-08-20,1960.25,607.01,258.05
2019-08-21,1964.65,615.96,258.38
2019-08-22,1951.01,612.25,256.28
2019-08-23,1948.3,608.98,256.11
2019-08-26,1916.31,582.91,252.19
2019-08-27,1924.6,588.32,253.5
2019-08-28,1941.09,602.9,255.53
2019-08-29,1933.41,599.57,254.31
2019-08-30,1967.79,610.55,259.0
2019-09-02,1969.19,619.81,259.08
2019-09-03,1965.69,620.02,258.25
2019-09-04,1988.53,629.31,261.69
2019-09-05,2004.75,632.99,264.44
2019-09-06,2009.13,631.15,265.53
2019-09-09,2019.55,625.77,267.4
2019-09-10,2032.08,623.25,268.76
2019-09-11,2049.2,630.37,270.84
2019-09-16,2062.22,638.59,272.02
2019-09-17,2062.33,644.28,271.68
2019-09-18,2070.73,645.12,273.06
2019-09-19,2080.35,645.71,274.92
2019-09-20,2091.52,649.07,276.44
2019-09-23,2091.7,645.01,276.65
2019-09-24,2101.04,641.85,277.97
2019-09-25,2073.39,626.76,274.42
2019-09-26,2074.52,628.42,274.89
2019-09-27,2049.93,626.93,271.33
2019-09-30,2063.05,621.76,273.55
2019-10-01,2072.42,632.1,274.42
2019-10-02,2031.91,624.51,268.55
2019-10-04,2020.69,621.84,267.39
2019-10-07,2021.73,627.21,267.67
2019-10-08,2046.25,635.41,271.36
2019-10-10,2028.15,634.73,268.8
2019-10-11,2044.61,632.95,271.3
2019-10-14,2067.4,641.46,274.23
2019-10-15,2068.17,646.8,274.34
2019-10-16,2082.83,651.96,276.32
2019-10-17,2077.94,649.29,275.57
2019-10-18,2060.69,646.69,272.81
2019-10-21,2064.84,649.18,273.79
2019-10-22,2088.86,655.91,277.41
2019-10-23,2080.62,658.98,276.23
2019-10-24,2085.66,658.75,276.7
2019-10-25,2087.89,652.37,277.07
2019-10-28,2093.6,652.42,277.78
2019-10-29,2092.69,658.3,277.55
2019-10-30,2080.27,655.04,275.51
2019-10-31,2083.48,658.52,275.82
2019-11-01,2100.2,662.34,278.43
2019-11-04,2130.24,668.45,282.54
2019-11-05,2142.64,672.18,284.38
2019-11-06,2144.15,669.68,284.52
2019-11-07,2144.29,666.15,284.37
2019-11-08,2137.23,664.6,283.13
2019-11-11,2124.09,661.37,280.85
2019-11-12,2140.92,665.14,283.65
2019-11-13,2122.45,661.85,281.28
2019-11-14,2139.23,663.31,283.93
2019-11-15,2162.18,668.51,287.29
2019-11-18,2160.69,669.34,287.18
2019-11-19,2153.24,662.53,286.23
2019-11-20,2125.32,649.87,282.21
2019-11-21,2096.6,635.99,278.28
2019-11-22,2101.96,633.92,279.43
2019-11-25,2123.5,647.4,282.19
2019-11-26,2121.35,651.59,281.83
2019-11-27,2127.85,647.39,282.85
2019-11-28,2118.6,640.18,281.23
2019-11-29,2087.96,632.99,276.78
2019-12-02,2091.92,634.5,277.44
2019-12-03,2084.07,629.58,276.19
2019-12-04,2068.89,625.27,274.15
2019-12-05,2060.74,617.6,273.3
2019-12-06,2081.85,628.1,276.56
2019-12-09,2088.65,627.86,278.03
2019-12-10,2098.0,627.11,279.31
2019-12-11,2105.62,629.13,280.28
2019-12-12,2137.35,636.94,285.11
2019-12-13,2170.25,643.45,290.11
2019-12-16,2168.15,644.44,289.76
2019-12-17,2195.68,650.58,294.4
2019-12-18,2194.76,648.95,294.22
2019-12-19,2196.56,647.85,294.31
2019-12-20,2204.18,649.73,295.31
2019-12-23,2203.71,647.62,294.87
2019-12-24,2190.08,638.91,292.9
2019-12-26,2197.93,652.07,294.06
2019-12-27,2204.21,661.24,295.2
2019-12-30,2197.67,669.83,293.77
2020-01-02,2175.17,674.02,290.35
2020-01-03,2176.46,669.93,290.74
2020-01-06,2155.07,655.31,288.43
2020-01-07,2175.54,663.44,291.23
2020-01-08,2151.31,640.94,289.42
2020-01-09,2186.45,666.09,294.41
2020-01-10,2206.39,673.03,297.06
2020-01-13,2229.26,679.22,300.13
2020-01-14,2238.88,678.71,301.53
2020-01-15,2230.98,679.16,299.74
2020-01-16,2248.05,686.52,302.78
2020-01-17,2250.57,688.41,303.3
2020-01-20,2262.64,683.47,305.58
2020-01-21,2239.69,676.52,302.11
2020-01-22,2267.25,688.25,306.08
2020-01-23,2246.13,685.57,302.33
2020-01-28,2176.72,664.7,292.77
2020-01-29,2185.28,670.18,293.98
2020-01-30,2148.0,656.39,288.37
2020-01-31,2119.01,642.48,284.53
2020-02-03,2118.88,646.85,285.05
2020-02-04,2157.9,661.24,290.68
2020-02-05,2165.63,661.32,292.02
2020-02-06,2227.94,672.69,300.65
2020-02-07,2211.95,672.63,298.21
2020-02-10,2201.07,676.07,296.24
2020-02-11,2223.12,682.34,299.28
2020-02-12,2238.38,686.59,301.54
2020-02-13,2232.96,687.61,300.93
2020-02-14,2243.59,688.91,303.01
2020-02-17,2242.17,692.59,302.76
2020-02-18,2208.88,682.92,297.74
2020-02-19,2210.34,684.78,298.33
2020-02-20,2195.5,681.66,296.65
2020-02-21,2162.84,667.99,292.42
2020-02-24,2079.04,639.29,281.02
2020-02-25,2103.61,656.95,284.24
2020-02-26,2076.77,654.63,279.94
2020-02-27,2054.89,638.17,277.09
2020-02-28,1987.01,610.73,268.02
2020-03-02,2002.51,627.66,270.37
2020-03-03,2014.15,626.82,271.56
2020-03-04,2059.33,641.73,278.13
2020-03-05,2085.26,650.19,281.38
2020-03-06,2040.22,642.72,275.1
2020-03-09,1954.77,614.6,263.11
2020-03-10,1962.93,619.97,264.67
2020-03-11,1908.27,595.61,257.01
2020-03-12,1834.33,563.49,247.62
2020-03-13,1771.44,524.0,240.65
2020-03-16,1714.86,504.51,232.97
2020-03-17,1672.44,514.73,226.89
2020-03-18,1591.2,485.14,215.83
2020-03-19,1457.64,428.35,199.28
2020-03-20,1566.15,467.75,213.67
2020-03-23,1482.46,443.76,201.87
2020-03-24,1609.97,480.4,220.34
2020-03-25,1704.76,505.68,232.89
2020-03-26,1686.24,516.61,229.34
2020-03-27,1717.73,522.83,233.79
2020-03-30,1717.12,542.11,232.45
2020-03-31,1754.64,569.07,236.82
2020-04-01,1685.46,551.84,226.35
2020-04-02,1724.86,567.7,231.84
2020-04-03,1725.44,573.01,231.7
2020-04-06,1791.88,597.21,240.81
2020-04-07,1823.6,606.9,244.87
2020-04-08,1807.14,607.37,241.89
2020-04-09,1836.21,615.95,245.61
2020-04-10,1860.7,611.26,248.0
2020-04-13,1825.76,596.71,243.4
2020-04-14,1857.08,610.29,247.45
2020-04-16,1857.07,623.43,247.1
2020-04-17,1914.53,634.79,255.02
2020-04-20,1898.36,637.82,252.14
2020-04-21,1879.38,628.77,249.4
2020-04-22,1896.15,635.16,251.88
2020-04-23,1914.73,643.79,253.74
2020-04-24,1889.01,632.96,250.28
2020-04-27,1922.77,646.86,254.84
2020-04-28,1934.09,644.93,256.39
2020-04-29,1947.56,645.18,258.15
2020-05-04,1895.37,641.91,250.6
2020-05-06,1928.76,658.4,255.0
2020-05-07,1928.61,668.17,254.46
2020-05-08,1945.82,682.3,256.62
2020-05-11,1935.4,685.04,254.95
2020-05-12,1922.17,684.21,253.37
2020-05-13,1940.42,691.53,255.85
2020-05-14,1924.96,690.57,253.65
2020-05-15,1927.28,691.93,253.79
2020-05-18,1937.11,690.85,255.44
2020-05-19,1980.61,696.36,261.79
2020-05-20,1989.64,708.76,262.72
2020-05-21,1998.31,716.02,263.74
2020-05-22,1970.13,708.58,259.62
2020-05-25,1994.6,719.89,262.76
2020-05-26,2029.78,729.11,267.31
2020-05-27,2031.2,724.59,267.64
2020-05-28,2028.54,708.75,268.29
2020-05-29,2029.6,713.68,268.32
2020-06-01,2065.08,735.72,273.19
2020-06-02,2087.19,743.58,276.08
2020-06-03,2147.0,737.66,285.91
2020-06-04,2151.18,742.37,286.45
2020-06-05,2181.87,749.31,290.62
2020-06-08,2184.29,753.04,290.77
2020-06-09,2188.92,753.82,291.32
2020-06-10,2195.69,758.62,291.9
2020-06-11,2176.78,757.06,288.62
2020-06-12,2132.3,746.06,281.78
2020-06-15,2030.82,693.15,267.95
2020-06-16,2138.05,735.38,282.59
2020-06-17,2141.05,735.4,283.02
2020-06-18,2133.48,737.33,281.91
2020-06-19,2141.32,742.03,283.37
2020-06-22,2126.73,751.64,281.42
2020-06-23,2131.24,753.23,281.94
2020-06-24,2161.51,759.5,286.7
2020-06-25,2112.37,750.36,279.73
2020-06-26,2134.65,750.58,283.38
2020-06-29,2093.48,734.69,278.04
2020-06-30,2108.33,737.97,280.09
2020-07-01,2106.7,727.58,280.26
2020-07-02,2135.37,742.55,283.86
2020-07-03,2152.41,752.18,285.89
2020-07-06,2187.93,759.9,290.62
2020-07-07,2164.17,759.16,286.77
2020-07-08,2158.88,765.96,285.97
2020-07-09,2167.9,772.9,287.25
2020-07-10,2150.25,772.81,285.06
2020-07-13,2186.06,781.19,289.84
2020-07-14,2183.61,778.39,289.63
2020-07-15,2201.88,781.29,292.27
2020-07-16,2183.76,775.07,289.25
2020-07-17,2201.19,783.22,291.57
2020-07-20,2198.2,781.96,290.81
2020-07-21,2228.83,790.58,295.16
2020-07-22,2228.66,794.99,294.04
2020-07-23,2216.19,801.69,292.37
2020-07-24,2200.44,794.8,290.66
2020-07-27,2217.86,801.23,293.51
2020-07-28,2256.99,807.85,300.13
2020-07-29,2263.16,808.59,301.25
2020-07-30,2267.01,814.19,301.85
2020-07-31,2249.37,815.3,299.32
2020-08-03,2251.04,827.57,299.46
2020-08-04,2279.97,835.35,303.04
2020-08-05,2311.86,847.28,306.64
2020-08-06,2342.61,854.12,311.32
2020-08-07,2351.67,857.63,312.57
2020-08-10,2386.38,862.76,316.77
2020-08-11,2418.67,860.23,321.02
2020-08-12,2432.35,845.6,322.68
2020-08-13,2437.53,854.77,323.33
2020-08-14,2407.49,835.03,319.24
2020-08-18,2348.24,800.22,312.84
2020-08-19,2360.54,818.74,313.54
2020-08-20,2274.22,791.14,301.59
2020-08-21,2304.59,796.01,306.16
2020-08-24,2329.83,815.74,309.33
2020-08-25,2366.73,836.31,313.59
2020-08-26,2369.32,841.35,314.19
2020-08-27,2344.45,836.4,311.38
2020-08-28,2353.8,841.3,312.24
2020-08-31,2326.17,848.24,307.14
2020-09-01,2349.55,853.37,309.81
2020-09-02,2364.37,866.74,311.5
2020-09-03,2395.9,874.13,316.43
2020-09-04,2368.25,866.04,312.03
2020-09-07,2384.22,878.88,313.67
2020-09-08,2401.91,878.29,317.38
2020-09-09,2375.81,869.47,313.77
2020-09-10,2396.48,884.3,316.53
2020-09-11,2396.69,888.44,316.45
2020-09-14,2427.91,894.17,320.98
2020-09-15,2443.58,899.46,323.36
2020-09-16,2435.92,896.28,322.31
2020-09-17,2406.17,885.18,318.0
2020-09-18,2412.4,888.88,318.39
2020-09-21,2389.39,866.99,315.89
2020-09-22,2332.59,842.72,308.82
2020-09-23,2333.24,843.45,309.64
2020-09-24,2272.7,806.95,302.48
2020-09-25,2278.79,808.28,303.57
2020-09-28,2308.08,835.91,307.03
2020-09-29,2327.89,848.15,309.44
2020-10-05,2358.0,858.39,313.51
2020-10-06,2365.9,862.58,314.45
2020-10-07,2386.94,869.66,317.35
2020-10-08,2391.96,871.62,317.47
2020-10-12,2403.73,873.5,319.15
2020-10-13,2403.15,871.92,319.58
2020-10-14,2380.48,861.48,316.57
2020-10-15,2361.21,844.44,313.92
2020-10-16,2341.53,833.84,311.83
2020-10-19,2346.74,822.25,312.59
2020-10-20,2358.41,824.65,314.71
2020-10-21,2370.86,830.67,315.76
2020-10-22,2355.05,812.7,313.77
2020-10-23,2360.81,807.98,314.79
2020-10-26,2343.91,778.02,313.53
2020-10-27,2330.84,783.73,311.8
2020-10-28,2345.26,806.2,313.17
2020-10-29,2326.67,813.93,309.94
2020-10-30,2267.15,792.65,301.6
2020-11-02,2300.16,802.95,305.95
2020-11-03,2343.31,818.46,312.07
2020-11-04,2357.32,826.97,313.83
2020-11-05,2413.79,844.8,321.51
2020-11-06,2416.5,836.78,322.1
2020-11-09,2447.2,851.21,325.83
2020-11-10,2452.83,840.79,326.13
2020-11-11,2485.87,839.9,331.12
2020-11-12,2475.62,840.08,329.72
2020-11-13,2493.87,839.14,333.03
2020-11-16,2543.03,847.33,340.63
2020-11-17,2539.15,839.47,339.85
2020-11-18,2545.64,851.74,339.96
2020-11-19,2547.42,859.94,340.16
2020-11-20,2553.5,870.18,340.62
2020-11-23,2602.59,873.29,348.46
2020-11-24,2617.76,872.1,350.28
2020-11-25,2601.54,865.12,348.3
2020-11-26,2625.91,874.53,352.12
2020-11-27,2633.45,885.56,352.73
2020-11-30,2591.34,886.11,346.05
2020-12-01,2634.25,891.29,352.4
2020-12-02,2675.9,899.34,358.66
2020-12-03,2696.22,907.61,361.66
2020-12-04,2731.45,913.76,367.63
2020-12-07,2745.44,926.88,369.86
2020-12-08,2700.93,906.84,363.45
2020-12-09,2755.47,913.81,371.47
2020-12-10,2746.46,921.7,369.37
2020-12-11,2770.06,928.44,372.24
2020-12-14,2762.2,929.54,371.56
2020-12-15,2756.82,931.27,370.88
2020-12-16,2771.79,939.65,372.53
2020-12-17,2770.43,944.04,372.0
2020-12-18,2772.18,947.24,371.55
2020-12-21,2778.65,953.58,372.18
2020-12-22,2733.68,928.73,366.43
2020-12-23,2759.82,923.17,371.32
2020-12-24,2806.86,928.68,379.18
2020-12-28,2808.6,927.0,379.93
2020-12-29,2820.51,957.41,381.27
2020-12-30,2873.47,968.42,389.29
2021-01-04,2944.45,977.62,399.88
2021-01-05,2990.57,985.76,406.03
2021-01-06,2968.21,981.39,402.08
2021-01-07,3031.68,988.86,410.81
2021-01-08,3152.18,987.79,430.22
2021-01-11,3148.45,976.63,431.13
2021-01-12,3125.95,973.72,427.87
2021-01-13,3148.29,979.13,430.38
2021-01-14,3149.93,980.29,429.85
2021-01-15,3085.9,964.44,420.43
2021-01-18,3013.93,944.67,410.5
2021-01-19,3092.66,957.75,421.35
2021-01-20,3114.55,977.66,424.01
2021-01-21,3160.84,981.4,430.27
2021-01-22,3140.63,979.98,427.13
2021-01-25,3208.99,999.3,437.3
2021-01-26,3140.31,994.0,426.73
2021-01-27,3122.56,985.92,423.67
2021-01-28,3069.05,961.23,416.4
2021-01-29,2976.21,928.73,404.56
2021-02-01,3056.53,956.92,415.45
2021-02-02,3096.81,963.81,421.03
2021-02-03,3129.68,970.69,425.21
2021-02-04,3087.55,964.58,418.31
2021-02-05,3120.63,967.42,423.3
2021-02-08,3091.24,960.78,418.95
2021-02-09,3084.67,957.85,417.91
2021-02-10,3100.58,964.31,419.65
2021-02-15,3147.0,981.97,427.01
2021-02-16,3163.25,977.74,429.24
2021-02-17,3133.73,979.77,424.2
2021-02-18,3086.66,967.42,417.44
2021-02-19,3107.62,965.11,420.94
2021-02-22,3079.75,954.29,416.88
2021-02-23,3070.09,936.6,415.82
2021-02-24,2994.98,906.31,407.16
2021-02-25,3099.69,936.21,422.52
2021-02-26,3012.95,913.94,409.91
2021-03-02,3043.87,923.17,414.8
2021-03-03,3082.99,930.8,420.27
2021-03-04,3043.49,926.2,414.17
2021-03-05,3026.26,923.48,412.0
2021-03-08,2996.11,904.77,408.34
2021-03-09,2976.12,896.36,405.79
2021-03-10,2958.12,890.07,403.48
2021-03-11,3013.7,908.01,411.02
2021-03-12,3054.39,925.49,416.13
2021-03-15,3045.71,926.9,414.18
2021-03-16,3067.17,940.65,417.31
2021-03-17,3047.5,943.78,414.01
2021-03-18,3066.01,949.83,417.06
2021-03-19,3039.53,952.11,412.91
2021-03-22,3035.46,955.38,412.64
2021-03-23,3004.74,946.31,408.71
2021-03-24,2996.35,953.82,407.1
2021-03-25,3008.33,954.99,408.53
2021-03-26,3041.01,956.7,412.89
2021-03-29,3036.04,954.1,412.05
2021-03-30,3070.0,958.06,416.61
2021-03-31,3061.42,956.17,415.04
2021-04-01,3087.4,965.78,419.42
2021-04-02,3112.8,970.09,423.74
2021-04-05,3120.83,969.77,424.85
2021-04-06,3127.08,968.63,425.88
2021-04-07,3137.41,973.22,426.7
2021-04-08,3143.26,982.02,426.86
2021-04-09,3131.88,989.39,424.3
2021-04-12,3135.59,1000.65,424.22
2021-04-13,3169.08,1010.37,429.08
2021-04-14,3182.38,1014.42,430.71
2021-04-15,3194.33,1013.9,432.66
2021-04-16,3198.62,1021.62,432.43
2021-04-19,3198.84,1029.46,431.96
2021-04-20,3220.7,1031.88,434.6
2021-04-21,3171.66,1022.22,426.75
2021-04-22,3177.52,1025.71,427.37
2021-04-23,3186.1,1026.82,428.34
2021-04-26,3217.53,1030.06,432.36
2021-04-27,3215.42,1021.01,432.14
2021-04-28,3181.47,998.27,427.48
2021-04-29,3174.07,990.69,426.28
2021-04-30,3147.86,983.45,422.36
2021-05-03,3127.2,961.81,420.36
2021-05-04,3147.37,967.2,423.57
2021-05-06,3178.74,969.99,426.64
2021-05-07,3197.2,978.3,428.56
2021-05-10,3249.3,992.8,435.63
2021-05-11,3209.43,978.61,428.77
2021-05-12,3161.66,967.1,421.86
2021-05-13,3122.11,951.77,416.07
2021-05-14,3153.32,966.72,420.17
2021-05-17,3134.52,962.5,418.27
2021-05-18,3173.05,969.1,423.09
2021-05-20,3162.28,971.13,421.68
2021-05-21,3156.42,965.63,422.08
2021-05-24,3144.3,948.37,420.57
2021-05-25,3171.32,962.07,424.35
2021-05-26,3168.43,966.06,423.54
2021-05-27,3165.51,974.08,423.0
2021-05-28,3188.73,977.46,425.95
2021-05-31,3203.92,981.78,427.91
2021-06-01,3221.87,984.59,430.32
2021-06-02,3224.23,981.1,430.15
2021-06-03,3247.43,990.19,433.87
2021-06-04,3240.08,987.58,432.22
2021-06-07,3252.12,985.86,433.26
2021-06-08,3247.83,986.12,432.88
2021-06-09,3216.18,978.79,428.16
2021-06-10,3224.64,987.77,429.35
2021-06-11,3249.32,991.13,432.78
2021-06-14,3252.13,997.41,433.22
2021-06-15,3258.63,997.37,434.13
2021-06-16,3278.68,998.49,436.96
2021-06-17,3264.96,1003.72,434.73
2021-06-18,3267.93,1015.88,435.02
2021-06-21,3240.79,1010.99,431.46
2021-06-22,3263.88,1011.56,434.42
2021-06-23,3276.19,1016.46,436.73
2021-06-24,3286.1,1012.62,438.38
2021-06-25,3302.84,1012.13,440.4
2021-06-28,3301.89,1017.91,439.98
2021-06-29,3286.68,1022.52,437.54
2021-06-30,3296.68,1029.96,438.84
2021-07-01,3282.06,1035.64,436.34
2021-07-02,3281.78,1038.18,436.0
2021-07-05,3293.21,1047.33,437.66
2021-07-06,3305.21,1044.96,439.5
2021-07-07,3285.34,1047.36,436.97
2021-07-08,3252.68,1034.48,432.63
2021-07-09,3217.95,1028.93,427.84
2021-07-12,3246.47,1034.64,431.28
2021-07-13,3271.38,1043.31,434.71
2021-07-14,3264.81,1044.98,433.57
2021-07-15,3286.22,1054.31,436.76
2021-07-16,3276.91,1051.98,434.82
2021-07-19,3244.04,1049.83,429.89
2021-07-20,3232.7,1043.64,428.55
2021-07-21,3215.91,1042.03,426.0
2021-07-22,3250.21,1050.25,431.38
2021-07-23,3254.42,1055.5,431.55
2021-07-26,3224.95,1047.63,427.47
2021-07-27,3232.53,1046.55,428.22
2021-07-28,3236.86,1035.68,429.15
2021-07-29,3242.65,1044.13,429.49
2021-07-30,3202.32,1031.14,423.91
2021-08-02,3223.04,1037.8,426.79
2021-08-03,3237.14,1036.11,429.98
2021-08-04,3280.38,1047.93,436.05
2021-08-05,3276.13,1059.54,434.74
2021-08-06,3270.36,1059.8,433.29
2021-08-09,3260.42,1060.0,431.65
2021-08-10,3243.19,1052.07,428.56
2021-08-11,3220.62,1051.92,424.74
2021-08-12,3208.38,1054.09,422.38
2021-08-13,3171.29,1040.78,416.06
2021-08-17,3143.09,1011.05,411.31
2021-08-18,3158.93,1021.08,413.36
2021-08-19,3097.83,991.15,404.96
2021-08-20,3060.51,967.9,400.78
2021-08-23,3090.21,993.18,404.58
2021-08-24,3138.3,1013.18,412.48
2021-08-25,3146.81,1017.78,413.95
2021-08-26,3128.53,1020.44,410.38
2021-08-27,3133.9,1023.51,410.24
2021-08-30,3144.19,1031.84,411.5
2021-08-31,3199.27,1038.33,419.79
2021-09-01,3207.02,1045.98,419.92
2021-09-02,3175.85,1047.19,415.89
2021-09-03,3201.06,1053.85,419.22
2021-09-06,3203.33,1052.96,420.37
2021-09-07,3187.42,1054.43,417.8
2021-09-08,3162.99,1037.22,414.54
2021-09-09,3114.7,1034.62,407.28
2021-09-10,3125.76,1037.91,408.7
2021-09-13,3127.86,1026.34,409.7
2021-09-14,3148.83,1037.74,412.36
2021-09-15,3153.4,1042.79,412.85
2021-09-16,3130.09,1039.43,409.22
2021-09-17,3140.51,1046.12,410.99
2021-09-23,3127.58,1036.26,410.46
2021-09-24,3125.24,1037.03,409.84
2021-09-27,3133.64,1034.82,410.97
2021-09-28,3097.92,1012.51,406.2
2021-09-29,3060.27,1001.46,400.09
2021-09-30,3068.82,1003.27,401.3
2021-10-01,3019.18,983.2,394.79
2021-10-05,2962.17,955.37,388.01
2021-10-06,2908.31,922.36,381.93
2021-10-07,2959.46,953.43,388.14
2021-10-08,2956.3,953.11,387.42
2021-10-12,2916.38,940.15,380.69
2021-10-13,2944.41,953.47,384.1
2021-10-14,2988.64,983.43,389.59
2021-10-15,3015.06,990.54,393.19
2021-10-18,3006.68,993.86,392.02
2021-10-19,3029.04,1005.35,395.41
2021-10-20,3013.13,1001.62,393.74
2021-10-21,3007.33,993.7,393.18
2021-10-22,3006.16,995.07,393.34
2021-10-25,3020.54,994.31,395.01
2021-10-26,3049.08,1011.76,399.07
2021-10-27,3025.49,1008.95,395.48
2021-10-28,3009.55,1000.13,393.89
2021-10-29,2970.68,992.33,388.47
2021-11-01,2978.94,998.57,389.81
2021-11-02,3013.49,1009.44,394.82
2021-11-03,2975.71,1005.0,389.48
2021-11-04,2983.22,1001.43,391.54
2021-11-05,2969.27,1001.35,389.86
2021-11-08,2960.2,1002.5,389.59
2021-11-09,2962.46,1008.68,390.36
2021-11-10,2930.17,987.75,386.24
2021-11-11,2924.92,992.65,385.97
2021-11-12,2968.8,1009.07,390.38
2021-11-15,2999.52,1029.03,394.36
2021-11-16,2997.21,1035.46,394.07
2021-11-17,2962.42,1031.26,389.44
2021-11-18,2947.38,1032.77,387.44
2021-11-19,2971.02,1041.92,390.53
2021-11-22,3013.25,1032.31,399.07
2021-11-23,2997.33,1013.72,396.44
2021-11-24,2994.29,1020.13,395.4
2021-11-25,2980.27,1015.66,391.93
2021-11-26,2936.44,1005.89,385.07
2021-11-29,2909.32,992.34,381.63
2021-11-30,2839.01,965.63,373.24
2021-12-01,2899.72,977.15,383.13
2021-12-02,2945.27,977.43,389.64
2021-12-03,2968.33,998.47,391.96
2021-12-06,2973.25,991.87,392.85
2021-12-07,2991.72,996.64,396.31
2021-12-08,3001.8,1006.04,397.27
2021-12-09,3029.57,1022.87,401.13
2021-12-10,3010.23,1011.57,397.97
2021-12-13,3001.66,1005.96,397.27
2021-12-14,2987.95,1002.81,395.41
2021-12-15,2989.39,1003.52,395.66
2021-12-16,3006.41,1007.86,397.68
2021-12-17,3017.73,1001.26,398.96
2021-12-20,2963.0,990.51,391.37
2021-12-21,2975.03,996.6,393.95
2021-12-22,2984.48,1000.13,396.07
2021-12-23,2998.17,1003.31,398.15
2021-12-24,3012.43,1007.42,400.53
2021-12-27,2999.55,1011.36,398.61
2021-12-28,3020.24,1027.44,401.21
2021-12-29,2993.29,1028.05,396.72
2021-12-30,2977.65,1033.98,394.19
2022-01-03,2988.77,1037.83,395.51
2022-01-04,2989.24,1031.66,395.4
2022-01-05,2953.97,1009.62,390.39
2022-01-06,2920.53,980.3,386.22
2022-01-07,2954.89,995.16,390.85
2022-01-10,2926.72,980.38,387.52
2022-01-11,2927.38,969.92,388.97
2022-01-12,2972.48,991.33,394.66
2022-01-13,2962.09,983.25,393.0
2022-01-14,2921.92,971.39,387.45
2022-01-17,2890.1,957.9,383.81
2022-01-18,2864.24,943.94,381.01
2022-01-19,2842.28,933.9,378.21
2022-01-20,2862.68,958.7,380.39
2022-01-21,2834.29,942.85,376.08
2022-01-24,2792.0,915.4,371.3
2022-01-25,2720.39,889.44,362.39
2022-01-26,2709.24,882.09,360.83
2022-01-27,2614.49,849.23,348.58
2022-01-28,2663.34,872.87,357.98
2022-02-03,2707.82,891.6,361.6
2022-02-04,2750.26,902.87,366.34
2022-02-07,2745.06,899.4,362.92
2022-02-08,2746.47,895.27,363.48
2022-02-09,2768.85,910.53,368.65
2022-02-10,2771.93,895.68,371.57
2022-02-11,2747.71,877.42,368.61
2022-02-14,2704.48,852.79,362.98
2022-02-15,2676.54,839.92,360.43
2022-02-16,2729.68,878.15,367.3
2022-02-17,2744.09,874.22,369.55
2022-02-18,2744.52,881.71,368.55
2022-02-21,2743.8,884.25,368.29
2022-02-22,2706.79,868.11,363.51
2022-02-23,2719.53,877.33,364.44
2022-02-24,2648.8,848.21,355.04
2022-02-25,2676.76,872.98,358.44
2022-02-28,2699.18,881.07,361.54
2022-03-02,2703.52,895.45,360.59
2022-03-03,2747.08,912.32,367.06
2022-03-04,2713.43,900.96,361.69
2022-03-07,2651.31,881.54,353.03
2022-03-08,2622.4,870.14,349.38
2022-03-10,2680.32,889.08,358.01
2022-03-11,2661.28,891.71,355.31
2022-03-14,2645.65,872.44,354.61
2022-03-15,2621.53,871.22,351.03
2022-03-16,2659.23,891.8,356.09
2022-03-17,2694.51,914.13,361.46
2022-03-18,2707.02,922.96,362.33
2022-03-21,2686.05,918.4,358.77
2022-03-22,2710.0,924.67,361.66
2022-03-23,2735.05,930.57,364.84
2022-03-24,2729.66,931.75,363.38
2022-03-25,2729.98,934.69,362.06
2022-03-28,2729.56,927.11,362.06
2022-03-29,2741.07,937.83,363.77
2022-03-30,2746.74,939.07,364.5
2022-03-31,2757.65,944.53,365.61
2022-04-01,2739.85,940.57,363.19
2022-04-04,2757.9,947.32,364.94
2022-04-05,2759.2,952.47,364.74
2022-04-06,2735.03,943.13,361.01
2022-04-07,2695.86,927.95,355.73
2022-04-08,2700.39,934.73,356.01
2022-04-11,2693.1,921.83,355.78
2022-04-12,2666.76,913.82,352.32
2022-04-13,2716.49,927.31,359.0
2022-04-14,2716.71,928.01,357.38
2022-04-15,2696.06,924.44,353.84
2022-04-18,2693.21,918.23,353.63
2022-04-19,2718.89,931.56,357.36
2022-04-20,2718.69,928.93,357.52
2022-04-21,2728.21,929.68,359.02
2022-04-22,2704.71,922.78,355.43
2022-04-25,2657.13,899.84,348.98
2022-04-26,2668.31,911.16,350.67
2022-04-27,2639.06,896.18,346.21
2022-04-28,2667.49,892.22,350.16
2022-04-29,2695.05,904.75,355.08
2022-05-02,2687.45,901.82,354.02
2022-05-03,2680.46,907.57,353.32
2022-05-04,2677.57,900.06,353.85
2022-05-06,2644.51,884.22,349.0
2022-05-09,2610.81,860.84,345.41
2022-05-10,2596.56,856.14,343.67
2022-05-11,2592.27,866.34,343.44
2022-05-12,2550.08,833.66,337.94
2022-05-13,2604.24,853.08,345.5
2022-05-16,2596.58,856.25,343.94
2022-05-17,2620.44,865.98,347.53
2022-05-18,2625.98,871.57,348.34
2022-05-19,2592.34,863.8,343.24
2022-05-20,2639.29,879.88,349.29
2022-05-23,2647.38,883.59,350.34
2022-05-24,2605.87,865.07,344.08
2022-05-25,2617.22,872.69,345.6
2022-05-26,2612.45,871.43,344.26
2022-05-27,2638.05,873.97,348.04
2022-05-30,2669.66,886.44,352.49
2022-05-31,2685.9,893.36,354.54
2022-06-02,2658.99,891.14,350.51
2022-06-03,2670.65,891.51,352.01
2022-06-07,2626.34,873.78,345.67
2022-06-08,2626.15,874.95,346.22
2022-06-09,2625.44,877.18,346.62
2022-06-10,2595.87,869.86,341.89
2022-06-13,2504.51,828.77,329.88
2022-06-14,2492.97,823.58,328.23
2022-06-15,2447.38,799.41,322.21
2022-06-16,2451.41,802.15,322.25
2022-06-17,2440.93,798.69,320.09
2022-06-20,2391.03,769.92,314.44
2022-06-21,2408.93,778.3,316.38
2022-06-22,2342.81,746.96,308.08
2022-06-23,2314.32,714.38,305.45
2022-06-24,2366.6,750.3,312.07
2022-06-27,2401.92,770.6,316.2
2022-06-28,2422.09,769.51,319.11
2022-06-29,2377.99,762.35,312.86
2022-06-30,2332.64,745.44,307.2
2022-07-01,2305.42,729.48,304.02
2022-07-04,2300.34,722.73,304.01
2022-07-05,2341.78,750.95,309.03
2022-07-06,2292.01,744.63,302.28
2022-07-07,2334.27,757.97,308.31
2022-07-08,2350.61,766.48,310.15
2022-07-11,2340.27,767.04,308.29
2022-07-12,2317.76,750.78,305.03
2022-07-13,2328.61,763.18,306.59
2022-07-14,2322.32,766.08,305.35
2022-07-15,2330.98,762.39,307.91
2022-07-18,2375.25,776.72,314.87
2022-07-19,2370.97,782.33,313.9
2022-07-20,2386.85,790.72,316.02
2022-07-21,2409.16,795.15,319.68
2022-07-22,2393.14,789.75,317.33
2022-07-25,2403.69,789.69,318.34
2022-07-26,2412.96,789.93,319.61
2022-07-27,2415.53,795.7,319.74
2022-07-28,2435.27,798.32,321.62
2022-07-29,2451.5,803.62,323.31
2022-08-01,2452.25,807.61,322.97
2022-08-02,2439.62,804.34,321.64
2022-08-03,2461.45,815.36,323.8
2022-08-04,2473.11,825.16,325.47
2022-08-05,2490.8,831.64,327.5
2022-08-08,2493.1,830.86,327.23
2022-08-09,2503.46,833.65,328.11
2022-08-10,2480.88,820.27,324.35
2022-08-11,2523.78,832.15,329.92
2022-08-12,2527.94,831.63,330.67
2022-08-16,2533.52,834.74,331.78
2022-08-17,2516.47,827.42,329.91
2022-08-18,2508.05,826.06,328.8
2022-08-19,2492.69,814.17,326.79
2022-08-22,2462.5,795.87,322.77
2022-08-23,2435.34,783.42,318.69
2022-08-24,2447.45,793.14,319.86
2022-08-25,2477.26,807.37,323.63
2022-08-26,2481.03,802.45,323.91
2022-08-29,2426.89,779.89,316.35
2022-08-30,2450.93,797.02,319.49
2022-08-31,2472.05,807.04,322.96
2022-09-01,2415.61,788.32,315.02
2022-09-02,2409.41,785.88,312.92
2022-09-05,2403.68,771.43,312.47
2022-09-06,2410.02,779.46,313.01
2022-09-07,2376.46,768.19,308.16
2022-09-08,2384.28,777.81,309.12
2022-09-13,2449.54,796.79,318.56
2022-09-14,2411.42,782.93,312.74
2022-09-15,2401.83,781.38,310.63
2022-09-16,2382.78,770.04,308.69
2022-09-19,2355.66,751.91,306.49
2022-09-20,2367.85,760.35,307.54
2022-09-21,2347.21,754.89,304.67
2022-09-22,2332.31,751.41,301.65
2022-09-23,2290.0,729.36,297.74
2022-09-26,2220.94,692.37,289.77
2022-09-27,2223.86,698.11,290.2
2022-09-28,2169.29,673.87,283.19
2022-09-29,2170.93,675.07,282.65
2022-09-30,2155.49,672.65,281.36
2022-10-04,2209.38,696.79,288.27
2022-10-05,2215.22,685.34,289.05
2022-10-06,2237.86,706.01,291.26
2022-10-07,2232.84,698.49,290.41
2022-10-11,2192.07,669.5,284.96
2022-10-12,2202.47,671.67,287.09
2022-10-13,2162.87,651.59,282.57
2022-10-14,2212.55,678.24,289.36
2022-10-17,2219.71,682.0,289.57
2022-10-18,2249.95,697.09,293.59
2022-10-19,2237.44,690.56,291.29
2022-10-20,2218.09,680.44,288.61
2022-10-21,2213.12,674.48,288.57
2022-10-24,2236.16,688.5,291.47
2022-10-25,2235.07,688.85,291.58
2022-10-26,2249.56,683.17,293.85
2022-10-27,2288.78,695.09,298.82
2022-10-28,2268.4,687.63,295.06
2022-10-31,2293.61,695.33,299.58
2022-11-01,2335.22,700.05,303.88
2022-11-02,2336.87,697.37,303.87
2022-11-03,2329.17,694.13,301.66
2022-11-04,2348.43,693.89,304.33
2022-11-07,2371.79,700.48,307.87
2022-11-08,2399.04,713.33,312.01
2022-11-09,2424.41,714.6,315.23
2022-11-10,2402.23,707.78,311.13
2022-11-11,2483.16,731.22,323.09
2022-11-14,2474.65,729.54,321.53
2022-11-15,2480.33,744.96,322.31
2022-11-16,2477.45,743.1,321.96
2022-11-17,2442.9,737.54,316.75
2022-11-18,2444.48,731.92,317.12
2022-11-21,2419.5,718.57,314.67
2022-11-22,2405.27,712.26,312.02
2022-11-23,2418.01,725.59,314.11
2022-11-24,2441.33,738.22,317.3
2022-11-25,2437.86,733.56,316.07
2022-11-28,2408.27,717.9,312.21
2022-11-29,2433.39,727.54,315.58
2022-11-30,2472.53,729.54,321.0
2022-12-01,2479.84,740.6,322.02
2022-12-02,2434.33,732.95,315.02
2022-12-05,2419.32,733.32,313.91
2022-12-06,2393.16,719.44,310.14
2022-12-07,2382.81,718.14,308.27
2022-12-08,2371.08,712.52,308.24
2022-12-09,2389.04,719.49,311.63
2022-12-12,2373.02,715.22,309.64
2022-12-13,2372.4,715.16,309.56
2022-12-14,2399.25,729.0,313.23
2022-12-15,2360.97,722.68,307.73
2022-12-16,2360.02,717.41,307.48
2022-12-19,2352.17,717.22,306.77
2022-12-20,2333.29,703.13,304.05
2022-12-21,2328.95,705.7,303.23
2022-12-22,2356.73,715.02,307.48
2022-12-23,2313.69,691.25,302.07
2022-12-26,2317.14,694.68,302.27
2022-12-27,2332.79,704.19,304.22
2022-12-28,2280.45,692.37,297.09
2022-12-29,2236.4,679.29,291.1
2023-01-02,2225.67,671.51,289.79
2023-01-03,2218.68,674.95,289.58
2023-01-04,2255.98,683.67,295.98
2023-01-05,2264.65,679.92,297.87
2023-01-06,2289.97,688.94,301.53
2023-01-09,2350.19,701.21,309.69
2023-01-10,2351.31,696.05,309.57
2023-01-11,2359.53,709.77,310.38
2023-01-12,2365.1,710.82,310.7
2023-01-13,2386.09,711.82,313.77
2023-01-16,2399.86,716.89,316.04
2023-01-17,2379.39,709.71,313.75
2023-01-18,2368.32,711.75,311.91
2023-01-19,2380.34,712.89,313.81
2023-01-20,2395.26,717.97,315.58
2023-01-25,2428.57,732.35,320.76
2023-01-26,2468.65,738.94,325.57
2023-01-27,2484.02,741.25,327.98
2023-01-30,2450.47,738.62,322.67
2023-01-31,2425.08,740.49,317.26
2023-02-01,2449.8,750.96,321.19
2023-02-02,2468.88,764.62,323.93
2023-02-03,2480.4,766.79,325.86
2023-02-06,2438.19,761.33,318.83
2023-02-07,2451.71,772.79,320.55
2023-02-08,2483.64,779.98,325.63
2023-02-09,2481.52,784.58,324.9
2023-02-10,2469.73,772.44,323.69
2023-02-13,2452.7,772.55,321.75
2023-02-14,2465.64,779.58,323.47
2023-02-15,2427.9,765.46,317.99
2023-02-16,2475.48,784.71,324.1
2023-02-17,2451.21,775.62,320.78
2023-02-20,2455.12,788.89,321.79
2023-02-21,2458.96,793.42,321.56
2023-02-22,2417.68,778.51,315.94
2023-02-23,2439.09,783.28,319.44
2023-02-24,2423.61,778.88,316.94
2023-02-27,2402.64,780.3,313.94
2023-02-28,2412.85,791.6,314.8
2023-03-02,2427.85,787.19,316.26
2023-03-03,2432.07,802.42,316.36
2023-03-06,2462.62,816.51,320.94
2023-03-07,2463.35,815.76,319.8
2023-03-08,2431.91,813.95,315.38
2023-03-09,2419.09,809.22,314.04
2023-03-10,2394.59,788.6,310.65
2023-03-13,2410.6,788.89,313.21
2023-03-14,2348.97,758.05,305.58
2023-03-15,2379.72,781.17,309.1
2023-03-16,2377.91,781.98,308.39
2023-03-17,2395.69,797.39,312.07
2023-03-20,2379.2,802.2,309.49
2023-03-21,2388.35,802.53,310.36
2023-03-22,2416.96,813.43,314.11
2023-03-23,2424.48,812.19,315.75
2023-03-24,2414.96,824.11,314.3
2023-03-27,2409.22,827.69,312.85
2023-03-28,2434.94,833.51,316.36
2023-03-29,2443.92,843.94,317.01
2023-03-30,2453.16,850.48,318.05
2023-03-31,2476.86,847.52,322.03
2023-04-03,2472.34,854.96,320.38
2023-04-04,2480.51,857.18,321.75
2023-04-05,2495.21,872.36,323.56
2023-04-06,2459.23,865.58,317.82
2023-04-07,2490.41,880.07,323.36
2023-04-10,2512.08,887.78,326.38
2023-04-11,2547.86,898.94,330.87
2023-04-12,2550.64,890.62,332.09
2023-04-13,2561.66,894.25,333.09
2023-04-14,2571.49,903.84,333.68
2023-04-17,2575.91,909.5,333.92
2023-04-18,2571.09,909.02,333.5
2023-04-19,2575.08,909.2,333.77
2023-04-20,2563.11,885.71,332.66
2023-04-21,2544.4,868.82,330.94
2023-04-24,2523.5,855.23,328.7
2023-04-25,2489.02,838.71,324.48
2023-04-26,2484.83,830.44,323.97
2023-04-27,2495.81,850.21,325.09
2023-04-28,2501.53,842.83,326.46
2023-05-02,2524.39,855.61,329.09
2023-05-03,2501.4,843.18,326.52
2023-05-04,2500.94,845.06,326.17
2023-05-08,2513.21,842.28,328.9
2023-05-09,2510.06,835.85,328.22
2023-05-10,2496.51,829.74,326.04
2023-05-11,2491.0,824.54,325.28
2023-05-12,2475.42,822.43,323.61
2023-05-15,2479.35,814.53,324.46
2023-05-16,2480.24,816.75,325.31
2023-05-17,2494.66,834.19,326.61
2023-05-18,2515.4,835.89,329.84
2023-05-19,2537.79,841.72,334.23
2023-05-22,2557.08,852.04,336.27
2023-05-23,2567.55,859.16,337.09
2023-05-24,2567.45,855.46,336.49
2023-05-25,2554.69,847.72,335.35
2023-05-26,2558.81,843.23,337.11
2023-05-30,2585.52,851.5,341.5
2023-05-31,2577.12,856.94,339.12
2023-06-01,2569.17,863.78,338.08
2023-06-02,2601.36,868.06,342.67
2023-06-05,2615.41,870.28,343.91
2023-06-07,2615.6,880.72,343.22
2023-06-08,2610.85,876.13,342.75
2023-06-09,2641.16,883.71,346.79
2023-06-12,2629.35,885.76,344.57
2023-06-13,2637.95,896.81,346.39
2023-06-14,2619.08,871.83,344.65
2023-06-15,2608.54,878.04,343.19
2023-06-16,2625.79,887.95,345.17
2023-06-19,2609.5,888.61,343.13
2023-06-20,2604.91,886.41,342.58
2023-06-21,2582.63,875.7,339.44
2023-06-22,2593.7,876.38,341.12
2023-06-23,2570.1,874.84,338.45
2023-06-26,2582.2,879.5,340.38
2023-06-27,2581.39,874.14,340.32
2023-06-28,2564.19,866.97,338.41
2023-06-29,2550.02,861.79,336.39
2023-06-30,2564.28,868.24,337.95
2023-07-03,2602.47,889.29,343.08
2023-07-04,2593.31,890.0,341.59
2023-07-05,2579.0,891.18,339.04
2023-07-06,2556.29,870.53,336.2
2023-07-07,2526.71,867.27,331.57
2023-07-10,2520.7,860.35,330.84
2023-07-11,2562.49,878.73,337.02
2023-07-12,2574.72,879.88,339.46
2023-07-13,2591.23,893.07,341.13
2023-07-14,2628.3,896.28,346.93
2023-07-17,2619.0,898.29,345.75
2023-07-18,2607.62,914.14,343.38
2023-07-19,2608.24,923.72,343.11
2023-07-20,2600.23,931.6,341.67
2023-07-21,2609.76,934.58,342.39
2023-07-24,2628.53,929.9,344.32
2023-07-25,2636.46,939.96,344.92
2023-07-26,2592.36,900.63,340.56
2023-07-27,2603.81,883.79,344.76
2023-07-28,2608.32,913.74,344.03
2023-07-31,2632.58,935.97,345.62
2023-08-01,2667.07,939.67,351.0
2023-08-02,2616.47,909.76,343.8
2023-08-03,2605.39,920.32,341.54
2023-08-04,2602.8,918.43,341.25
2023-08-07,2580.71,898.22,339.68
2023-08-08,2573.98,892.34,337.95
2023-08-09,2605.12,908.98,341.61
2023-08-10,2601.56,911.29,340.46
2023-08-11,2591.26,912.2,338.98
2023-08-14,2570.87,901.68,336.33
2023-08-16,2525.64,878.29,331.28
2023-08-17,2519.85,886.04,330.23
2023-08-18,2504.5,877.32,328.42
2023-08-21,2508.8,888.71,328.84
2023-08-22,2515.74,893.33,329.7
2023-08-23,2505.5,882.87,329.15
2023-08-24,2537.68,901.74,333.82
2023-08-25,2519.14,899.38,330.25
2023-08-28,2543.41,909.38,332.53
2023-08-29,2552.16,916.24,333.76
2023-08-30,2561.22,923.81,334.94
2023-08-31,2556.27,928.4,334.75
2023-09-01,2563.71,919.74,338.28
2023-09-04,2584.55,919.16,341.02
2023-09-05,2582.18,921.48,340.29
2023-09-06,2563.34,917.95,337.85
2023-09-07,2548.26,906.36,336.74
2023-09-08,2547.68,914.18,336.4
2023-09-11,2556.88,912.55,337.58
2023-09-12,2536.58,898.04,335.54
2023-09-13,2534.7,882.72,335.99
2023-09-14,2572.89,899.47,341.19
2023-09-15,2601.28,899.03,344.98
2023-09-18,2574.72,891.29,340.67
2023-09-19,2559.21,883.89,338.82
2023-09-20,2559.74,882.72,338.75
2023-09-21,2514.97,860.68,333.04
2023-09-22,2508.13,857.35,332.02
2023-09-25,2495.76,839.17,331.58
2023-09-26,2462.97,827.82,326.9
2023-09-27,2465.07,841.02,326.71
2023-10-04,2405.69,807.4,319.45
2023-10-05,2403.6,801.02,318.58
2023-10-06,2408.73,816.39,318.94
2023-10-10,2402.58,795.0,319.11
2023-10-11,2450.08,817.12,324.74
2023-10-12,2479.82,835.49,328.85
2023-10-13,2456.15,822.78,325.77
2023-10-16,2436.24,810.54,323.29
2023-10-17,2460.17,820.38,327.35
2023-10-18,2462.6,808.89,328.82
2023-10-19,2415.8,784.04,322.76
2023-10-20,2375.0,769.25,317.96
2023-10-23,2357.02,763.69,315.5
2023-10-24,2383.51,784.86,318.43
2023-10-25,2363.17,770.84,316.49
2023-10-26,2299.08,743.85,307.75
2023-10-27,2302.81,748.49,308.53
2023-10-30,2310.55,757.12,308.95
2023-10-31,2277.99,736.1,305.56
2023-11-01,2301.56,739.23,309.71
2023-11-02,2343.12,772.84,315.16
2023-11-03,2368.34,782.05,318.24
2023-11-06,2502.37,839.45,334.16
2023-11-07,2443.96,824.37,327.29
2023-11-08,2421.62,811.02,324.0
2023-11-09,2427.08,802.87,325.29
2023-11-10,2409.66,789.31,323.75
2023-11-13,2403.76,774.42,323.31
2023-11-14,2433.25,794.19,326.57
2023-11-15,2486.67,809.36,333.96
2023-11-16,2488.18,811.11,334.31
2023-11-17,2469.85,799.06,332.06
2023-11-20,2491.2,813.08,334.23
2023-11-21,2510.42,817.01,336.57
2023-11-22,2511.7,814.61,336.81
2023-11-23,2514.96,815.98,336.91
2023-11-24,2496.63,815.0,334.0
2023-11-27,2495.66,810.25,333.67
2023-11-28,2521.76,816.44,337.52
2023-11-29,2519.81,822.44,336.62
2023-11-30,2535.29,831.68,338.43
2023-12-01,2505.01,827.24,334.8
2023-12-04,2514.95,828.52,336.14
2023-12-05,2494.28,813.38,332.85
2023-12-06,2495.38,819.54,333.45
2023-12-07,2492.07,813.2,332.67
2023-12-08,2517.85,830.37,336.6
2023-12-11,2525.36,835.25,337.93
2023-12-12,2535.27,839.53,339.77
2023-12-13,2510.66,829.31,336.68
2023-12-14,2544.18,840.59,341.33
2023-12-15,2563.56,838.31,343.99
2023-12-18,2566.86,850.96,343.5
2023-12-19,2568.55,858.3,343.95
2023-12-20,2614.3,862.98,350.11
2023-12-21,2600.02,859.44,348.78
2023-12-22,2599.51,854.62,349.15
2023-12-26,2602.59,848.34,350.43
2023-12-27,2613.5,859.79,352.46
2023-12-28,2655.28,866.57,357.99
2024-01-02,2669.81,878.93,360.55
2024-01-03,2607.31,871.57,351.2
2024-01-04,2587.02,866.25,348.07
2024-01-05,2578.08,878.33,347.22
2024-01-08,2567.82,879.34,345.58
2024-01-09,2561.24,884.64,343.81
2024-01-10,2541.98,875.46,340.66
2024-01-11,2540.27,882.53,340.28
2024-01-12,2525.05,868.08,338.22
2024-01-15,2525.99,859.71,339.24
2024-01-16,2497.59,854.83,334.73
2024-01-17,2435.9,833.05,326.11
2024-01-18,2440.04,840.33,327.13
2024-01-19,2472.74,842.67,332.99
2024-01-22,2464.35,839.69,332.63
2024-01-23,2478.61,840.11,334.97
2024-01-24,2469.69,836.21,333.27
2024-01-25,2470.34,823.74,333.8
2024-01-26,2478.56,837.24,334.21
2024-01-29,2500.65,819.14,337.84
2024-01-30,2498.81,818.86,337.48
2024-01-31,2497.09,799.24,336.24
2024-02-01,2542.46,798.73,342.41
2024-02-02,2615.31,814.77,353.43
2024-02-05,2591.31,807.99,349.15
2024-02-06,2576.2,807.03,347.8
2024-02-07,2609.58,811.92,352.25
2024-02-08,2620.32,826.58,353.29
2024-02-13,2649.64,845.15,357.38
2024-02-14,2620.42,853.3,352.69
2024-02-15,2613.8,859.21,351.21
2024-02-16,2648.76,857.6,355.52
2024-02-19,2680.26,858.47,360.88
2024-02-20,2657.79,866.17,356.92
2024-02-21,2653.31,864.07,356.04
2024-02-22,2664.27,870.11,357.67
2024-02-23,2667.7,868.57,358.57
2024-02-26,2647.08,867.4,355.48
2024-02-27,2625.05,853.75,352.76
2024-02-28,2652.29,863.39,356.79
2024-02-29,2642.36,862.96,355.57
2024-03-04,2674.27,872.97,361.1
2024-03-05,2649.4,866.37,357.59
2024-03-06,2641.49,870.67,356.25
2024-03-07,2647.62,863.37,356.82
2024-03-08,2680.35,873.18,361.71
2024-03-11,2659.84,875.93,358.34
2024-03-12,2681.81,889.71,361.11
2024-03-13,2693.57,889.93,363.04
2024-03-14,2718.76,887.52,366.68
2024-03-15,2666.84,880.46,359.39
2024-03-18,2685.84,894.48,361.31
2024-03-19,2656.17,891.91,357.33
2024-03-20,2690.14,891.45,363.32
2024-03-21,2754.86,904.29,373.66
2024-03-22,2748.56,903.98,372.65
2024-03-25,2737.57,913.69,370.73
2024-03-26,2757.09,916.09,374.6
2024-03-27,2755.11,911.25,374.08
2024-03-28,2745.82,910.05,373.22
2024-03-29,2746.63,905.5,374.63
2024-04-01,2747.86,912.45,374.28
2024-04-02,2753.16,891.59,376.34
2024-04-03,2706.97,879.96,369.72
2024-04-04,2742.0,882.9,375.61
2024-04-05,2714.21,872.29,371.57
2024-04-08,2717.65,860.57,372.51
2024-04-09,2705.16,859.33,370.27
2024-04-11,2706.96,858.1,370.72
2024-04-12,2681.82,860.47,367.25
2024-04-15,2670.43,852.42,365.31
2024-04-16,2609.63,832.81,356.67
2024-04-17,2584.18,833.03,352.79
2024-04-18,2634.7,855.65,359.06
2024-04-19,2591.86,841.91,352.58
2024-04-22,2629.44,845.82,356.89
2024-04-23,2623.02,845.44,355.98
2024-04-24,2675.75,862.23,363.6
2024-04-25,2628.62,853.26,356.51
2024-04-26,2656.33,856.82,361.02
2024-04-29,2687.44,869.72,364.48
2024-04-30,2692.06,868.93,365.13
2024-05-02,2683.65,867.48,364.31
2024-05-03,2676.63,865.59,363.58
2024-05-07,2734.36,871.26,372.8
2024-05-08,2745.05,872.42,374.09
2024-05-09,2712.14,870.15,368.83
2024-05-10,2727.63,864.16,371.08
2024-05-13,2727.21,854.43,370.99
2024-05-14,2730.34,862.15,371.04
2024-05-16,2753.0,870.37,374.6
2024-05-17,2724.62,855.06,370.58
2024-05-20,2742.14,847.08,373.68
2024-05-21,2724.18,846.51,371.55
2024-05-22,2723.46,845.72,371.41
2024-05-23,2721.81,846.58,371.62
2024-05-24,2687.6,839.41,366.08
2024-05-27,2722.99,847.99,371.16
2024-05-28,2722.85,851.01,371.33
2024-05-29,2677.3,838.45,364.96
2024-05-30,2635.44,831.99,358.7
2024-05-31,2636.52,839.98,358.21
2024-06-03,2682.52,844.72,365.48
2024-06-04,2662.1,845.84,362.52
2024-06-05,2689.5,850.75,366.44
2024-06-07,2722.67,866.18,371.39
2024-06-10,2701.17,864.71,367.46
2024-06-11,2705.32,868.36,367.71
2024-06-12,2728.17,870.67,371.12
2024-06-13,2754.89,871.33,374.75
2024-06-14,2758.42,862.19,376.0
2024-06-17,2744.1,858.96,373.86
2024-06-18,2763.92,858.95,377.73
2024-06-19,2797.33,861.17,383.01
2024-06-20,2807.63,857.51,384.78
2024-06-21,2784.26,852.67,380.88
2024-06-24,2764.73,841.52,378.39
2024-06-25,2774.39,841.99,379.85
2024-06-26,2792.05,842.12,383.01
2024-06-27,2784.06,838.65,382.27
2024-06-28,2797.82,840.44,384.02
2024-07-01,2804.31,847.15,384.34
2024-07-02,2780.86,829.91,381.2
2024-07-03,2794.01,836.1,383.23
2024-07-04,2824.94,840.81,388.53
2024-07-05,2862.23,847.49,395.47
2024-07-08,2857.76,859.27,394.47
2024-07-09,2867.38,860.42,395.79
2024-07-10,2867.99,858.55,395.6
2024-07-11,2891.35,852.42,398.52
2024-07-12,2857.0,850.37,392.29
2024-07-15,2860.92,852.88,393.84
2024-07-16,2866.09,839.61,395.31
2024-07-17,2843.29,829.41,391.55
2024-07-18,2824.35,822.48,389.0
2024-07-19,2795.46,828.72,383.89
2024-07-22,2763.51,809.96,379.84
2024-07-23,2774.29,812.12,381.65
2024-07-24,2758.71,814.25,378.66
2024-07-25,2710.65,797.29,371.26
2024-07-26,2731.9,797.56,374.2
2024-07-29,2765.53,807.99,378.73
2024-07-30,2738.19,803.78,374.87
2024-07-31,2770.69,803.15,380.49
2024-08-01,2777.68,813.53,380.54
2024-08-02,2676.19,779.33,365.17
2024-08-05,2441.55,691.28,331.86
2024-08-06,2522.15,732.87,341.73
2024-08-07,2568.41,748.54,349.09
2024-08-08,2556.73,745.28,346.7
2024-08-09,2588.43,764.43,351.52
2024-08-12,2618.3,772.72,355.61
2024-08-13,2621.5,764.86,357.02
2024-08-14,2644.5,776.83,360.39
2024-08-16,2697.23,786.33,369.11
2024-08-19,2674.36,777.47,365.52
2024-08-20,2696.63,787.44,368.99
2024-08-21,2701.13,779.87,368.22
2024-08-22,2707.67,773.47,369.1
2024-08-23,2701.69,773.26,367.91
2024-08-26,2698.01,766.79,366.31
2024-08-27,2689.25,764.95,364.56
2024-08-28,2689.83,762.5,365.28
2024-08-29,2662.28,756.04,360.1
2024-08-30,2674.31,767.66,361.55
2024-09-02,2681.0,769.21,362.09
2024-09-03,2664.63,760.37,358.8
2024-09-04,2580.8,731.75,346.66
2024-09-05,2575.5,725.28,345.92
2024-09-06,2544.28,706.59,342.37
2024-09-09,2535.93,714.46,340.18
2024-09-10,2523.43,706.2,338.48
2024-09-11,2513.37,709.42,335.65
2024-09-12,2572.09,731.03,343.85
2024-09-13,2575.41,733.2,343.69
2024-09-19,2580.8,739.51,343.28
2024-09-20,2593.37,748.33,344.67
2024-09-23,2602.01,755.12,345.78
2024-09-24,2631.68,767.35,349.61
2024-09-25,2596.32,759.3,344.56
2024-09-26,2671.57,779.18,356.44
2024-09-27,2649.78,774.49,353.93
2024-09-30,2593.27,763.88,344.76
2024-10-02,2561.69,762.13,340.72
2024-10-04,2569.71,768.98,341.74
2024-10-07,2610.38,781.01,347.34
2024-10-08,2594.36,778.24,344.23
2024-10-10,2599.16,775.48,345.21
2024-10-11,2596.91,770.98,345.45
2024-10-14,2623.29,770.26,349.74
2024-10-15,2633.45,773.81,351.07
2024-10-16,2610.36,765.79,347.26
2024-10-17,2609.3,765.06,347.73
2024-10-18,2593.82,753.22,345.42
2024-10-21,2604.92,759.95,346.62
2024-10-22,2570.7,738.34,342.09
2024-10-23,2599.62,745.19,346.27
2024-10-24,2581.03,734.59,342.88
2024-10-25,2583.27,727.41,343.37
2024-10-28,2612.43,740.48,347.27
2024-10-29,2617.8,744.18,348.28
2024-10-30,2593.79,738.19,345.0
2024-10-31,2556.15,743.06,339.32
2024-11-01,2542.36,729.05,337.49
2024-11-04,2588.97,754.08,343.6
2024-11-05,2576.88,751.81,341.47
2024-11-06,2563.51,743.31,340.61
2024-11-07,2564.63,733.52,340.87
2024-11-08,2561.15,743.38,339.71
2024-11-11,2531.66,728.84,334.64
2024-11-12,2482.57,710.52,327.31
2024-11-13,2417.08,689.65,318.84
2024-11-14,2418.86,681.56,317.7
2024-11-15,2416.86,685.42,320.53
2024-11-18,2469.07,689.55,328.44
2024-11-19,2471.95,686.12,328.11
2024-11-20,2482.29,682.91,329.02
2024-11-21,2480.63,680.67,329.49
2024-11-22,2501.24,677.01,332.36
2024-11-25,2534.34,696.83,336.63
2024-11-26,2520.36,693.15,335.6
2024-11-27,2503.06,692.0,332.32
2024-11-28,2504.67,694.39,331.45
2024-11-29,2455.91,678.19,325.45
2024-12-02,2454.48,675.84,325.34
2024-12-03,2500.1,690.8,331.44
2024-12-04,2464.0,677.15,326.59
2024-12-05,2441.85,670.94,323.87
2024-12-06,2428.16,661.33,322.07
2024-12-09,2360.58,627.01,313.74
2024-12-10,2417.84,661.59,320.79
2024-12-11,2442.51,675.92,323.86
2024-12-12,2482.12,683.35,329.04
2024-12-13,2494.46,693.73,330.49
2024-12-16,2488.97,698.53,329.61
2024-12-17,2456.81,694.47,325.25
2024-12-18,2484.43,697.57,329.72
2024-12-19,2435.93,684.36,322.38
2024-12-20,2404.15,668.31,318.33
2024-12-23,2442.01,679.24,322.98
2024-12-24,2440.52,680.11,323.39
2024-12-26,2429.67,675.64,321.45
2024-12-27,2404.77,665.97,319.03
2024-12-30,2399.49,678.19,317.82
2025-01-02,2398.94,686.63,317.77
2025-01-03,2441.92,705.76,324.0
2025-01-06,2488.64,717.96,331.52
2025-01-07,2492.1,718.29,330.89
2025-01-08,2521.05,719.63,334.95
2025-01-09,2521.9,723.52,335.4
2025-01-10,2515.78,717.89,334.55
2025-01-13,2489.56,708.21,330.31
2025-01-14,2497.4,718.04,330.74
2025-01-15,2496.81,711.61,330.97
2025-01-16,2527.49,724.24,335.73
2025-01-17,2523.55,724.69,335.09
2025-01-20,2520.05,727.66,333.94
2025-01-21,2518.03,726.07,334.44
2025-01-22,2547.06,732.31,338.76
2025-01-23,2515.49,724.01,334.5
2025-01-24,2536.8,728.74,336.74
2025-01-31,2517.37,728.29,333.36
2025-02-03,2453.95,703.8,324.55
2025-02-04,2481.69,719.92,328.72
2025-02-05,2509.27,730.98,332.47
2025-02-06,2536.75,740.32,336.53
2025-02-07,2521.92,742.9,333.89
2025-02-10,2521.27,749.67,334.5
2025-02-11,2539.05,749.59,336.67
2025-02-12,2548.39,745.18,337.23
2025-02-13,2583.17,749.28,341.06
2025-02-14,2591.05,756.32,342.76
2025-02-17,2610.42,768.48,345.11
2025-02-18,2626.81,773.65,347.84
2025-02-19,2671.52,778.27,354.53
2025-02-20,2654.06,768.27,352.15
2025-02-21,2654.58,774.65,351.92
2025-02-24,2645.27,773.33,349.9
2025-02-25,2630.29,769.43,347.54
2025-02-26,2641.09,771.41,349.31
2025-02-27,2621.75,770.85,346.45
2025-02-28,2532.78,743.96,334.27
2025-03-04,2528.92,737.9,334.02
2025-03-05,2558.13,746.95,337.08
2025-03-06,2576.16,734.92,340.31
2025-03-07,2563.48,727.7,338.42
2025-03-10,2570.39,725.82,338.79
2025-03-11,2537.6,721.5,334.96
2025-03-12,2574.82,729.49,340.89
2025-03-13,2573.64,722.8,341.42
2025-03-14,2566.36,734.26,340.8
2025-03-17,2610.69,743.51,348.19
2025-03-18,2612.34,745.54,347.84
2025-03-19,2628.62,738.35,350.85
2025-03-20,2637.1,725.15,353.5
2025-03-21,2643.13,719.41,355.18
2025-03-24,2632.07,720.22,353.24
2025-03-25,2615.81,711.26,351.09
2025-03-26,2643.94,716.48,355.0
2025-03-27,2607.15,707.49,350.26
2025-03-28,2557.98,693.76,342.96
2025-03-31,2481.12,672.85,332.4
2025-04-01,2521.39,691.45,338.22
2025-04-02,2505.86,684.85,336.26
2025-04-03,2486.7,683.49,332.92
2025-04-04,2465.42,687.39,328.67
2025-04-07,2328.2,651.3,309.6
2025-04-08,2334.23,658.45,310.03
2025-04-09,2293.7,643.39,304.53
2025-04-10,2445.06,681.79,325.08
2025-04-11,2432.72,695.59,322.32
2025-04-14,2455.89,708.98,325.33
2025-04-15,2477.41,711.92,328.14
2025-04-16,2447.43,699.11,323.53
2025-04-17,2470.41,711.75,326.3
2025-04-18,2483.42,717.77,328.35
2025-04-21,2488.42,715.45,329.31
2025-04-22,2486.64,716.12,328.61
2025-04-23,2525.56,726.08,333.94
2025-04-24,2522.33,726.08,333.72
2025-04-25,2546.3,729.69,336.87
2025-04-28,2548.86,719.41,337.08
2025-04-29,2565.42,726.46,339.06
2025-04-30,2556.61,717.24,338.74
2025-05-02,2559.79,721.86,338.79
2025-05-07,2573.8,722.81,341.31
2025-05-08,2579.48,729.59,341.47
2025-05-09,2577.27,722.52,341.49
2025-05-12,2607.33,725.4,347.08
2025-05-13,2608.42,731.88,347.17
2025-05-14,2640.57,739.05,351.79
2025-05-15,2621.36,733.23,349.16
2025-05-16,2626.87,725.07,350.45
2025-05-19,2603.42,713.75,346.57
2025-05-20,2601.8,715.55,347.02
2025-05-21,2625.58,723.62,349.38
2025-05-22,2593.67,717.67,344.8
2025-05-23,2592.09,715.98,345.28
2025-05-26,2644.4,725.27,352.11
2025-05-27,2637.22,727.11,351.28
2025-05-28,2670.15,728.79,356.36
2025-05-29,2720.64,736.29,363.08
2025-05-30,2697.67,734.35,359.62
2025-06-02,2698.97,740.29,359.69
2025-06-04,2770.84,750.21,369.9
2025-06-05,2812.05,756.23,376.54
2025-06-09,2855.77,764.21,382.99
2025-06-10,2871.85,771.2,384.79
2025-06-11,2907.04,786.29,389.79
2025-06-12,2920.03,789.45,390.62
2025-06-13,2894.62,768.86,387.3
2025-06-16,2946.66,777.26,394.16
2025-06-17,2950.3,775.65,395.18
2025-06-18,2972.19,779.73,398.86
2025-06-19,2977.74,782.51,399.29
2025-06-20,3021.84,791.53,405.32
2025-06-23,3014.47,784.79,404.32
2025-06-24,3103.64,800.93,417.76
2025-06-25,3108.25,798.21,419.51
2025-06-26,3079.56,787.95,415.66
2025-06-27,3055.94,781.56,412.72
2025-06-30,3071.7,781.5,414.6
2025-07-01,3089.65,783.67,416.26
2025-07-02,3075.06,782.17,414.43
2025-07-03,3116.27,793.33,420.94
2025-07-04,3054.28,775.8,412.74
2025-07-07,3059.47,778.46,413.02
2025-07-08,3114.95,784.24,421.22
2025-07-09,3133.74,790.36,422.02
2025-07-10,3183.23,797.7,428.42
2025-07-11,3175.77,800.47,428.07
2025-07-14,3202.03,799.37,432.49
2025-07-15,3215.28,812.88,434.78
2025-07-16,3186.38,812.23,431.16
2025-07-17,3192.29,818.27,431.64
2025-07-18,3188.07,820.67,431.1
2025-07-21,3210.81,821.69,434.56
2025-07-22,3169.94,812.97,428.05
2025-07-23,3183.77,813.56,430.04
2025-07-24,3190.45,809.89,430.03
2025-07-25,3196.05,806.95,430.78
2025-07-28,3209.52,804.4,433.37
2025-07-29,3230.57,804.45,435.84
2025-07-30,3254.47,803.67,439.81
2025-07-31,3245.44,805.24,438.6
2025-08-01,3119.41,772.79,420.72
2025-08-04,3147.75,784.06,424.79
2025-08-05,3198.0,798.6,431.25
2025-08-06,3198.14,803.49,430.68
2025-08-07,3227.68,805.81,435.35
2025-08-08,3210.01,809.27,433.47
2025-08-11,3206.77,811.85,433.29
2025-08-12,3189.91,807.19,431.63
2025-08-13,3224.37,814.1,436.92
2025-08-14,3225.66,815.26,436.57
2025-08-18,3177.28,798.05,429.19
2025-08-19,3151.56,787.96,426.18
2025-08-20,3130.09,777.61,423.66
2025-08-21,3141.74,777.24,424.41
2025-08-22,3168.73,782.51,428.5
2025-08-25,3209.86,798.02,433.89
2025-08-26,3179.36,801.66,429.41
2025-08-27,3187.16,801.72,430.31
2025-08-28,3196.32,798.43,431.81
2025-08-29,3186.01,796.91,430.12
2025-09-01,3142.93,785.0,423.33
2025-09-02,3172.35,794.0,428.15
2025-09-03,3184.42,796.81,430.37
2025-09-04,3200.83,805.42,432.32
2025-09-05,3205.12,811.4,432.86
2025-09-08,3219.59,818.6,434.85
2025-09-09,3260.05,824.82,441.28
2025-09-10,3314.53,833.0,450.05
2025-09-11,3344.2,834.76,454.0
2025-09-12,3395.54,847.08,462.74
2025-09-15,3407.31,852.69,464.65
2025-09-16,3449.62,851.84,472.85
2025-09-17,3413.4,845.53,466.99
2025-09-18,3461.3,857.11,475.34
2025-09-19,3445.24,863.11,473.44
2025-09-22,3468.65,874.36,478.29
2025-09-23,3486.19,872.21,481.54
2025-09-24,3472.14,860.94,480.39
2025-09-25,3471.11,852.48,480.63
2025-09-26,3386.05,835.19,468.03
2025-09-29,3431.21,846.71,475.22
2025-09-30,3424.6,841.99,474.03
2025-10-01,3455.83,845.34,479.37
2025-10-02,3549.21,854.25,493.41
2025-10-10,3610.6,859.49,506.97
2025-10-13,3584.55,860.49,501.87
2025-10-14,3561.81,847.96,496.89
2025-10-15,3657.28,864.72,510.55
2025-10-16,3748.37,865.41,524.45
2025-10-17,3748.89,859.54,525.48
2025-10-20,3814.69,875.77,535.28
2025-10-21,3823.84,872.5,535.28
2025-10-22,3883.68,879.15,542.59
2025-10-23,3845.56,872.03,536.37
2025-10-24,3941.59,883.08,550.01
2025-10-27,4042.83,902.7,565.69
2025-10-28,4010.41,903.3,559.51
2025-10-29,4081.15,901.59,571.51
2025-10-30,4086.89,890.86,575.21
2025-10-31,4107.5,900.42,579.46
2025-11-03,4221.87,914.55,599.03
2025-11-04,4121.74,926.57,581.94
2025-11-05,4004.42,901.89,565.4
2025-11-06,4026.45,898.17,568.38
2025-11-07,3953.76,876.81,557.98
2025-11-10,4073.24,888.35,575.31
2025-11-11,4106.39,884.27,581.41
2025-11-12,4150.39,906.51,586.73
2025-11-13,4170.63,918.37,588.65
2025-11-14,4011.57,897.9,563.43
2025-11-17,4089.25,902.67,576.65
2025-11-18,3953.62,878.7,556.45
2025-11-19,3929.51,871.32,552.66
2025-11-20,4004.85,891.94,564.2
2025-11-21,3853.26,863.95,540.36
2025-11-24,3846.06,856.44,540.81
2025-11-25,3857.78,856.03,544.62
2025-11-26,3960.87,877.32,559.37
2025-11-27,3986.91,880.06,563.36
2025-11-28,3926.59,912.67,554.0
2025-12-01,3920.37,922.38,553.96
2025-12-02,3994.93,928.42,565.72
2025-12-03,4036.3,932.01,570.79
2025-12-04,4028.51,929.83,569.75
2025-12-05,4100.05,924.74,580.81
2025-12-08,4154.85,927.79,589.17
2025-12-09,4143.55,931.35,585.76
2025-12-10,4135.0,935.0,585.52
2025-12-11,4110.62,934.64,580.16
2025-12-12,4167.16,937.34,587.93
2025-12-15,4090.59,938.83,574.49
2025-12-16,3999.13,916.11,561.52
2025-12-17,4056.41,911.07,572.62
2025-12-18,3994.51,901.33,565.65
2025-12-19,4020.55,915.27,568.4
2025-12-22,4105.93,929.14,582.73
2025-12-23,4117.32,919.56,584.64
2025-12-24,4108.62,915.2,584.21
2025-12-26,4129.68,919.67,590.08
2025-12-29,4220.56,932.59,605.69
2025-12-30,4214.17,925.47,605.98
2026-01-02,4309.63,945.57,624.17
2026-01-05,4457.52,957.5,648.74
2026-01-06,4525.48,955.97,659.45
2026-01-07,4551.06,947.39,664.48
2026-01-08,4552.37,944.06,664.18
2026-01-09,4586.32,947.92,668.25
2026-01-12,4624.79,949.81,672.86
2026-01-13,4692.64,948.98,680.71
2026-01-14,4723.1,942.18,685.76
2026-01-15,4797.55,951.16,696.39
2026-01-16,4840.74,954.59,704.64
2026-01-19,4904.66,968.36,713.96
2026-01-20,4885.75,976.37,708.48
2026-01-21,4909.93,951.29,714.94
2026-01-22,4952.53,970.35,722.3
2026-01-23,4990.07,993.93,727.29
2026-01-26,4949.59,1064.41,720.04
2026-01-27,5084.85,1082.59,745.13
2026-01-28,5170.81,1133.52,758.72
2026-01-29,5221.25,1164.41,765.59
2026-01-30,5224.36,1149.44,768.41
2026-02-02,4949.67,1098.36,725.46
2026-02-03,5288.08,1144.33,779.54
2026-02-04,5371.1,1149.43,790.38
2026-02-05,5163.57,1108.41,756.95
2026-02-06,5089.14,1080.77,748.1
2026-02-09,5298.04,1127.55,780.94
2026-02-10,5301.69,1115.2,780.76
2026-02-11,5354.49,1114.87,788.75
2026-02-12,5522.27,1125.99,816.28
2026-02-13,5507.01,1106.08,814.59
2026-02-19,5677.25,1160.71,840.24
2026-02-20,5808.53,1154.0,859.59
2026-02-23,5846.09,1151.99,865.49
2026-02-24,5969.64,1165.0,886.88
2026-02-25,6083.86,1165.25,903.83
2026-02-26,6307.27,1188.15,944.02
