date,ktb3y,corp_aa_3y,corp_bbb_3y
2016-10-10,1.335,1.75,7.834
2016-10-11,1.373,1.783,7.87
2016-10-12,1.353,1.774,7.863
2016-10-13,1.323,1.749,7.837
2016-10-14,1.319,1.75,7.838
2016-10-17,1.35,1.78,7.868
2016-10-18,1.353,1.78,7.864
2016-10-19,1.352,1.78,7.865
2016-10-20,1.354,1.781,7.867
2016-10-21,1.381,1.804,7.895
2016-10-24,1.385,1.808,7.899
2016-10-25,1.398,1.824,7.918
2016-10-26,1.405,1.829,7.923
2016-10-27,1.418,1.835,7.933
2016-10-28,1.438,1.856,7.955
2016-10-31,1.438,1.852,7.952
2016-11-01,1.451,1.868,7.965
2016-11-02,1.436,1.854,7.953
2016-11-03,1.428,1.85,7.949
2016-11-04,1.431,1.852,7.954
2016-11-07,1.426,1.848,7.948
2016-11-08,1.425,1.844,7.943
2016-11-09,1.402,1.823,7.925
2016-11-10,1.465,1.884,7.987
2016-11-11,1.508,1.924,8.027
2016-11-14,1.61,2.013,8.133
2016-11-15,1.635,2.025,8.146
2016-11-16,1.689,2.074,8.192
2016-11-17,1.713,2.097,8.206
2016-11-18,1.736,2.132,8.246
2016-11-21,1.725,2.132,8.241
2016-11-22,1.735,2.141,8.25
2016-11-23,1.775,2.172,8.282
2016-11-24,1.811,2.215,8.324
2016-11-25,1.811,2.219,8.328
2016-11-28,1.764,2.18,8.288
2016-11-29,1.709,2.152,8.26
2016-11-30,1.71,2.152,8.261
2016-12-01,1.726,2.175,8.281
2016-12-02,1.745,2.194,8.299
2016-12-05,1.727,2.177,8.283
2016-12-06,1.737,2.189,8.295
2016-12-07,1.736,2.188,8.295
2016-12-08,1.714,2.167,8.279
2016-12-09,1.735,2.187,8.299
2016-12-12,1.734,2.197,8.315
2016-12-13,1.676,2.153,8.27
2016-12-14,1.644,2.125,8.243
2016-12-15,1.697,2.169,8.286
2016-12-16,1.688,2.159,8.277
2016-12-19,1.694,2.164,8.283
2016-12-20,1.714,2.172,8.296
2016-12-21,1.687,2.156,8.278
2016-12-22,1.657,2.14,8.266
2016-12-23,1.665,2.149,8.275
2016-12-26,1.669,2.155,8.283
2016-12-27,1.654,2.147,8.279
2016-12-28,1.643,2.135,8.27
2016-12-29,1.638,2.128,8.265
2016-12-30,1.638,2.128,8.265
2017-01-02,1.638,2.12,8.262
2017-01-03,1.617,2.097,8.247
2017-01-04,1.63,2.095,8.255
2017-01-05,1.607,2.072,8.236
2017-01-06,1.626,2.086,8.252
2017-01-09,1.663,2.115,8.284
2017-01-10,1.647,2.098,8.267
2017-01-11,1.653,2.105,8.276
2017-01-12,1.624,2.075,8.248
2017-01-13,1.635,2.089,8.265
2017-01-16,1.633,2.092,8.27
2017-01-17,1.628,2.083,8.266
2017-01-18,1.649,2.102,8.289
2017-01-19,1.677,2.135,8.32
2017-01-20,1.655,2.117,8.307
2017-01-23,1.64,2.104,8.297
2017-01-24,1.628,2.093,8.285
2017-01-25,1.647,2.111,8.304
2017-01-26,1.687,2.151,8.347
2017-01-31,1.675,2.14,8.337
2017-02-01,1.685,2.151,8.348
2017-02-02,1.674,2.139,8.335
2017-02-03,1.685,2.149,8.345
2017-02-06,1.662,2.126,8.326
2017-02-07,1.641,2.105,8.304
2017-02-08,1.652,2.112,8.314
2017-02-09,1.648,2.109,8.31
2017-02-10,1.668,2.127,8.331
2017-02-13,1.663,2.123,8.329
2017-02-14,1.653,2.113,8.319
2017-02-15,1.661,2.126,8.329
2017-02-16,1.656,2.121,8.321
2017-02-17,1.655,2.121,8.32
2017-02-20,1.67,2.135,8.336
2017-02-21,1.671,2.137,8.338
2017-02-22,1.69,2.155,8.357
2017-02-23,1.676,2.141,8.343
2017-02-24,1.666,2.133,8.337
2017-02-27,1.663,2.129,8.334
2017-02-28,1.67,2.138,8.342
2017-03-02,1.713,2.18,8.386
2017-03-03,1.713,2.182,8.389
2017-03-06,1.746,2.217,8.422
2017-03-07,1.784,2.257,8.464
2017-03-08,1.784,2.256,8.464
2017-03-09,1.789,2.265,8.474
2017-03-10,1.78,2.258,8.468
2017-03-13,1.765,2.248,8.457
2017-03-14,1.758,2.244,8.454
2017-03-15,1.759,2.247,8.456
2017-03-16,1.695,2.196,8.395
2017-03-17,1.675,2.187,8.383
2017-03-20,1.67,2.188,8.387
2017-03-21,1.67,2.187,8.389
2017-03-22,1.663,2.179,8.38
2017-03-23,1.666,2.184,8.386
2017-03-24,1.678,2.199,8.4
2017-03-27,1.65,2.174,8.378
2017-03-28,1.657,2.18,8.385
2017-03-29,1.653,2.179,8.385
2017-03-30,1.665,2.186,8.392
2017-03-31,1.662,2.183,8.39
2017-04-03,1.668,2.184,8.393
2017-04-04,1.646,2.161,8.373
2017-04-05,1.654,2.169,8.381
2017-04-06,1.679,2.192,8.405
2017-04-07,1.681,2.198,8.411
2017-04-10,1.722,2.234,8.449
2017-04-11,1.693,2.205,8.42
2017-04-12,1.686,2.199,8.415
2017-04-13,1.674,2.187,8.402
2017-04-14,1.677,2.19,8.406
2017-04-17,1.673,2.187,8.403
2017-04-18,1.676,2.191,8.406
2017-04-19,1.67,2.185,8.4
2017-04-20,1.674,2.191,8.406
2017-04-21,1.684,2.202,8.417
2017-04-24,1.701,2.22,8.435
2017-04-25,1.677,2.203,8.423
2017-04-26,1.682,2.207,8.428
2017-04-27,1.673,2.199,8.419
2017-04-28,1.675,2.2,8.419
2017-05-02,1.69,2.216,8.434
2017-05-04,1.681,2.206,8.426
2017-05-08,1.707,2.231,8.451
2017-05-10,1.733,2.256,8.477
2017-05-11,1.727,2.252,8.475
2017-05-12,1.71,2.237,8.461
2017-05-15,1.71,2.237,8.463
2017-05-16,1.717,2.24,8.467
2017-05-17,1.684,2.207,8.435
2017-05-18,1.683,2.207,8.436
2017-05-19,1.671,2.195,8.426
2017-05-22,1.685,2.211,8.442
2017-05-23,1.676,2.202,8.432
2017-05-24,1.691,2.216,8.446
2017-05-25,1.681,2.207,8.437
2017-05-26,1.677,2.204,8.434
2017-05-29,1.672,2.202,8.432
2017-05-30,1.658,2.189,8.419
2017-05-31,1.661,2.193,8.422
2017-06-01,1.645,2.179,8.409
2017-06-02,1.63,2.166,8.397
2017-06-05,1.623,2.158,8.389
2017-06-07,1.621,2.157,8.388
2017-06-08,1.637,2.173,8.402
2017-06-09,1.632,2.17,8.4
2017-06-12,1.697,2.225,8.46
2017-06-13,1.661,2.194,8.431
2017-06-14,1.681,2.213,8.451
2017-06-15,1.682,2.212,8.45
2017-06-16,1.695,2.227,8.466
2017-06-19,1.683,2.216,8.456
2017-06-20,1.685,2.218,8.457
2017-06-21,1.692,2.225,8.463
2017-06-22,1.701,2.235,8.471
2017-06-23,1.688,2.223,8.462
2017-06-26,1.686,2.222,8.461
2017-06-27,1.681,2.218,8.457
2017-06-28,1.711,2.246,8.485
2017-06-29,1.7,2.241,8.48
2017-06-30,1.698,2.24,8.48
2017-07-03,1.716,2.256,8.498
2017-07-04,1.74,2.28,8.521
2017-07-05,1.745,2.285,8.526
2017-07-06,1.75,2.29,8.529
2017-07-07,1.781,2.318,8.559
2017-07-10,1.756,2.295,8.535
2017-07-11,1.762,2.3,8.54
2017-07-12,1.762,2.299,8.539
2017-07-13,1.745,2.28,8.523
2017-07-14,1.75,2.285,8.528
2017-07-17,1.754,2.292,8.535
2017-07-18,1.746,2.285,8.53
2017-07-19,1.747,2.285,8.53
2017-07-20,1.74,2.279,8.524
2017-07-21,1.721,2.262,8.509
2017-07-24,1.72,2.259,8.505
2017-07-25,1.709,2.248,8.492
2017-07-26,1.729,2.264,8.508
2017-07-27,1.712,2.25,8.491
2017-07-28,1.723,2.257,8.498
2017-07-31,1.724,2.26,8.5
2017-08-01,1.733,2.271,8.515
2017-08-02,1.73,2.27,8.513
2017-08-03,1.737,2.276,8.52
2017-08-04,1.742,2.279,8.522
2017-08-07,1.772,2.307,8.553
2017-08-08,1.805,2.331,8.579
2017-08-09,1.833,2.363,8.603
2017-08-10,1.824,2.353,8.592
2017-08-11,1.804,2.338,8.581
2017-08-14,1.802,2.338,8.581
2017-08-16,1.821,2.359,8.601
2017-08-17,1.801,2.34,8.584
2017-08-18,1.777,2.323,8.57
2017-08-21,1.784,2.325,8.573
2017-08-22,1.803,2.341,8.587
2017-08-23,1.797,2.336,8.582
2017-08-24,1.801,2.339,8.586
2017-08-25,1.755,2.306,8.553
2017-08-28,1.758,2.308,8.556
2017-08-29,1.772,2.322,8.569
2017-08-30,1.752,2.307,8.552
2017-08-31,1.747,2.304,8.548
2017-09-01,1.747,2.302,8.546
2017-09-04,1.782,2.335,8.578
2017-09-05,1.78,2.333,8.576
2017-09-06,1.775,2.324,8.566
2017-09-07,1.782,2.326,8.569
2017-09-08,1.758,2.301,8.543
2017-09-11,1.757,2.303,8.546
2017-09-12,1.753,2.301,8.544
2017-09-13,1.742,2.291,8.535
2017-09-14,1.742,2.291,8.535
2017-09-15,1.739,2.29,8.534
2017-09-18,1.742,2.294,8.538
2017-09-19,1.779,2.326,8.57
2017-09-20,1.775,2.322,8.568
2017-09-21,1.781,2.329,8.573
2017-09-22,1.775,2.322,8.567
2017-09-25,1.786,2.334,8.578
2017-09-26,1.832,2.375,8.62
2017-09-27,1.887,2.426,8.67
2017-09-28,1.888,2.431,8.674
2017-09-29,1.888,2.429,8.672
2017-10-10,1.938,2.476,8.72
2017-10-11,1.929,2.469,8.715
2017-10-12,1.9,2.443,8.693
2017-10-13,1.916,2.46,8.71
2017-10-16,1.927,2.473,8.723
2017-10-17,1.947,2.489,8.738
2017-10-18,1.935,2.477,8.728
2017-10-19,2.006,2.55,8.8
2017-10-20,2.088,2.63,8.881
2017-10-23,2.032,2.584,8.837
2017-10-24,2.057,2.61,8.862
2017-10-25,2.094,2.648,8.9
2017-10-26,2.182,2.729,8.978
2017-10-27,2.164,2.716,8.965
2017-10-30,2.137,2.697,8.946
2017-10-31,2.164,2.728,8.972
2017-11-01,2.14,2.705,8.95
2017-11-02,2.126,2.688,8.934
2017-11-03,2.133,2.694,8.942
2017-11-06,2.152,2.711,8.96
2017-11-07,2.133,2.695,8.944
2017-11-08,2.151,2.709,8.958
2017-11-09,2.147,2.709,8.958
2017-11-10,2.157,2.72,8.969
2017-11-13,2.18,2.742,8.991
2017-11-14,2.211,2.771,9.017
2017-11-15,2.177,2.739,8.984
2017-11-16,2.171,2.735,8.982
2017-11-17,2.174,2.732,8.981
2017-11-20,2.156,2.713,8.963
2017-11-21,2.156,2.714,8.964
2017-11-22,2.17,2.724,8.974
2017-11-23,2.134,2.696,8.947
2017-11-24,2.169,2.722,8.975
2017-11-27,2.153,2.706,8.959
2017-11-28,2.119,2.676,8.929
2017-11-29,2.112,2.668,8.921
2017-11-30,2.075,2.631,8.887
2017-12-01,2.081,2.637,8.892
2017-12-04,2.083,2.635,8.895
2017-12-05,2.112,2.663,8.922
2017-12-06,2.084,2.637,8.897
2017-12-07,2.094,2.645,8.905
2017-12-08,2.094,2.645,8.904
2017-12-11,2.087,2.64,8.899
2017-12-12,2.077,2.628,8.887
2017-12-13,2.078,2.628,8.888
2017-12-14,2.08,2.628,8.888
2017-12-15,2.078,2.625,8.885
2017-12-18,2.09,2.636,8.896
2017-12-19,2.097,2.643,8.902
2017-12-20,2.087,2.638,8.897
2017-12-21,2.094,2.643,8.901
2017-12-22,2.131,2.678,8.937
2017-12-26,2.129,2.678,8.937
2017-12-27,2.15,2.693,8.957
2017-12-28,2.134,2.678,8.942
2017-12-29,2.135,2.678,8.942
2018-01-02,2.119,2.662,8.929
2018-01-03,2.127,2.664,8.931
2018-01-04,2.142,2.676,8.943
2018-01-05,2.099,2.644,8.915
2018-01-08,2.135,2.671,8.94
2018-01-09,2.149,2.684,8.954
2018-01-10,2.172,2.707,8.978
2018-01-11,2.152,2.69,8.959
2018-01-12,2.174,2.707,8.974
2018-01-15,2.223,2.75,9.014
2018-01-16,2.225,2.745,9.008
2018-01-17,2.227,2.745,9.009
2018-01-18,2.172,2.701,8.966
2018-01-19,2.17,2.701,8.967
2018-01-22,2.203,2.731,8.995
2018-01-23,2.192,2.725,8.987
2018-01-24,2.197,2.731,8.991
2018-01-25,2.215,2.748,9.004
2018-01-26,2.222,2.757,9.011
2018-01-29,2.281,2.81,9.058
2018-01-30,2.304,2.833,9.077
2018-01-31,2.274,2.809,9.049
2018-02-01,2.249,2.789,9.027
2018-02-02,2.25,2.786,9.025
2018-02-05,2.287,2.817,9.058
2018-02-06,2.253,2.788,9.027
2018-02-07,2.248,2.779,9.021
2018-02-08,2.272,2.802,9.045
2018-02-09,2.278,2.808,9.051
2018-02-12,2.302,2.835,9.076
2018-02-13,2.278,2.816,9.053
2018-02-14,2.265,2.807,9.045
2018-02-19,2.302,2.841,9.075
2018-02-20,2.316,2.852,9.084
2018-02-21,2.306,2.845,9.074
2018-02-22,2.303,2.842,9.071
2018-02-23,2.285,2.831,9.058
2018-02-26,2.263,2.813,9.041
2018-02-27,2.258,2.809,9.037
2018-02-28,2.266,2.817,9.045
2018-03-02,2.29,2.84,9.067
2018-03-05,2.311,2.853,9.079
2018-03-06,2.312,2.858,9.081
2018-03-07,2.297,2.845,9.066
2018-03-08,2.286,2.837,9.057
2018-03-09,2.293,2.846,9.064
2018-03-12,2.305,2.857,9.074
2018-03-13,2.301,2.853,9.07
2018-03-14,2.274,2.833,9.051
2018-03-15,2.268,2.827,9.047
2018-03-16,2.276,2.835,9.055
2018-03-19,2.275,2.838,9.058
2018-03-20,2.286,2.848,9.069
2018-03-21,2.291,2.85,9.07
2018-03-22,2.256,2.823,9.041
2018-03-23,2.223,2.797,9.015
2018-03-26,2.244,2.815,9.035
2018-03-27,2.232,2.807,9.026
2018-03-28,2.222,2.796,9.014
2018-03-29,2.227,2.799,9.016
2018-03-30,2.216,2.795,9.012
2018-04-02,2.225,2.802,9.02
2018-04-03,2.193,2.785,9.002
2018-04-04,2.168,2.764,8.983
2018-04-05,2.175,2.777,8.995
2018-04-06,2.156,2.763,8.981
2018-04-09,2.167,2.774,8.991
2018-04-10,2.185,2.785,9.002
2018-04-11,2.165,2.77,8.987
2018-04-12,2.156,2.762,8.979
2018-04-13,2.155,2.764,8.983
2018-04-16,2.169,2.777,8.995
2018-04-17,2.178,2.785,9.002
2018-04-18,2.196,2.795,9.013
2018-04-19,2.195,2.798,9.016
2018-04-20,2.2,2.806,9.025
2018-04-23,2.235,2.837,9.057
2018-04-24,2.227,2.83,9.05
2018-04-25,2.246,2.849,9.07
2018-04-26,2.234,2.835,9.055
2018-04-27,2.201,2.806,9.026
2018-04-30,2.216,2.819,9.039
2018-05-02,2.237,2.839,9.058
2018-05-03,2.246,2.847,9.066
2018-05-04,2.28,2.876,9.094
2018-05-08,2.311,2.901,9.117
2018-05-09,2.309,2.904,9.119
2018-05-10,2.276,2.881,9.094
2018-05-11,2.286,2.891,9.102
2018-05-14,2.309,2.909,9.118
2018-05-15,2.312,2.912,9.121
2018-05-16,2.285,2.892,9.102
2018-05-17,2.262,2.872,9.084
2018-05-18,2.231,2.844,9.055
2018-05-21,2.251,2.863,9.073
2018-05-23,2.235,2.85,9.061
2018-05-24,2.191,2.818,9.029
2018-05-25,2.198,2.823,9.035
2018-05-28,2.208,2.829,9.041
2018-05-29,2.189,2.813,9.027
2018-05-30,2.192,2.817,9.03
2018-05-31,2.195,2.816,9.028
2018-06-01,2.193,2.814,9.025
2018-06-04,2.213,2.834,9.045
2018-06-05,2.201,2.827,9.037
2018-06-07,2.217,2.842,9.053
2018-06-08,2.189,2.818,9.03
2018-06-11,2.223,2.833,9.047
2018-06-12,2.223,2.833,9.047
2018-06-14,2.227,2.846,9.058
2018-06-15,2.186,2.815,9.025
2018-06-18,2.178,2.807,9.018
2018-06-19,2.164,2.795,9.005
2018-06-20,2.163,2.797,9.005
2018-06-21,2.149,2.786,8.994
2018-06-22,2.147,2.788,8.995
2018-06-25,2.143,2.784,8.992
2018-06-26,2.148,2.788,8.996
2018-06-27,2.122,2.767,8.976
2018-06-28,2.115,2.762,8.971
2018-06-29,2.122,2.766,8.976
2018-07-02,2.123,2.766,8.976
2018-07-03,2.138,2.781,8.989
2018-07-04,2.116,2.761,8.969
2018-07-05,2.093,2.742,8.951
2018-07-06,2.101,2.749,8.957
2018-07-09,2.107,2.755,8.962
2018-07-10,2.095,2.745,8.951
2018-07-11,2.054,2.708,8.915
2018-07-12,2.09,2.744,8.951
2018-07-13,2.105,2.755,8.962
2018-07-16,2.088,2.741,8.949
2018-07-17,2.094,2.746,8.954
2018-07-18,2.087,2.74,8.948
2018-07-19,2.089,2.744,8.951
2018-07-20,2.077,2.732,8.938
2018-07-23,2.077,2.735,8.941
2018-07-24,2.092,2.748,8.954
2018-07-25,2.079,2.739,8.945
2018-07-26,2.071,2.732,8.938
2018-07-27,2.112,2.771,8.974
2018-07-30,2.128,2.786,8.989
2018-07-31,2.123,2.781,8.983
2018-08-01,2.124,2.78,8.982
2018-08-02,2.113,2.77,8.972
2018-08-03,2.108,2.765,8.968
2018-08-06,2.097,2.755,8.959
2018-08-07,2.082,2.743,8.948
2018-08-08,2.07,2.732,8.936
2018-08-09,2.05,2.714,8.919
2018-08-10,2.04,2.703,8.908
2018-08-13,2.051,2.711,8.917
2018-08-14,2.063,2.721,8.925
2018-08-16,2.05,2.707,8.914
2018-08-17,1.997,2.659,8.868
2018-08-20,1.985,2.65,8.859
2018-08-21,1.919,2.592,8.8
2018-08-22,1.962,2.626,8.831
2018-08-23,1.963,2.625,8.83
2018-08-24,1.963,2.624,8.829
2018-08-27,1.963,2.581,8.76
2018-08-28,1.965,2.546,8.704
2018-08-29,1.955,2.507,8.644
2018-08-30,1.98,2.5,8.617
2018-08-31,1.916,2.416,8.519
2018-09-03,1.922,2.404,8.498
2018-09-04,1.917,2.386,8.473
2018-09-05,1.9,2.358,8.436
2018-09-06,1.912,2.366,8.44
2018-09-07,1.919,2.365,8.434
2018-09-10,1.918,2.367,8.436
2018-09-11,1.923,2.373,8.442
2018-09-12,1.893,2.343,8.413
2018-09-13,1.921,2.37,8.439
2018-09-14,1.96,2.406,8.475
2018-09-17,1.967,2.413,8.483
2018-09-18,1.98,2.422,8.493
2018-09-19,1.996,2.438,8.509
2018-09-20,2.035,2.476,8.547
2018-09-21,2.022,2.463,8.534
2018-09-27,2.006,2.45,8.519
2018-09-28,2.005,2.449,8.516
2018-10-01,2.022,2.464,8.53
2018-10-02,2.015,2.46,8.527
2018-10-04,2.066,2.506,8.575
2018-10-05,2.084,2.522,8.591
2018-10-08,2.091,2.528,8.598
2018-10-10,2.059,2.497,8.568
2018-10-11,2.012,2.455,8.523
2018-10-12,2.05,2.486,8.552
2018-10-15,2.051,2.485,8.551
2018-10-16,2.048,2.482,8.547
2018-10-17,2.023,2.463,8.526
2018-10-18,1.981,2.423,8.485
2018-10-19,1.989,2.432,8.492
2018-10-22,2.009,2.451,8.511
2018-10-23,1.989,2.432,8.494
2018-10-24,2.007,2.445,8.504
2018-10-25,1.982,2.426,8.484
2018-10-26,1.968,2.413,8.47
2018-10-29,1.894,2.344,8.4
2018-10-30,1.931,2.384,8.437
2018-10-31,1.939,2.393,8.444
2018-11-01,1.942,2.394,8.444
2018-11-02,1.982,2.431,8.481
2018-11-05,1.982,2.432,8.481
2018-11-06,1.984,2.436,8.486
2018-11-07,1.964,2.419,8.469
2018-11-08,1.966,2.42,8.47
2018-11-09,1.96,2.416,8.466
2018-11-12,1.945,2.406,8.456
2018-11-13,1.94,2.402,8.452
2018-11-14,1.922,2.39,8.443
2018-11-15,1.943,2.409,8.46
2018-11-16,1.947,2.411,8.462
2018-11-19,1.942,2.405,8.456
2018-11-20,1.94,2.405,8.455
2018-11-21,1.946,2.409,8.459
2018-11-22,1.942,2.406,8.457
2018-11-23,1.914,2.388,8.436
2018-11-26,1.914,2.388,8.437
2018-11-27,1.908,2.38,8.431
2018-11-28,1.92,2.388,8.44
2018-11-29,1.889,2.36,8.416
2018-11-30,1.897,2.367,8.424
2018-12-03,1.924,2.388,8.447
2018-12-04,1.914,2.382,8.443
2018-12-05,1.901,2.372,8.434
2018-12-06,1.839,2.319,8.386
2018-12-07,1.834,2.313,8.381
2018-12-10,1.803,2.293,8.364
2018-12-11,1.792,2.284,8.354
2018-12-12,1.803,2.292,8.362
2018-12-13,1.795,2.288,8.358
2018-12-14,1.781,2.277,8.347
2018-12-17,1.795,2.283,8.353
2018-12-18,1.795,2.282,8.352
2018-12-19,1.783,2.272,8.342
2018-12-20,1.8,2.283,8.354
2018-12-21,1.838,2.31,8.381
2018-12-24,1.846,2.313,8.384
2018-12-26,1.807,2.279,8.352
2018-12-27,1.81,2.282,8.354
2018-12-28,1.817,2.287,8.358
2018-12-31,1.817,2.287,8.358
2019-01-02,1.802,2.27,8.342
2019-01-03,1.796,2.265,8.338
2019-01-04,1.797,2.259,8.334
2019-01-07,1.807,2.268,8.343
2019-01-08,1.81,2.269,8.345
2019-01-09,1.809,2.27,8.346
2019-01-10,1.796,2.259,8.336
2019-01-11,1.804,2.262,8.339
2019-01-14,1.797,2.257,8.336
2019-01-15,1.797,2.258,8.336
2019-01-16,1.803,2.258,8.336
2019-01-17,1.795,2.255,8.334
2019-01-18,1.814,2.267,8.348
2019-01-21,1.821,2.271,8.352
2019-01-22,1.803,2.255,8.341
2019-01-23,1.803,2.256,8.343
2019-01-24,1.81,2.261,8.346
2019-01-25,1.812,2.261,8.346
2019-01-28,1.82,2.267,8.352
2019-01-29,1.823,2.269,8.355
2019-01-30,1.827,2.272,8.358
2019-01-31,1.809,2.256,8.34
2019-02-01,1.803,2.251,8.336
2019-02-07,1.801,2.249,8.332
2019-02-08,1.786,2.234,8.318
2019-02-11,1.781,2.229,8.313
2019-02-12,1.796,2.242,8.324
2019-02-13,1.801,2.247,8.328
2019-02-14,1.794,2.242,8.321
2019-02-15,1.779,2.231,8.31
2019-02-18,1.804,2.251,8.33
2019-02-19,1.8,2.249,8.328
2019-02-20,1.802,2.252,8.332
2019-02-21,1.811,2.258,8.337
2019-02-22,1.814,2.26,8.338
2019-02-25,1.819,2.265,8.343
2019-02-26,1.816,2.261,8.339
2019-02-27,1.808,2.254,8.331
2019-02-28,1.813,2.261,8.337
2019-03-04,1.834,2.281,8.357
2019-03-05,1.836,2.283,8.358
2019-03-06,1.828,2.278,8.352
2019-03-07,1.817,2.269,8.343
2019-03-08,1.802,2.255,8.329
2019-03-11,1.81,2.261,8.335
2019-03-12,1.81,2.262,8.335
2019-03-13,1.795,2.248,8.322
2019-03-14,1.793,2.246,8.32
2019-03-15,1.803,2.256,8.329
2019-03-18,1.812,2.264,8.338
2019-03-19,1.81,2.262,8.337
2019-03-20,1.813,2.265,8.341
2019-03-21,1.793,2.247,8.323
2019-03-22,1.8,2.254,8.33
2019-03-25,1.77,2.225,8.301
2019-03-26,1.763,2.217,8.292
2019-03-27,1.722,2.187,8.261
2019-03-28,1.679,2.151,8.224
2019-03-29,1.69,2.163,8.236
2019-04-01,1.726,2.197,8.269
2019-04-02,1.706,2.178,8.251
2019-04-03,1.72,2.193,8.267
2019-04-04,1.72,2.194,8.268
2019-04-05,1.735,2.207,8.281
2019-04-08,1.723,2.196,8.27
2019-04-09,1.725,2.197,8.27
2019-04-10,1.731,2.201,8.275
2019-04-11,1.732,2.202,8.276
2019-04-12,1.733,2.204,8.278
2019-04-15,1.761,2.23,8.303
2019-04-16,1.765,2.234,8.306
2019-04-17,1.778,2.249,8.321
2019-04-18,1.741,2.215,8.287
2019-04-19,1.756,2.228,8.3
2019-04-22,1.769,2.241,8.312
2019-04-23,1.768,2.238,8.309
2019-04-24,1.749,2.219,8.291
2019-04-25,1.724,2.195,8.267
2019-04-26,1.72,2.191,8.264
2019-04-29,1.712,2.184,8.258
2019-04-30,1.699,2.171,8.245
2019-05-02,1.732,2.201,8.272
2019-05-03,1.739,2.204,8.276
2019-05-07,1.723,2.189,8.261
2019-05-08,1.717,2.184,8.256
2019-05-09,1.708,2.176,8.248
2019-05-10,1.719,2.187,8.258
2019-05-13,1.721,2.186,8.258
2019-05-14,1.711,2.177,8.248
2019-05-15,1.71,2.175,8.246
2019-05-16,1.675,2.146,8.213
2019-05-17,1.67,2.145,8.212
2019-05-20,1.681,2.157,8.225
2019-05-21,1.663,2.142,8.212
2019-05-22,1.667,2.144,8.215
2019-05-23,1.648,2.131,8.2
2019-05-24,1.643,2.126,8.196
2019-05-27,1.652,2.131,8.201
2019-05-28,1.654,2.13,8.202
2019-05-29,1.619,2.103,8.178
2019-05-30,1.626,2.11,8.185
2019-05-31,1.587,2.075,8.151
2019-06-03,1.575,2.074,8.151
2019-06-04,1.57,2.07,8.148
2019-06-05,1.542,2.05,8.132
2019-06-07,1.537,2.047,8.131
2019-06-10,1.533,2.048,8.135
2019-06-11,1.542,2.053,8.142
2019-06-12,1.469,1.999,8.083
2019-06-13,1.48,2.002,8.087
2019-06-14,1.47,1.989,8.076
2019-06-17,1.491,2.005,8.096
2019-06-18,1.493,2.007,8.098
2019-06-19,1.484,1.995,8.089
2019-06-20,1.42,1.939,8.035
2019-06-21,1.44,1.949,8.049
2019-06-24,1.44,1.949,8.049
2019-06-25,1.478,1.971,8.077
2019-06-26,1.496,1.982,8.092
2019-06-27,1.494,1.984,8.094
2019-06-28,1.472,1.967,8.075
2019-07-01,1.479,1.974,8.081
2019-07-02,1.463,1.958,8.065
2019-07-03,1.429,1.925,8.032
2019-07-04,1.416,1.915,8.022
2019-07-05,1.423,1.923,8.029
2019-07-08,1.422,1.922,8.028
2019-07-09,1.424,1.923,8.029
2019-07-10,1.438,1.938,8.043
2019-07-11,1.419,1.92,8.026
2019-07-12,1.424,1.927,8.032
2019-07-15,1.434,1.937,8.041
2019-07-16,1.431,1.934,8.037
2019-07-17,1.399,1.903,8.007
2019-07-18,1.345,1.85,7.954
2019-07-19,1.327,1.832,7.936
2019-07-22,1.333,1.837,7.941
2019-07-23,1.339,1.843,7.947
2019-07-24,1.321,1.83,7.934
2019-07-25,1.302,1.809,7.911
2019-07-26,1.308,1.817,7.917
2019-07-29,1.306,1.817,7.916
2019-07-30,1.301,1.812,7.912
2019-07-31,1.292,1.803,7.904
2019-08-01,1.309,1.822,7.923
2019-08-02,1.26,1.773,7.874
2019-08-05,1.172,1.693,7.794
2019-08-06,1.163,1.688,7.79
2019-08-07,1.153,1.678,7.78
2019-08-08,1.165,1.691,7.794
2019-08-09,1.186,1.707,7.811
2019-08-12,1.182,1.706,7.811
2019-08-13,1.15,1.678,7.782
2019-08-14,1.149,1.678,7.782
2019-08-16,1.095,1.626,7.727
2019-08-19,1.093,1.628,7.728
2019-08-20,1.101,1.636,7.737
2019-08-21,1.156,1.685,7.786
2019-08-22,1.13,1.658,7.758
2019-08-23,1.169,1.691,7.792
2019-08-26,1.121,1.648,7.749
2019-08-27,1.171,1.695,7.796
2019-08-28,1.18,1.701,7.802
2019-08-29,1.167,1.691,7.792
2019-08-30,1.168,1.693,7.795
2019-09-02,1.233,1.74,7.842
2019-09-03,1.228,1.734,7.835
2019-09-04,1.241,1.741,7.843
2019-09-05,1.259,1.76,7.862
2019-09-06,1.265,1.769,7.871
2019-09-09,1.235,1.742,7.843
2019-09-10,1.242,1.748,7.848
2019-09-11,1.258,1.764,7.864
2019-09-16,1.348,1.85,7.952
2019-09-17,1.315,1.822,7.924
2019-09-18,1.309,1.816,7.919
2019-09-19,1.329,1.835,7.939
2019-09-20,1.332,1.836,7.94
2019-09-23,1.331,1.837,7.941
2019-09-24,1.325,1.829,7.933
2019-09-25,1.304,1.807,7.911
2019-09-26,1.301,1.806,7.911
2019-09-27,1.301,1.806,7.911
2019-09-30,1.297,1.8,7.903
2019-10-01,1.323,1.824,7.927
2019-10-02,1.303,1.806,7.911
2019-10-04,1.21,1.717,7.822
2019-10-07,1.232,1.738,7.845
2019-10-08,1.264,1.766,7.873
2019-10-10,1.276,1.779,7.887
2019-10-11,1.281,1.785,7.893
2019-10-14,1.281,1.787,7.896
2019-10-15,1.281,1.791,7.898
2019-10-16,1.32,1.827,7.934
2019-10-17,1.375,1.879,7.989
2019-10-18,1.375,1.88,7.99
2019-10-21,1.408,1.912,8.022
2019-10-22,1.379,1.885,7.995
2019-10-23,1.388,1.894,8.003
2019-10-24,1.396,1.905,8.014
2019-10-25,1.435,1.943,8.051
2019-10-28,1.523,2.018,8.13
2019-10-29,1.499,1.994,8.106
2019-10-30,1.481,1.981,8.092
2019-10-31,1.466,1.973,8.083
2019-11-01,1.467,1.976,8.085
2019-11-04,1.55,2.053,8.162
2019-11-05,1.522,2.026,8.135
2019-11-06,1.53,2.033,8.142
2019-11-07,1.541,2.048,8.157
2019-11-08,1.518,2.023,8.133
2019-11-11,1.5,2.011,8.121
2019-11-12,1.564,2.064,8.174
2019-11-13,1.51,2.015,8.125
2019-11-14,1.515,2.016,8.126
2019-11-15,1.513,2.019,8.128
2019-11-18,1.518,2.023,8.132
2019-11-19,1.485,1.995,8.102
2019-11-20,1.45,1.965,8.073
2019-11-21,1.462,1.978,8.087
2019-11-22,1.456,1.972,8.082
2019-11-25,1.475,1.988,8.099
2019-11-26,1.475,1.989,8.099
2019-11-27,1.456,1.975,8.085
2019-11-28,1.43,1.957,8.067
2019-11-29,1.385,1.922,8.034
2019-12-02,1.425,1.957,8.071
2019-12-03,1.46,1.986,8.096
2019-12-04,1.406,1.939,8.048
2019-12-05,1.423,1.957,8.066
2019-12-06,1.43,1.969,8.077
2019-12-09,1.412,1.955,8.063
2019-12-10,1.39,1.949,8.058
2019-12-11,1.381,1.942,8.051
2019-12-12,1.382,1.942,8.051
2019-12-13,1.402,1.962,8.071
2019-12-16,1.369,1.935,8.044
2019-12-17,1.363,1.93,8.04
2019-12-18,1.357,1.927,8.038
2019-12-19,1.383,1.949,8.061
2019-12-20,1.392,1.959,8.07
2019-12-23,1.38,1.951,8.062
2019-12-24,1.37,1.945,8.057
2019-12-26,1.367,1.941,8.053
2019-12-27,1.37,1.944,8.056
2019-12-30,1.36,1.937,8.049
2019-12-31,1.36,1.937,8.049
2020-01-02,1.327,1.907,8.021
2020-01-03,1.27,1.858,7.978
2020-01-06,1.277,1.861,7.981
2020-01-07,1.331,1.911,8.032
2020-01-08,1.363,1.939,8.055
2020-01-09,1.416,1.983,8.093
2020-01-10,1.425,1.991,8.1
2020-01-13,1.418,1.989,8.098
2020-01-14,1.386,1.968,8.076
2020-01-15,1.391,1.972,8.082
2020-01-16,1.426,2.001,8.11
2020-01-17,1.433,2.01,8.122
2020-01-20,1.455,2.034,8.147
2020-01-21,1.395,1.986,8.098
2020-01-22,1.437,2.016,8.129
2020-01-23,1.424,2.006,8.121
2020-01-28,1.352,1.94,8.054
2020-01-29,1.33,1.922,8.037
2020-01-30,1.301,1.897,8.01
2020-01-31,1.303,1.899,8.011
2020-02-03,1.291,1.884,7.998
2020-02-04,1.331,1.923,8.036
2020-02-05,1.307,1.901,8.015
2020-02-06,1.311,1.904,8.019
2020-02-07,1.28,1.874,7.992
2020-02-10,1.296,1.886,8.004
2020-02-11,1.299,1.888,8.007
2020-02-12,1.297,1.89,8.01
2020-02-13,1.275,1.873,7.999
2020-02-14,1.33,1.913,8.041
2020-02-17,1.32,1.906,8.033
2020-02-18,1.271,1.863,7.993
2020-02-19,1.284,1.875,8.003
2020-02-20,1.234,1.833,7.961
2020-02-21,1.182,1.782,7.91
2020-02-24,1.139,1.74,7.871
2020-02-25,1.171,1.765,7.897
2020-02-26,1.135,1.734,7.866
2020-02-27,1.194,1.79,7.925
2020-02-28,1.104,1.707,7.842
2020-03-02,1.128,1.728,7.866
2020-03-03,1.11,1.718,7.857
2020-03-04,1.029,1.644,7.783
2020-03-05,1.051,1.666,7.803
2020-03-06,1.078,1.692,7.83
2020-03-09,1.038,1.657,7.793
2020-03-10,1.082,1.708,7.844
2020-03-11,1.086,1.712,7.853
2020-03-12,1.062,1.707,7.855
2020-03-13,1.149,1.81,7.965
2020-03-16,1.099,1.765,7.924
2020-03-17,1.03,1.74,7.897
2020-03-18,1.05,1.77,7.928
2020-03-19,1.193,1.947,8.116
2020-03-20,1.107,1.945,8.119
2020-03-23,1.153,2.01,8.2
2020-03-24,1.127,2.006,8.206
2020-03-25,1.131,2.025,8.232
2020-03-26,1.067,2.035,8.235
2020-03-27,1.06,2.039,8.243
2020-03-30,1.098,2.074,8.279
2020-03-31,1.07,2.077,8.285
2020-04-01,1.092,2.099,8.307
2020-04-02,1.059,2.093,8.302
2020-04-03,1.066,2.1,8.312
2020-04-06,1.052,2.1,8.313
2020-04-07,1.047,2.1,8.315
2020-04-08,1.024,2.097,8.312
2020-04-09,0.986,2.093,8.309
2020-04-10,0.97,2.092,8.308
2020-04-13,0.996,2.12,8.339
2020-04-14,0.996,2.126,8.347
2020-04-16,0.982,2.123,8.347
2020-04-17,1.006,2.148,8.369
2020-04-20,1.013,2.153,8.375
2020-04-21,1.035,2.188,8.412
2020-04-22,1.046,2.203,8.433
2020-04-23,1.036,2.203,8.434
2020-04-24,1.018,2.201,8.434
2020-04-27,1.026,2.215,8.45
2020-04-28,1.033,2.224,8.46
2020-04-29,1.006,2.218,8.456
2020-05-04,0.975,2.203,8.442
2020-05-06,0.96,2.202,8.442
2020-05-07,0.946,2.198,8.441
2020-05-08,0.914,2.182,8.428
2020-05-11,0.926,2.198,8.443
2020-05-12,0.886,2.173,8.429
2020-05-13,0.856,2.155,8.414
2020-05-14,0.869,2.17,8.429
2020-05-15,0.874,2.176,8.434
2020-05-18,0.887,2.188,8.449
2020-05-19,0.876,2.185,8.448
2020-05-20,0.868,2.181,8.444
2020-05-21,0.856,2.177,8.443
2020-05-22,0.837,2.165,8.435
2020-05-25,0.815,2.152,8.428
2020-05-26,0.839,2.176,8.45
2020-05-27,0.863,2.196,8.471
2020-05-28,0.818,2.157,8.439
2020-05-29,0.826,2.158,8.444
2020-06-01,0.831,2.164,8.453
2020-06-02,0.851,2.182,8.47
2020-06-03,0.866,2.199,8.489
2020-06-04,0.886,2.217,8.507
2020-06-05,0.894,2.224,8.513
2020-06-08,0.902,2.227,8.518
2020-06-09,0.861,2.204,8.5
2020-06-10,0.84,2.205,8.5
2020-06-11,0.837,2.204,8.5
2020-06-12,0.841,2.21,8.505
2020-06-15,0.861,2.229,8.526
2020-06-16,0.86,2.225,8.523
2020-06-17,0.874,2.244,8.543
2020-06-18,0.842,2.225,8.528
2020-06-19,0.844,2.23,8.531
2020-06-22,0.846,2.232,8.533
2020-06-23,0.827,2.224,8.524
2020-06-24,0.819,2.221,8.522
2020-06-25,0.817,2.22,8.521
2020-06-26,0.811,2.22,8.521
2020-06-29,0.842,2.246,8.548
2020-06-30,0.842,2.25,8.55
2020-07-01,0.847,2.251,8.555
2020-07-02,0.831,2.235,8.544
2020-07-03,0.838,2.239,8.549
2020-07-06,0.854,2.249,8.556
2020-07-07,0.843,2.236,8.55
2020-07-08,0.839,2.232,8.548
2020-07-09,0.84,2.235,8.552
2020-07-10,0.849,2.237,8.556
2020-07-13,0.86,2.249,8.569
2020-07-14,0.854,2.246,8.567
2020-07-15,0.847,2.241,8.563
2020-07-16,0.829,2.227,8.551
2020-07-17,0.812,2.214,8.542
2020-07-20,0.801,2.205,8.535
2020-07-21,0.818,2.216,8.545
2020-07-22,0.81,2.209,8.539
2020-07-23,0.798,2.194,8.528
2020-07-24,0.799,2.189,8.526
2020-07-27,0.803,2.188,8.526
2020-07-28,0.813,2.194,8.532
2020-07-29,0.811,2.19,8.529
2020-07-30,0.799,2.181,8.521
2020-07-31,0.796,2.177,8.519
2020-08-03,0.799,2.177,8.519
2020-08-04,0.802,2.179,8.521
2020-08-05,0.795,2.168,8.514
2020-08-06,0.807,2.172,8.519
2020-08-07,0.81,2.174,8.522
2020-08-10,0.83,2.191,8.538
2020-08-11,0.818,2.183,8.531
2020-08-12,0.827,2.192,8.54
2020-08-13,0.815,2.184,8.536
2020-08-14,0.828,2.195,8.545
2020-08-18,0.81,2.182,8.533
2020-08-19,0.805,2.177,8.53
2020-08-20,0.813,2.183,8.536
2020-08-21,0.854,2.204,8.558
2020-08-24,0.824,2.185,8.54
2020-08-25,0.825,2.188,8.542
2020-08-26,0.835,2.197,8.55
2020-08-27,0.852,2.212,8.564
2020-08-28,0.893,2.24,8.591
2020-08-31,0.94,2.264,8.614
2020-09-01,0.977,2.291,8.639
2020-09-02,0.923,2.261,8.609
2020-09-03,0.919,2.261,8.608
2020-09-04,0.929,2.268,8.613
2020-09-07,0.973,2.287,8.633
2020-09-08,0.949,2.269,8.617
2020-09-09,0.915,2.244,8.596
2020-09-10,0.915,2.243,8.595
2020-09-11,0.926,2.251,8.601
2020-09-14,0.919,2.247,8.599
2020-09-15,0.907,2.238,8.588
2020-09-16,0.91,2.233,8.584
2020-09-17,0.914,2.236,8.588
2020-09-18,0.907,2.232,8.584
2020-09-21,0.904,2.232,8.583
2020-09-22,0.897,2.228,8.579
2020-09-23,0.883,2.217,8.57
2020-09-24,0.857,2.2,8.557
2020-09-25,0.855,2.2,8.556
2020-09-28,0.843,2.192,8.548
2020-09-29,0.846,2.193,8.548
2020-10-05,0.881,2.221,8.571
2020-10-06,0.905,2.242,8.59
2020-10-07,0.91,2.244,8.593
2020-10-08,0.907,2.241,8.592
2020-10-12,0.925,2.251,8.601
2020-10-13,0.923,2.248,8.6
2020-10-14,0.901,2.237,8.593
2020-10-15,0.877,2.22,8.583
2020-10-16,0.888,2.23,8.591
2020-10-19,0.891,2.229,8.589
2020-10-20,0.911,2.241,8.6
2020-10-21,0.934,2.259,8.617
2020-10-22,0.925,2.246,8.61
2020-10-23,0.91,2.235,8.603
2020-10-26,0.908,2.231,8.601
2020-10-27,0.917,2.239,8.608
2020-10-28,0.914,2.232,8.602
2020-10-29,0.927,2.24,8.61
2020-10-30,0.935,2.247,8.617
2020-11-02,0.971,2.273,8.643
2020-11-03,0.98,2.276,8.648
2020-11-04,0.955,2.257,8.631
2020-11-05,0.927,2.237,8.61
2020-11-06,0.943,2.249,8.623
2020-11-09,0.959,2.254,8.63
2020-11-10,0.976,2.269,8.647
2020-11-11,0.989,2.274,8.653
2020-11-12,0.969,2.256,8.641
2020-11-13,0.965,2.253,8.64
2020-11-16,0.97,2.254,8.642
2020-11-17,0.96,2.25,8.639
2020-11-18,0.949,2.239,8.631
2020-11-19,0.955,2.237,8.633
2020-11-20,0.963,2.234,8.632
2020-11-23,0.955,2.219,8.622
2020-11-24,0.963,2.224,8.628
2020-11-25,0.971,2.233,8.639
2020-11-26,0.981,2.24,8.645
2020-11-27,0.979,2.232,8.637
2020-11-30,0.983,2.235,8.639
2020-12-01,0.982,2.232,8.635
2020-12-02,0.982,2.233,8.637
2020-12-03,0.975,2.226,8.63
2020-12-04,0.966,2.22,8.623
2020-12-07,0.961,2.215,8.62
2020-12-08,0.959,2.211,8.621
2020-12-09,0.966,2.214,8.624
2020-12-10,0.973,2.212,8.622
2020-12-11,0.98,2.215,8.626
2020-12-14,0.986,2.216,8.627
2020-12-15,0.984,2.215,8.625
2020-12-16,0.989,2.221,8.631
2020-12-17,0.999,2.229,8.638
2020-12-18,0.963,2.208,8.617
2020-12-21,0.959,2.201,8.61
2020-12-22,0.945,2.19,8.599
2020-12-23,0.932,2.179,8.588
2020-12-24,0.95,2.196,8.605
2020-12-28,0.958,2.196,8.606
2020-12-29,0.973,2.202,8.61
2020-12-30,0.978,2.208,8.615
2020-12-31,0.976,2.208,8.615
2021-01-04,0.954,2.192,8.601
2021-01-05,0.936,2.173,8.583
2021-01-06,0.953,2.176,8.581
2021-01-07,0.964,2.177,8.581
2021-01-08,0.978,2.178,8.585
2021-01-11,0.969,2.161,8.571
2021-01-12,0.976,2.161,8.57
2021-01-13,0.979,2.158,8.562
2021-01-14,0.988,2.155,8.56
2021-01-15,0.973,2.144,8.549
2021-01-18,0.968,2.137,8.54
2021-01-19,0.974,2.132,8.532
2021-01-20,0.976,2.129,8.529
2021-01-21,0.971,2.122,8.519
2021-01-22,0.993,2.124,8.517
2021-01-25,1.006,2.124,8.514
2021-01-26,1.007,2.122,8.509
2021-01-27,0.982,2.103,8.494
2021-01-28,0.977,2.097,8.487
2021-01-29,0.971,2.092,8.482
2021-02-01,0.994,2.09,8.474
2021-02-02,0.98,2.069,8.453
2021-02-03,0.978,2.064,8.451
2021-02-04,0.984,2.065,8.453
2021-02-05,0.982,2.061,8.451
2021-02-08,1.001,2.07,8.46
2021-02-09,0.99,2.054,8.448
2021-02-10,0.995,2.055,8.448
2021-02-15,0.998,2.056,8.45
2021-02-16,0.984,2.041,8.42
2021-02-17,0.986,2.043,8.422
2021-02-18,0.985,2.039,8.418
2021-02-19,0.996,2.043,8.423
2021-02-22,1.02,2.059,8.44
2021-02-23,1.02,2.054,8.434
2021-02-24,1.006,2.032,8.414
2021-02-25,0.995,2.035,8.414
2021-02-26,1.02,2.054,8.433
2021-03-02,1.021,2.054,8.433
2021-03-03,1.019,2.051,8.43
2021-03-04,1.03,2.058,8.437
2021-03-05,1.066,2.08,8.461
2021-03-08,1.139,2.117,8.494
2021-03-09,1.206,2.159,8.547
2021-03-10,1.182,2.134,8.507
2021-03-11,1.179,2.123,8.495
2021-03-12,1.223,2.149,8.523
2021-03-15,1.238,2.153,8.53
2021-03-16,1.177,2.114,8.491
2021-03-17,1.177,2.115,8.494
2021-03-18,1.133,2.083,8.443
2021-03-19,1.146,2.092,8.45
2021-03-22,1.13,2.079,8.434
2021-03-23,1.132,2.076,8.431
2021-03-24,1.115,2.059,8.417
2021-03-25,1.089,2.045,8.402
2021-03-26,1.117,2.059,8.417
2021-03-29,1.119,2.059,8.417
2021-03-30,1.155,2.078,8.436
2021-03-31,1.133,2.06,8.418
2021-04-01,1.138,2.063,8.421
2021-04-02,1.151,2.067,8.425
2021-04-05,1.202,2.095,8.453
2021-04-06,1.181,2.078,8.438
2021-04-07,1.181,2.073,8.433
2021-04-08,1.152,2.051,8.413
2021-04-09,1.168,2.056,8.419
2021-04-12,1.14,2.031,8.394
2021-04-13,1.138,2.029,8.39
2021-04-14,1.102,2.003,8.363
2021-04-15,1.147,2.027,8.389
2021-04-16,1.154,2.029,8.391
2021-04-19,1.129,1.914,8.298
2021-04-20,1.134,1.918,8.302
2021-04-21,1.11,1.899,8.277
2021-04-22,1.105,1.896,8.274
2021-04-23,1.12,1.907,8.285
2021-04-26,1.119,1.903,8.281
2021-04-27,1.097,1.885,8.262
2021-04-28,1.105,1.89,8.263
2021-04-29,1.121,1.9,8.272
2021-04-30,1.141,1.914,8.28
2021-05-03,1.149,1.917,8.284
2021-05-04,1.158,1.92,8.287
2021-05-06,1.14,1.9,8.266
2021-05-07,1.137,1.9,8.266
2021-05-10,1.136,1.899,8.264
2021-05-11,1.128,1.892,8.257
2021-05-12,1.121,1.888,8.253
2021-05-13,1.123,1.888,8.254
2021-05-14,1.116,1.882,8.249
2021-05-17,1.107,1.872,8.239
2021-05-18,1.099,1.865,8.232
2021-05-20,1.103,1.869,8.237
2021-05-21,1.095,1.861,8.229
2021-05-24,1.116,1.876,8.244
2021-05-25,1.142,1.89,8.259
2021-05-26,1.161,1.902,8.271
2021-05-27,1.124,1.867,8.237
2021-05-28,1.162,1.899,8.271
2021-05-31,1.227,1.945,8.318
2021-06-01,1.213,1.929,8.303
2021-06-02,1.206,1.924,8.298
2021-06-03,1.191,1.911,8.282
2021-06-04,1.22,1.931,8.301
2021-06-07,1.201,1.911,8.283
2021-06-08,1.174,1.891,8.263
2021-06-09,1.137,1.866,8.237
2021-06-10,1.282,1.88,8.25
2021-06-11,1.276,1.872,8.243
2021-06-14,1.287,1.881,8.255
2021-06-15,1.307,1.896,8.27
2021-06-16,1.286,1.879,8.252
2021-06-17,1.327,1.9,8.281
2021-06-18,1.313,1.888,8.269
2021-06-21,1.351,1.906,8.295
2021-06-22,1.331,1.889,8.275
2021-06-23,1.338,1.893,8.277
2021-06-24,1.384,1.929,8.312
2021-06-25,1.441,1.969,8.353
2021-06-28,1.47,1.993,8.375
2021-06-29,1.459,1.977,8.358
2021-06-30,1.448,1.966,8.344
2021-07-01,1.469,1.975,8.34
2021-07-02,1.484,1.984,8.349
2021-07-05,1.462,1.962,8.321
2021-07-06,1.465,1.964,8.322
2021-07-07,1.41,1.915,8.272
2021-07-08,1.358,1.865,8.222
2021-07-09,1.375,1.874,8.232
2021-07-12,1.384,1.877,8.235
2021-07-13,1.424,1.896,8.259
2021-07-14,1.39,1.869,8.233
2021-07-15,1.497,1.938,8.292
2021-07-16,1.451,1.908,8.262
2021-07-19,1.459,1.908,8.263
2021-07-20,1.41,1.864,8.216
2021-07-21,1.383,1.835,8.19
2021-07-22,1.397,1.843,8.199
2021-07-23,1.393,1.841,8.197
2021-07-26,1.369,1.821,8.176
2021-07-27,1.38,1.83,8.184
2021-07-28,1.419,1.853,8.207
2021-07-29,1.431,1.862,8.216
2021-07-30,1.417,1.847,8.2
2021-08-02,1.435,1.858,8.211
2021-08-03,1.442,1.863,8.215
2021-08-04,1.418,1.841,8.191
2021-08-05,1.414,1.836,8.185
2021-08-06,1.433,1.855,8.202
2021-08-09,1.436,1.859,8.204
2021-08-10,1.432,1.855,8.199
2021-08-11,1.419,1.845,8.187
2021-08-12,1.413,1.84,8.181
2021-08-13,1.407,1.834,8.177
2021-08-17,1.402,1.83,8.173
2021-08-18,1.389,1.817,8.16
2021-08-19,1.36,1.79,8.134
2021-08-20,1.364,1.794,8.136
2021-08-23,1.389,1.82,8.15
2021-08-24,1.438,1.862,8.172
2021-08-25,1.435,1.863,8.167
2021-08-26,1.398,1.836,8.132
2021-08-27,1.408,1.842,8.14
2021-08-30,1.398,1.832,8.129
2021-08-31,1.395,1.829,8.126
2021-09-01,1.417,1.848,8.141
2021-09-02,1.422,1.855,8.146
2021-09-03,1.437,1.865,8.152
2021-09-06,1.459,1.881,8.163
2021-09-07,1.464,1.888,8.168
2021-09-08,1.489,1.908,8.178
2021-09-09,1.499,1.921,8.184
2021-09-10,1.501,1.936,8.186
2021-09-13,1.525,1.962,8.202
2021-09-14,1.535,1.975,8.212
2021-09-15,1.492,1.942,8.18
2021-09-16,1.51,1.958,8.191
2021-09-17,1.535,1.978,8.205
2021-09-23,1.558,1.996,8.218
2021-09-24,1.575,2.017,8.232
2021-09-27,1.566,2.015,8.227
2021-09-28,1.609,2.061,8.26
2021-09-29,1.603,2.057,8.25
2021-09-30,1.593,2.049,8.244
2021-10-01,1.633,2.087,8.263
2021-10-05,1.65,2.101,8.272
2021-10-06,1.719,2.171,8.322
2021-10-07,1.704,2.158,8.26
2021-10-08,1.701,2.156,8.259
2021-10-12,1.815,2.262,8.35
2021-10-13,1.824,2.27,8.356
2021-10-14,1.813,2.261,8.344
2021-10-15,1.795,2.249,8.33
2021-10-18,1.875,2.333,8.403
2021-10-19,1.866,2.325,8.394
2021-10-20,1.847,2.318,8.382
2021-10-21,1.836,2.31,8.372
2021-10-22,1.889,2.362,8.412
2021-10-25,1.919,2.387,8.426
2021-10-26,1.947,2.423,8.453
2021-10-27,2.044,2.506,8.521
2021-10-28,2.017,2.487,8.481
2021-10-29,2.103,2.573,8.545
2021-11-01,2.108,2.58,8.532
2021-11-02,2.038,2.542,8.478
2021-11-03,2.036,2.539,8.466
2021-11-04,2.04,2.544,8.467
2021-11-05,1.944,2.468,8.377
2021-11-08,1.906,2.438,8.333
2021-11-09,1.865,2.403,8.294
2021-11-10,1.877,2.417,8.3
2021-11-11,1.913,2.453,8.331
2021-11-12,1.968,2.499,8.376
2021-11-15,1.912,2.457,8.332
2021-11-16,1.963,2.505,8.375
2021-11-17,1.974,2.517,8.382
2021-11-18,1.953,2.501,8.367
2021-11-19,1.966,2.513,8.375
2021-11-22,2.018,2.563,8.425
2021-11-23,2.031,2.582,8.442
2021-11-24,2.013,2.569,8.43
2021-11-25,1.933,2.499,8.359
2021-11-26,1.863,2.433,8.285
2021-11-29,1.844,2.418,8.273
2021-11-30,1.799,2.373,8.232
2021-12-01,1.813,2.385,8.244
2021-12-02,1.845,2.406,8.267
2021-12-03,1.9,2.464,8.322
2021-12-06,1.865,2.436,8.293
2021-12-07,1.872,2.446,8.303
2021-12-08,1.831,2.409,8.266
2021-12-09,1.794,2.385,8.241
2021-12-10,1.805,2.399,8.255
2021-12-13,1.79,2.402,8.253
2021-12-14,1.784,2.402,8.254
2021-12-15,1.808,2.43,8.281
2021-12-16,1.766,2.398,8.249
2021-12-17,1.767,2.398,8.248
2021-12-20,1.74,2.372,8.225
2021-12-21,1.72,2.355,8.208
2021-12-22,1.757,2.392,8.243
2021-12-23,1.805,2.441,8.29
2021-12-24,1.798,2.438,8.284
2021-12-27,1.776,2.411,8.261
2021-12-28,1.786,2.417,8.268
2021-12-29,1.783,2.409,8.261
2021-12-30,1.799,2.417,8.27
2021-12-31,1.798,2.415,8.27
2022-01-03,1.855,2.46,8.316
2022-01-04,1.868,2.474,8.333
2022-01-05,1.913,2.506,8.368
2022-01-06,2.013,2.59,8.462
2022-01-07,2.015,2.593,8.464
2022-01-10,2.058,2.624,8.493
2022-01-11,2.038,2.611,8.48
2022-01-12,1.998,2.576,8.447
2022-01-13,1.953,2.537,8.409
2022-01-14,2.044,2.6,8.484
2022-01-17,2.148,2.699,8.579
2022-01-18,2.127,2.685,8.565
2022-01-19,2.073,2.645,8.526
2022-01-20,2.119,2.684,8.566
2022-01-21,2.132,2.693,8.577
2022-01-24,2.112,2.675,8.559
2022-01-25,2.174,2.725,8.606
2022-01-26,2.156,2.713,8.591
2022-01-27,2.217,2.781,8.653
2022-01-28,2.189,2.765,8.635
2022-02-03,2.158,2.733,8.601
2022-02-04,2.194,2.771,8.637
2022-02-07,2.237,2.815,8.68
2022-02-08,2.303,2.867,8.733
2022-02-09,2.279,2.857,8.718
2022-02-10,2.264,2.85,8.708
2022-02-11,2.343,2.921,8.776
2022-02-14,2.347,2.926,8.775
2022-02-15,2.345,2.928,8.772
2022-02-16,2.325,2.913,8.756
2022-02-17,2.295,2.895,8.738
2022-02-18,2.322,2.916,8.761
2022-02-21,2.363,2.949,8.794
2022-02-22,2.327,2.916,8.76
2022-02-23,2.317,2.913,8.753
2022-02-24,2.226,2.83,8.675
2022-02-25,2.244,2.854,8.698
2022-02-28,2.242,2.855,8.699
2022-03-02,2.187,2.813,8.654
2022-03-03,2.195,2.835,8.672
2022-03-04,2.214,2.848,8.682
2022-03-07,2.288,2.922,8.756
2022-03-08,2.287,2.931,8.76
2022-03-10,2.267,2.933,8.756
2022-03-11,2.255,2.92,8.746
2022-03-14,2.283,2.947,8.774
2022-03-15,2.285,2.965,8.79
2022-03-16,2.268,2.948,8.777
2022-03-17,2.217,2.902,8.738
2022-03-18,2.231,2.911,8.751
2022-03-21,2.268,2.944,8.783
2022-03-22,2.399,3.045,8.883
2022-03-23,2.426,3.073,8.905
2022-03-24,2.455,3.104,8.934
2022-03-25,2.505,3.163,8.983
2022-03-28,2.747,3.394,9.217
2022-03-29,2.7,3.361,9.181
2022-03-30,2.615,3.291,9.118
2022-03-31,2.663,3.34,9.164
2022-04-01,2.784,3.458,9.281
2022-04-04,2.837,3.499,9.331
2022-04-05,2.879,3.542,9.376
2022-04-06,2.941,3.592,9.425
2022-04-07,2.905,3.562,9.401
2022-04-08,2.987,3.636,9.474
2022-04-11,3.186,3.813,9.638
2022-04-12,3.105,3.774,9.599
2022-04-13,3.001,3.688,9.521
2022-04-14,2.888,3.583,9.429
2022-04-15,2.944,3.64,9.485
2022-04-18,2.99,3.689,9.53
2022-04-19,2.981,3.671,9.517
2022-04-20,2.957,3.662,9.509
2022-04-21,2.927,3.647,9.493
2022-04-22,2.971,3.688,9.531
2022-04-25,2.857,3.602,9.453
2022-04-26,2.83,3.584,9.437
2022-04-27,2.899,3.595,9.455
2022-04-28,2.925,3.636,9.485
2022-04-29,2.958,3.68,9.52
2022-05-02,3.086,3.794,9.633
2022-05-03,3.139,3.855,9.687
2022-05-04,3.178,3.887,9.723
2022-05-06,3.146,3.873,9.719
2022-05-09,3.062,3.8,9.641
2022-05-10,3.046,3.783,9.627
2022-05-11,2.928,3.691,9.534
2022-05-12,2.9,3.657,9.506
2022-05-13,2.911,3.673,9.517
2022-05-16,3.046,3.781,9.627
2022-05-17,3.031,3.784,9.626
2022-05-18,3.069,3.832,9.675
2022-05-19,3.046,3.821,9.667
2022-05-20,3.011,3.784,9.628
2022-05-23,3.018,3.796,9.641
2022-05-24,2.967,3.742,9.59
2022-05-25,2.946,3.72,9.566
2022-05-26,2.955,3.733,9.577
2022-05-27,2.947,3.728,9.571
2022-05-30,2.942,3.724,9.57
2022-05-31,3.027,3.807,9.65
2022-06-02,3.125,3.897,9.74
2022-06-03,3.121,3.896,9.74
2022-06-07,3.232,4.001,9.847
2022-06-08,3.209,3.982,9.826
2022-06-09,3.171,3.958,9.804
2022-06-10,3.275,3.996,9.857
2022-06-13,3.514,4.222,10.072
2022-06-14,3.548,4.27,10.109
2022-06-15,3.666,4.371,10.209
2022-06-16,3.728,4.437,10.272
2022-06-17,3.745,4.468,10.306
2022-06-20,3.675,4.414,10.261
2022-06-21,3.663,4.402,10.249
2022-06-22,3.522,4.275,10.142
2022-06-23,3.608,4.363,10.221
2022-06-24,3.523,4.297,10.149
2022-06-27,3.568,4.344,10.194
2022-06-28,3.552,4.339,10.191
2022-06-29,3.552,4.359,10.205
2022-06-30,3.55,4.361,10.207
2022-07-01,3.439,4.257,10.099
2022-07-04,3.43,4.247,10.091
2022-07-05,3.301,4.128,9.975
2022-07-06,3.239,4.086,9.938
2022-07-07,3.262,4.113,9.964
2022-07-08,3.315,4.186,10.035
2022-07-11,3.324,4.198,10.047
2022-07-12,3.291,4.158,10.006
2022-07-13,3.211,4.094,9.942
2022-07-14,3.26,4.139,9.989
2022-07-15,3.205,4.091,9.946
2022-07-18,3.212,4.104,9.956
2022-07-19,3.192,4.092,9.941
2022-07-20,3.296,4.197,10.047
2022-07-21,3.294,4.202,10.052
2022-07-22,3.218,4.135,9.984
2022-07-25,3.153,4.082,9.93
2022-07-26,3.121,4.063,9.912
2022-07-27,3.09,4.033,9.886
2022-07-28,3.13,4.082,9.932
2022-07-29,3.009,3.969,9.819
2022-08-01,3.081,4.043,9.893
2022-08-02,3.012,3.983,9.831
2022-08-03,3.065,4.045,9.891
2022-08-04,3.114,4.091,9.937
2022-08-05,3.079,4.056,9.904
2022-08-08,3.134,4.113,9.962
2022-08-09,3.134,4.119,9.967
2022-08-10,3.154,4.133,9.982
2022-08-11,3.124,4.111,9.96
2022-08-12,3.181,4.159,10.006
2022-08-16,3.078,4.057,9.906
2022-08-17,3.087,4.076,9.926
2022-08-18,3.125,4.114,9.964
2022-08-19,3.197,4.186,10.036
2022-08-22,3.245,4.235,10.086
2022-08-23,3.281,4.27,10.123
2022-08-24,3.311,4.298,10.155
2022-08-25,3.531,4.507,10.365
2022-08-26,3.525,4.499,10.356
2022-08-29,3.653,4.621,10.482
2022-08-30,3.642,4.618,10.475
2022-08-31,3.685,4.658,10.517
2022-09-01,3.778,4.747,10.605
2022-09-02,3.678,4.655,10.518
2022-09-05,3.616,4.596,10.453
2022-09-06,3.682,4.662,10.517
2022-09-07,3.685,4.668,10.524
2022-09-08,3.543,4.541,10.398
2022-09-13,3.536,4.525,10.38
2022-09-14,3.585,4.579,10.433
2022-09-15,3.77,4.759,10.613
2022-09-16,3.767,4.758,10.614
2022-09-19,3.759,4.751,10.609
2022-09-20,3.823,4.806,10.664
2022-09-21,3.847,4.843,10.698
2022-09-22,4.104,5.092,10.947
2022-09-23,4.199,5.189,11.043
2022-09-26,4.548,5.528,11.382
2022-09-27,4.304,5.308,11.164
2022-09-28,4.338,5.342,11.202
2022-09-29,4.303,5.378,11.232
2022-09-30,4.186,5.28,11.133
2022-10-04,4.081,5.175,11.028
2022-10-05,4.157,5.242,11.093
2022-10-06,4.145,5.231,11.083
2022-10-07,4.276,5.358,11.211
2022-10-11,4.342,5.436,11.284
2022-10-12,4.107,5.21,11.063
2022-10-13,4.203,5.31,11.164
2022-10-14,4.207,5.32,11.173
2022-10-17,4.239,5.373,11.233
2022-10-18,4.242,5.408,11.264
2022-10-19,4.331,5.533,11.388
2022-10-20,4.35,5.588,11.444
2022-10-21,4.495,5.736,11.591
2022-10-24,4.305,5.592,11.446
2022-10-25,4.221,5.528,11.382
2022-10-26,4.208,5.553,11.404
2022-10-27,4.254,5.62,11.466
2022-10-28,4.112,5.487,11.337
2022-10-31,4.185,5.58,11.424
2022-11-01,4.068,5.486,11.332
2022-11-02,4.095,5.533,11.378
2022-11-03,4.158,5.616,11.461
2022-11-04,4.118,5.591,11.438
2022-11-07,4.186,5.662,11.511
2022-11-08,4.156,5.642,11.493
2022-11-09,4.086,5.594,11.442
2022-11-10,4.033,5.551,11.402
2022-11-11,3.834,5.361,11.208
2022-11-14,3.85,5.42,11.267
2022-11-15,3.753,5.346,11.194
2022-11-16,3.808,5.416,11.261
2022-11-17,3.804,5.427,11.27
2022-11-18,3.787,5.429,11.272
2022-11-21,3.837,5.492,11.333
2022-11-22,3.844,5.516,11.357
2022-11-23,3.849,5.536,11.377
2022-11-24,3.689,5.402,11.239
2022-11-25,3.644,5.376,11.211
2022-11-28,3.669,5.405,11.242
2022-11-29,3.723,5.468,11.308
2022-11-30,3.689,5.445,11.283
2022-12-01,3.65,5.422,11.259
2022-12-02,3.616,5.386,11.228
2022-12-05,3.609,5.37,11.211
2022-12-06,3.633,5.387,11.228
2022-12-07,3.672,5.411,11.25
2022-12-08,3.676,5.412,11.252
2022-12-09,3.657,5.391,11.236
2022-12-12,3.623,5.383,11.22
2022-12-13,3.623,5.374,11.217
2022-12-14,3.53,5.272,11.12
2022-12-15,3.536,5.263,11.118
2022-12-16,3.539,5.227,11.092
2022-12-19,3.545,5.217,11.086
2022-12-20,3.685,5.333,11.204
2022-12-21,3.638,5.272,11.148
2022-12-22,3.567,5.192,11.074
2022-12-23,3.623,5.215,11.115
2022-12-26,3.663,5.235,11.143
2022-12-27,3.662,5.219,11.135
2022-12-28,3.668,5.203,11.127
2022-12-29,3.719,5.238,11.169
2022-12-30,3.722,5.231,11.166
2023-01-02,3.782,5.262,11.201
2023-01-03,3.661,5.131,11.088
2023-01-04,3.632,5.078,11.041
2023-01-05,3.644,5.06,11.036
2023-01-06,3.681,5.062,11.051
2023-01-09,3.577,4.93,10.94
2023-01-10,3.556,4.887,10.913
2023-01-11,3.472,4.784,10.826
2023-01-12,3.466,4.73,10.8
2023-01-13,3.369,4.62,10.705
2023-01-16,3.454,4.661,10.763
2023-01-17,3.484,4.677,10.789
2023-01-18,3.39,4.56,10.687
2023-01-19,3.248,4.403,10.547
2023-01-20,3.33,4.453,10.605
2023-01-25,3.285,4.4,10.562
2023-01-26,3.273,4.361,10.545
2023-01-27,3.304,4.364,10.563
2023-01-30,3.271,4.31,10.523
2023-01-31,3.325,4.344,10.567
2023-02-01,3.263,4.268,10.5
2023-02-02,3.183,4.177,10.423
2023-02-03,3.11,4.081,10.344
2023-02-06,3.283,4.237,10.504
2023-02-07,3.315,4.244,10.527
2023-02-08,3.339,4.244,10.538
2023-02-09,3.401,4.254,10.581
2023-02-10,3.398,4.231,10.571
2023-02-13,3.452,4.252,10.613
2023-02-14,3.429,4.207,10.585
2023-02-15,3.502,4.255,10.642
2023-02-16,3.504,4.239,10.638
2023-02-17,3.639,4.345,10.762
2023-02-20,3.677,4.369,10.797
2023-02-21,3.623,4.324,10.748
2023-02-22,3.645,4.342,10.763
2023-02-23,3.599,4.311,10.729
2023-02-24,3.555,4.255,10.675
2023-02-27,3.683,4.366,10.785
2023-02-28,3.797,4.484,10.899
2023-03-02,3.878,4.558,10.972
2023-03-03,3.791,4.471,10.893
2023-03-06,3.774,4.458,10.878
2023-03-07,3.726,4.41,10.832
2023-03-08,3.855,4.534,10.955
2023-03-09,3.858,4.54,10.961
2023-03-10,3.703,4.396,10.819
2023-03-13,3.435,4.149,10.58
2023-03-14,3.381,4.085,10.515
2023-03-15,3.473,4.169,10.595
2023-03-16,3.4,4.098,10.521
2023-03-17,3.415,4.11,10.531
2023-03-20,3.264,3.986,10.399
2023-03-21,3.294,4.016,10.43
2023-03-22,3.284,4.014,10.426
2023-03-23,3.206,3.97,10.376
2023-03-24,3.16,3.928,10.323
2023-03-27,3.22,3.989,10.38
2023-03-28,3.258,4.029,10.416
2023-03-29,3.249,4.027,10.414
2023-03-30,3.24,4.035,10.418
2023-03-31,3.27,4.074,10.457
2023-04-03,3.342,4.139,10.523
2023-04-04,3.279,4.081,10.465
2023-04-05,3.264,4.072,10.458
2023-04-06,3.211,4.022,10.407
2023-04-07,3.24,4.049,10.435
2023-04-10,3.192,4.004,10.394
2023-04-11,3.231,4.041,10.431
2023-04-12,3.233,4.042,10.434
2023-04-13,3.199,4.009,10.4
2023-04-14,3.215,4.022,10.413
2023-04-17,3.287,4.092,10.483
2023-04-18,3.294,4.101,10.49
2023-04-19,3.337,4.146,10.532
2023-04-20,3.334,4.146,10.532
2023-04-21,3.267,4.083,10.468
2023-04-24,3.23,4.051,10.433
2023-04-25,3.265,4.076,10.459
2023-04-26,3.259,4.069,10.45
2023-04-27,3.288,4.094,10.476
2023-04-28,3.293,4.105,10.486
2023-05-02,3.335,4.14,10.522
2023-05-03,3.281,4.094,10.473
2023-05-04,3.21,4.03,10.411
2023-05-08,3.261,4.079,10.458
2023-05-09,3.256,4.069,10.45
2023-05-10,3.273,4.086,10.468
2023-05-11,3.22,4.032,10.415
2023-05-12,3.225,4.035,10.418
2023-05-15,3.279,4.089,10.471
2023-05-16,3.242,4.056,10.439
2023-05-17,3.274,4.084,10.467
2023-05-18,3.316,4.123,10.508
2023-05-19,3.34,4.148,10.535
2023-05-22,3.321,4.127,10.513
2023-05-23,3.373,4.181,10.567
2023-05-24,3.378,4.183,10.57
2023-05-25,3.48,4.28,10.669
2023-05-26,3.524,4.328,10.719
2023-05-30,3.56,4.359,10.751
2023-05-31,3.459,4.262,10.653
2023-06-01,3.478,4.285,10.675
2023-06-02,3.436,4.244,10.632
2023-06-05,3.502,4.307,10.694
2023-06-07,3.471,4.273,10.662
2023-06-08,3.543,4.344,10.731
2023-06-09,3.506,4.309,10.697
2023-06-12,3.493,4.302,10.691
2023-06-13,3.484,4.297,10.684
2023-06-14,3.545,4.356,10.743
2023-06-15,3.626,4.437,10.826
2023-06-16,3.585,4.395,10.785
2023-06-19,3.583,4.39,10.78
2023-06-20,3.567,4.38,10.77
2023-06-21,3.571,4.378,10.769
2023-06-22,3.592,4.4,10.79
2023-06-23,3.609,4.419,10.809
2023-06-26,3.568,4.375,10.765
2023-06-27,3.538,4.348,10.738
2023-06-28,3.557,4.365,10.754
2023-06-29,3.584,4.391,10.777
2023-06-30,3.662,4.473,10.86
2023-07-03,3.613,4.421,10.81
2023-07-04,3.619,4.429,10.817
2023-07-05,3.618,4.425,10.813
2023-07-06,3.676,4.475,10.866
2023-07-07,3.735,4.534,10.923
2023-07-10,3.795,4.594,10.983
2023-07-11,3.703,4.502,10.896
2023-07-12,3.704,4.512,10.9
2023-07-13,3.602,4.408,10.798
2023-07-14,3.614,4.42,10.808
2023-07-17,3.611,4.414,10.801
2023-07-18,3.596,4.398,10.787
2023-07-19,3.543,4.341,10.732
2023-07-20,3.581,4.379,10.771
2023-07-21,3.602,4.399,10.79
2023-07-24,3.617,4.41,10.801
2023-07-25,3.645,4.435,10.83
2023-07-26,3.627,4.413,10.813
2023-07-27,3.587,4.374,10.774
2023-07-28,3.635,4.423,10.823
2023-07-31,3.681,4.467,10.867
2023-08-01,3.647,4.435,10.835
2023-08-02,3.677,4.466,10.865
2023-08-03,3.714,4.496,10.896
2023-08-04,3.738,4.519,10.921
2023-08-07,3.689,4.468,10.872
2023-08-08,3.647,4.424,10.831
2023-08-09,3.672,4.448,10.854
2023-08-10,3.687,4.464,10.871
2023-08-11,3.698,4.475,10.883
2023-08-14,3.747,4.52,10.931
2023-08-16,3.712,4.488,10.899
2023-08-17,3.788,4.561,10.972
2023-08-18,3.729,4.501,10.912
2023-08-21,3.795,4.563,10.975
2023-08-22,3.802,4.569,10.982
2023-08-23,3.771,4.536,10.949
2023-08-24,3.759,4.524,10.938
2023-08-25,3.789,4.554,10.968
2023-08-28,3.759,4.524,10.938
2023-08-29,3.74,4.503,10.918
2023-08-30,3.732,4.496,10.911
2023-08-31,3.711,4.473,10.891
2023-09-01,3.689,4.447,10.865
2023-09-04,3.738,4.498,10.914
2023-09-05,3.765,4.527,10.943
2023-09-06,3.765,4.521,10.94
2023-09-07,3.847,4.599,11.018
2023-09-08,3.795,4.552,10.973
2023-09-11,3.865,4.622,11.042
2023-09-12,3.863,4.621,11.041
2023-09-13,3.853,4.617,11.037
2023-09-14,3.836,4.596,11.015
2023-09-15,3.85,4.608,11.029
2023-09-18,3.891,4.648,11.074
2023-09-19,3.887,4.641,11.067
2023-09-20,3.89,4.645,11.069
2023-09-21,3.93,4.689,11.108
2023-09-22,3.876,4.65,11.072
2023-09-25,3.876,4.64,11.06
2023-09-26,3.891,4.654,11.073
2023-09-27,3.884,4.658,11.073
2023-10-04,4.108,4.871,11.281
2023-10-05,4.081,4.855,11.26
2023-10-06,4.015,4.796,11.199
2023-10-10,3.997,4.777,11.178
2023-10-11,3.953,4.735,11.136
2023-10-12,3.932,4.719,11.118
2023-10-13,3.957,4.748,11.144
2023-10-16,3.973,4.769,11.166
2023-10-17,3.991,4.787,11.181
2023-10-18,4.031,4.83,11.225
2023-10-19,4.07,4.872,11.266
2023-10-20,4.033,4.838,11.231
2023-10-23,4.055,4.861,11.255
2023-10-24,4.004,4.81,11.202
2023-10-25,4.038,4.844,11.234
2023-10-26,4.104,4.906,11.294
2023-10-27,4.073,4.884,11.269
2023-10-30,4.089,4.905,11.287
2023-10-31,4.085,4.908,11.288
2023-11-01,4.071,4.9,11.277
2023-11-02,3.979,4.811,11.186
2023-11-03,3.949,4.789,11.163
2023-11-06,3.877,4.721,11.094
2023-11-07,3.887,4.731,11.103
2023-11-08,3.868,4.715,11.085
2023-11-09,3.847,4.695,11.067
2023-11-10,3.862,4.711,11.081
2023-11-13,3.877,4.727,11.1
2023-11-14,3.857,4.704,11.079
2023-11-15,3.744,4.591,10.967
2023-11-16,3.701,4.541,10.922
2023-11-17,3.681,4.504,10.893
2023-11-20,3.667,4.469,10.871
2023-11-21,3.644,4.436,10.845
2023-11-22,3.666,4.45,10.864
2023-11-23,3.644,4.418,10.839
2023-11-24,3.677,4.443,10.872
2023-11-27,3.689,4.448,10.879
2023-11-28,3.648,4.397,10.83
2023-11-29,3.554,4.297,10.733
2023-11-30,3.583,4.319,10.756
2023-12-01,3.587,4.309,10.753
2023-12-04,3.531,4.252,10.7
2023-12-05,3.484,4.197,10.648
2023-12-06,3.463,4.17,10.621
2023-12-07,3.511,4.211,10.667
2023-12-08,3.461,4.167,10.626
2023-12-11,3.48,4.196,10.657
2023-12-12,3.446,4.171,10.631
2023-12-13,3.465,4.186,10.647
2023-12-14,3.258,3.98,10.437
2023-12-15,3.281,4.01,10.469
2023-12-18,3.277,4.005,10.464
2023-12-19,3.296,4.022,10.482
2023-12-20,3.232,3.975,10.43
2023-12-21,3.236,3.975,10.427
2023-12-22,3.234,3.972,10.423
2023-12-26,3.221,3.962,10.412
2023-12-27,3.22,3.958,10.407
2023-12-28,3.154,3.898,10.342
2023-12-29,3.154,3.898,10.342
2024-01-02,3.24,3.98,10.427
2024-01-03,3.278,4.017,10.457
2024-01-04,3.227,3.977,10.427
2024-01-05,3.283,4.032,10.482
2024-01-08,3.297,4.045,10.498
2024-01-09,3.255,4.004,10.455
2024-01-10,3.269,4.017,10.47
2024-01-11,3.227,3.976,10.428
2024-01-12,3.204,3.953,10.402
2024-01-15,3.191,3.939,10.385
2024-01-16,3.235,3.982,10.426
2024-01-17,3.277,4.025,10.465
2024-01-18,3.285,4.034,10.473
2024-01-19,3.307,4.058,10.492
2024-01-22,3.278,4.03,10.464
2024-01-23,3.286,4.041,10.473
2024-01-24,3.3,4.051,10.481
2024-01-25,3.313,4.061,10.49
2024-01-26,3.263,4.01,10.439
2024-01-29,3.304,4.051,10.476
2024-01-30,3.268,4.009,10.432
2024-01-31,3.261,4.002,10.424
2024-02-01,3.267,4.001,10.415
2024-02-02,3.248,3.982,10.39
2024-02-05,3.312,4.047,10.454
2024-02-06,3.292,4.028,10.436
2024-02-07,3.286,4.019,10.427
2024-02-08,3.305,4.034,10.442
2024-02-13,3.353,4.074,10.479
2024-02-14,3.425,4.141,10.533
2024-02-15,3.405,4.117,10.502
2024-02-16,3.405,4.115,10.499
2024-02-19,3.397,4.102,10.483
2024-02-20,3.405,4.105,10.483
2024-02-21,3.402,4.09,10.464
2024-02-22,3.342,4.023,10.394
2024-02-23,3.374,4.045,10.415
2024-02-26,3.34,4.005,10.373
2024-02-27,3.364,4.025,10.392
2024-02-28,3.359,4.015,10.379
2024-02-29,3.385,4.037,10.4
2024-03-04,3.36,4.008,10.362
2024-03-05,3.349,3.992,10.325
2024-03-06,3.325,3.962,10.282
2024-03-07,3.321,3.959,10.278
2024-03-08,3.271,3.91,10.219
2024-03-11,3.275,3.914,10.216
2024-03-12,3.273,3.917,10.214
2024-03-13,3.251,3.899,10.174
2024-03-14,3.273,3.922,10.184
2024-03-15,3.308,3.953,10.201
2024-03-18,3.348,3.993,10.233
2024-03-19,3.383,4.022,10.258
2024-03-20,3.371,4.006,10.24
2024-03-21,3.306,3.942,10.176
2024-03-22,3.284,3.918,10.148
2024-03-25,3.29,3.915,10.142
2024-03-26,3.301,3.923,10.149
2024-03-27,3.288,3.903,10.13
2024-03-28,3.293,3.903,10.129
2024-03-29,3.322,3.926,10.149
2024-04-01,3.291,3.896,10.118
2024-04-02,3.333,3.926,10.146
2024-04-03,3.341,3.927,10.148
2024-04-04,3.338,3.919,10.14
2024-04-05,3.329,3.902,10.125
2024-04-08,3.383,3.945,10.16
2024-04-09,3.391,3.953,10.166
2024-04-11,3.466,4.016,10.22
2024-04-12,3.403,3.961,10.166
2024-04-15,3.44,3.983,10.19
2024-04-16,3.469,4.01,10.217
2024-04-17,3.475,4.007,10.212
2024-04-18,3.427,3.96,10.17
2024-04-19,3.468,3.982,10.193
2024-04-22,3.512,4.019,10.232
2024-04-23,3.489,3.992,10.209
2024-04-24,3.509,4.004,10.22
2024-04-25,3.543,4.029,10.252
2024-04-26,3.531,4.012,10.234
2024-04-29,3.552,4.024,10.244
2024-04-30,3.529,3.995,10.214
2024-05-02,3.509,3.972,10.189
2024-05-03,3.5,3.958,10.169
2024-05-07,3.448,3.912,10.116
2024-05-08,3.439,3.901,10.099
2024-05-09,3.453,3.913,10.112
2024-05-10,3.44,3.894,10.089
2024-05-13,3.452,3.904,10.097
2024-05-14,3.454,3.9,10.089
2024-05-16,3.375,3.82,10.011
2024-05-17,3.379,3.825,10.009
2024-05-20,3.412,3.853,10.031
2024-05-21,3.411,3.853,10.024
2024-05-22,3.409,3.848,10.016
2024-05-23,3.402,3.84,10.003
2024-05-24,3.423,3.861,10.018
2024-05-27,3.413,3.851,10.003
2024-05-28,3.394,3.828,9.979
2024-05-29,3.425,3.855,10.004
2024-05-30,3.44,3.867,10.015
2024-05-31,3.452,3.871,10.016
2024-06-03,3.434,3.853,9.996
2024-06-04,3.39,3.81,9.951
2024-06-05,3.345,3.771,9.908
2024-06-07,3.308,3.736,9.871
2024-06-10,3.353,3.782,9.912
2024-06-11,3.341,3.775,9.902
2024-06-12,3.307,3.745,9.87
2024-06-13,3.277,3.718,9.844
2024-06-14,3.252,3.694,9.819
2024-06-17,3.212,3.662,9.779
2024-06-18,3.214,3.666,9.778
2024-06-19,3.162,3.62,9.724
2024-06-20,3.196,3.648,9.751
2024-06-21,3.176,3.637,9.735
2024-06-24,3.194,3.656,9.752
2024-06-25,3.201,3.662,9.759
2024-06-26,3.215,3.676,9.772
2024-06-27,3.22,3.684,9.778
2024-06-28,3.182,3.658,9.749
2024-07-01,3.21,3.681,9.772
2024-07-02,3.169,3.634,9.724
2024-07-03,3.16,3.624,9.713
2024-07-04,3.128,3.591,9.675
2024-07-05,3.115,3.582,9.663
2024-07-08,3.119,3.58,9.655
2024-07-09,3.114,3.572,9.649
2024-07-10,3.12,3.576,9.652
2024-07-11,3.163,3.614,9.692
2024-07-12,3.101,3.552,9.63
2024-07-15,3.076,3.538,9.616
2024-07-16,3.035,3.496,9.572
2024-07-17,3.05,3.509,9.583
2024-07-18,3.058,3.513,9.588
2024-07-19,3.074,3.525,9.6
2024-07-22,3.071,3.522,9.595
2024-07-23,3.084,3.533,9.606
2024-07-24,3.046,3.509,9.579
2024-07-25,3.024,3.484,9.552
2024-07-26,3.024,3.482,9.54
2024-07-29,2.978,3.434,9.484
2024-07-30,2.994,3.451,9.489
2024-07-31,3.004,3.459,9.492
2024-08-01,2.976,3.431,9.46
2024-08-02,2.939,3.394,9.422
2024-08-05,2.806,3.271,9.291
2024-08-06,2.935,3.398,9.415
2024-08-07,2.929,3.397,9.408
2024-08-08,2.911,3.38,9.385
2024-08-09,2.941,3.409,9.412
2024-08-12,2.946,3.421,9.418
2024-08-13,2.918,3.395,9.39
2024-08-14,2.888,3.37,9.36
2024-08-16,2.928,3.415,9.401
2024-08-19,2.927,3.424,9.403
2024-08-20,2.944,3.442,9.418
2024-08-21,2.94,3.439,9.414
2024-08-22,2.907,3.422,9.385
2024-08-23,2.92,3.439,9.397
2024-08-26,2.89,3.414,9.367
2024-08-27,2.94,3.465,9.415
2024-08-28,2.919,3.456,9.397
2024-08-29,2.939,3.484,9.417
2024-08-30,2.953,3.503,9.43
2024-09-02,2.989,3.542,9.465
2024-09-03,2.981,3.545,9.464
2024-09-04,2.931,3.497,9.413
2024-09-05,2.905,3.48,9.387
2024-09-06,2.881,3.46,9.364
2024-09-09,2.897,3.471,9.371
2024-09-10,2.877,3.451,9.347
2024-09-11,2.82,3.406,9.299
2024-09-12,2.866,3.449,9.335
2024-09-13,2.822,3.41,9.291
2024-09-19,2.843,3.432,9.307
2024-09-20,2.838,3.426,9.3
2024-09-23,2.864,3.449,9.319
2024-09-24,2.854,3.439,9.306
2024-09-25,2.812,3.401,9.268
2024-09-26,2.807,3.395,9.261
2024-09-27,2.826,3.409,9.274
2024-09-30,2.811,3.397,9.26
2024-10-02,2.78,3.37,9.23
2024-10-04,2.824,3.415,9.271
2024-10-07,2.96,3.546,9.401
2024-10-08,2.932,3.517,9.374
2024-10-10,2.962,3.542,9.402
2024-10-11,2.947,3.523,9.385
2024-10-14,2.938,3.509,9.373
2024-10-15,2.906,3.475,9.34
2024-10-16,2.88,3.452,9.315
2024-10-17,2.897,3.467,9.329
2024-10-18,2.908,3.48,9.342
2024-10-21,2.902,3.471,9.332
2024-10-22,2.943,3.512,9.372
2024-10-23,2.936,3.508,9.368
2024-10-24,2.891,3.46,9.319
2024-10-25,2.882,3.451,9.31
2024-10-28,2.932,3.503,9.351
2024-10-29,2.936,3.504,9.347
2024-10-30,2.937,3.502,9.343
2024-10-31,2.936,3.503,9.342
2024-11-01,2.939,3.507,9.344
2024-11-04,2.935,3.507,9.342
2024-11-05,2.918,3.491,9.326
2024-11-06,2.96,3.529,9.365
2024-11-07,2.922,3.492,9.328
2024-11-08,2.889,3.461,9.293
2024-11-11,2.901,3.471,9.296
2024-11-12,2.9,3.467,9.288
2024-11-13,2.939,3.501,9.319
2024-11-14,2.929,3.492,9.308
2024-11-15,2.941,3.506,9.32
2024-11-18,2.915,3.482,9.298
2024-11-19,2.889,3.457,9.274
2024-11-20,2.873,3.438,9.254
2024-11-21,2.829,3.396,9.211
2024-11-22,2.816,3.385,9.199
2024-11-25,2.773,3.342,9.154
2024-11-26,2.773,3.343,9.151
2024-11-27,2.741,3.316,9.122
2024-11-28,2.638,3.22,9.024
2024-11-29,2.607,3.194,8.989
2024-12-02,2.567,3.156,8.95
2024-12-03,2.585,3.169,8.962
2024-12-04,2.626,3.21,8.994
2024-12-05,2.603,3.194,8.977
2024-12-06,2.62,3.212,8.994
2024-12-09,2.579,3.173,8.955
2024-12-10,2.524,3.175,8.957
2024-12-11,2.536,3.188,8.97
2024-12-12,2.549,3.2,8.981
2024-12-13,2.541,3.197,8.977
2024-12-16,2.553,3.212,8.991
2024-12-17,2.621,3.279,9.056
2024-12-18,2.536,3.203,8.978
2024-12-19,2.603,3.275,9.046
2024-12-20,2.629,3.3,9.069
2024-12-23,2.616,3.292,9.061
2024-12-24,2.626,3.308,9.077
2024-12-26,2.648,3.33,9.098
2024-12-27,2.634,3.321,9.087
2024-12-30,2.597,3.285,9.055
2024-12-31,2.596,3.284,9.054
2025-01-02,2.507,3.197,8.965
2025-01-03,2.482,3.17,8.936
2025-01-06,2.524,3.202,8.969
2025-01-07,2.508,3.187,8.951
2025-01-08,2.505,3.182,8.947
2025-01-09,2.5,3.174,8.939
2025-01-10,2.561,3.22,8.979
2025-01-13,2.664,3.306,9.062
2025-01-14,2.646,3.292,9.048
2025-01-15,2.675,3.315,9.071
2025-01-16,2.626,3.276,9.033
2025-01-17,2.588,3.241,8.998
2025-01-20,2.623,3.268,9.027
2025-01-21,2.579,3.227,8.986
2025-01-22,2.577,3.227,8.986
2025-01-23,2.578,3.218,8.978
2025-01-24,2.57,3.21,8.968
2025-01-31,2.573,3.204,8.963
2025-02-03,2.572,3.196,8.957
2025-02-04,2.584,3.208,8.97
2025-02-05,2.578,3.198,8.963
2025-02-06,2.582,3.196,8.961
2025-02-07,2.635,3.242,9.007
2025-02-10,2.638,3.239,9.002
2025-02-11,2.633,3.228,8.993
2025-02-12,2.651,3.238,9.005
2025-02-13,2.631,3.227,8.995
2025-02-14,2.611,3.208,8.975
2025-02-17,2.623,3.215,8.983
2025-02-18,2.641,3.224,8.993
2025-02-19,2.63,3.214,8.985
2025-02-20,2.628,3.212,8.982
2025-02-21,2.618,3.2,8.971
2025-02-24,2.61,3.191,8.961
2025-02-25,2.596,3.178,8.947
2025-02-26,2.591,3.168,8.936
2025-02-27,2.592,3.172,8.938
2025-02-28,2.566,3.157,8.921
2025-03-04,2.541,3.132,8.901
2025-03-05,2.565,3.151,8.923
2025-03-06,2.594,3.174,8.945
2025-03-07,2.565,3.144,8.916
2025-03-10,2.596,3.166,8.935
2025-03-11,2.56,3.131,8.901
2025-03-12,2.55,3.127,8.896
2025-03-13,2.57,3.138,8.904
2025-03-14,2.596,3.161,8.923
2025-03-17,2.601,3.171,8.929
2025-03-18,2.598,3.168,8.923
2025-03-19,2.621,3.184,8.937
2025-03-20,2.598,3.168,8.919
2025-03-21,2.597,3.165,8.916
2025-03-24,2.604,3.171,8.923
2025-03-25,2.612,3.179,8.932
2025-03-26,2.618,3.187,8.943
2025-03-27,2.622,3.182,8.941
2025-03-28,2.629,3.184,8.943
2025-03-31,2.569,3.14,8.899
2025-04-01,2.581,3.153,8.911
2025-04-02,2.584,3.151,8.906
2025-04-03,2.529,3.101,8.856
2025-04-04,2.461,3.035,8.79
2025-04-07,2.405,2.986,8.739
2025-04-08,2.413,2.995,8.748
2025-04-09,2.434,3.01,8.764
2025-04-10,2.437,3.017,8.769
2025-04-11,2.411,2.996,8.747
2025-04-14,2.408,2.998,8.75
2025-04-15,2.399,2.984,8.739
2025-04-16,2.351,2.941,8.696
2025-04-17,2.385,2.968,8.722
2025-04-18,2.362,2.942,8.695
2025-04-21,2.331,2.918,8.671
2025-04-22,2.33,2.923,8.676
2025-04-23,2.337,2.927,8.68
2025-04-24,2.341,2.93,8.685
2025-04-25,2.305,2.901,8.652
2025-04-28,2.316,2.909,8.657
2025-04-29,2.31,2.903,8.653
2025-04-30,2.267,2.868,8.62
2025-05-02,2.282,2.872,8.625
2025-05-07,2.253,2.846,8.598
2025-05-08,2.281,2.867,8.619
2025-05-09,2.331,2.91,8.663
2025-05-12,2.33,2.91,8.662
2025-05-13,2.37,2.939,8.691
2025-05-14,2.351,2.924,8.675
2025-05-15,2.362,2.931,8.681
2025-05-16,2.319,2.896,8.647
2025-05-19,2.366,2.935,8.682
2025-05-20,2.33,2.907,8.653
2025-05-21,2.345,2.921,8.669
2025-05-22,2.336,2.917,8.658
2025-05-23,2.338,2.921,8.662
2025-05-26,2.348,2.926,8.667
2025-05-27,2.34,2.913,8.656
2025-05-28,2.314,2.893,8.641
2025-05-29,2.341,2.914,8.662
2025-05-30,2.347,2.917,8.669
2025-06-02,2.34,2.916,8.671
2025-06-04,2.414,2.982,8.739
2025-06-05,2.412,2.973,8.732
2025-06-09,2.405,2.96,8.723
2025-06-10,2.385,2.955,8.718
2025-06-11,2.419,2.974,8.741
2025-06-12,2.429,2.972,8.747
2025-06-13,2.462,2.997,8.774
2025-06-16,2.483,3.016,8.799
2025-06-17,2.448,2.986,8.77
2025-06-18,2.472,3.0,8.789
2025-06-19,2.475,3.005,8.796
2025-06-20,2.463,2.996,8.79
2025-06-23,2.498,3.019,8.817
2025-06-24,2.461,2.983,8.785
2025-06-25,2.46,2.981,8.784
2025-06-26,2.454,2.969,8.773
2025-06-27,2.453,2.967,8.778
2025-06-30,2.452,2.963,8.776
2025-07-01,2.454,2.959,8.775
2025-07-02,2.483,2.981,8.799
2025-07-03,2.449,2.952,8.774
2025-07-04,2.467,2.965,8.789
2025-07-07,2.482,2.973,8.797
2025-07-08,2.477,2.968,8.792
2025-07-09,2.478,2.967,8.791
2025-07-10,2.433,2.928,8.757
2025-07-11,2.448,2.938,8.766
2025-07-14,2.474,2.959,8.786
2025-07-15,2.463,2.953,8.782
2025-07-16,2.459,2.95,8.779
2025-07-17,2.479,2.968,8.796
2025-07-18,2.474,2.961,8.79
2025-07-21,2.456,2.948,8.777
2025-07-22,2.463,2.952,8.781
2025-07-23,2.458,2.95,8.779
2025-07-24,2.467,2.96,8.788
2025-07-25,2.485,2.974,8.8
2025-07-28,2.464,2.958,8.788
2025-07-29,2.46,2.952,8.781
2025-07-30,2.454,2.946,8.775
2025-07-31,2.46,2.952,8.782
2025-08-01,2.478,2.97,8.8
2025-08-04,2.421,2.917,8.746
2025-08-05,2.425,2.917,8.748
2025-08-06,2.43,2.918,8.75
2025-08-07,2.408,2.901,8.735
2025-08-08,2.409,2.902,8.735
2025-08-11,2.42,2.909,8.742
2025-08-12,2.431,2.917,8.752
2025-08-13,2.417,2.907,8.745
2025-08-14,2.404,2.896,8.736
2025-08-18,2.426,2.912,8.754
2025-08-19,2.444,2.924,8.766
2025-08-20,2.441,2.923,8.766
2025-08-21,2.438,2.921,8.764
2025-08-22,2.456,2.932,8.775
2025-08-25,2.434,2.915,8.758
2025-08-26,2.422,2.902,8.745
2025-08-27,2.402,2.887,8.73
2025-08-28,2.416,2.898,8.739
2025-08-29,2.426,2.906,8.746
2025-09-01,2.435,2.913,8.752
2025-09-02,2.45,2.924,8.765
2025-09-03,2.475,2.946,8.788
2025-09-04,2.472,2.943,8.785
2025-09-05,2.46,2.931,8.777
2025-09-08,2.448,2.918,8.764
2025-09-09,2.425,2.898,8.746
2025-09-10,2.43,2.902,8.749
2025-09-11,2.42,2.892,8.739
2025-09-12,2.431,2.901,8.749
2025-09-15,2.443,2.909,8.756
2025-09-16,2.417,2.885,8.736
2025-09-17,2.418,2.881,8.733
2025-09-18,2.403,2.868,8.719
2025-09-19,2.441,2.898,8.744
2025-09-22,2.459,2.912,8.758
2025-09-23,2.46,2.912,8.758
2025-09-24,2.489,2.935,8.782
2025-09-25,2.528,2.969,8.814
2025-09-26,2.562,3.001,8.846
2025-09-29,2.563,3.004,8.851
2025-09-30,2.582,3.022,8.868
2025-10-01,2.596,3.033,8.88
2025-10-02,2.581,3.019,8.866
2025-10-10,2.591,3.026,8.873
2025-10-13,2.554,2.995,8.842
2025-10-14,2.533,2.975,8.824
2025-10-15,2.52,2.966,8.816
2025-10-16,2.569,3.004,8.85
2025-10-17,2.555,2.99,8.838
2025-10-20,2.569,3.004,8.851
2025-10-21,2.6,3.024,8.872
2025-10-22,2.572,2.999,8.85
2025-10-23,2.605,3.027,8.875
2025-10-24,2.591,3.013,8.864
2025-10-27,2.62,3.036,8.888
2025-10-28,2.633,3.047,8.898
2025-10-29,2.677,3.085,8.935
2025-10-30,2.732,3.135,8.985
2025-10-31,2.716,3.122,8.972
2025-11-03,2.741,3.147,8.997
2025-11-04,2.729,3.136,8.988
2025-11-05,2.767,3.169,9.017
2025-11-06,2.834,3.232,9.081
2025-11-07,2.894,3.286,9.135
2025-11-10,2.865,3.261,9.115
2025-11-11,2.831,3.236,9.092
2025-11-12,2.923,3.331,9.183
2025-11-13,2.932,3.345,9.196
2025-11-14,2.944,3.365,9.219
2025-11-17,2.914,3.342,9.193
2025-11-18,2.872,3.309,9.165
2025-11-19,2.869,3.308,9.163
2025-11-20,2.908,3.34,9.191
2025-11-21,2.872,3.308,9.163
2025-11-24,2.904,3.338,9.189
2025-11-25,2.902,3.334,9.184
2025-11-26,2.895,3.328,9.179
2025-11-27,3.013,3.446,9.296
2025-11-28,2.991,3.428,9.278
2025-12-01,3.045,3.481,9.328
2025-12-02,3.022,3.463,9.314
2025-12-03,3.041,3.484,9.335
2025-12-04,3.025,3.474,9.325
2025-12-05,2.994,3.453,9.303
2025-12-08,3.034,3.492,9.338
2025-12-09,3.084,3.545,9.387
2025-12-10,3.095,3.574,9.413
2025-12-11,3.101,3.585,9.423
2025-12-12,3.093,3.582,9.421
2025-12-15,3.0,3.499,9.343
2025-12-16,2.999,3.507,9.349
2025-12-17,2.996,3.507,9.347
2025-12-18,2.967,3.484,9.322
2025-12-19,3.01,3.523,9.357
2025-12-22,2.999,3.513,9.349
2025-12-23,2.963,3.5,9.334
2025-12-24,2.939,3.475,9.308
2025-12-26,2.958,3.489,9.323
2025-12-29,2.939,3.47,9.306
2025-12-30,2.952,3.476,9.312
2025-12-31,2.953,3.476,9.312
2026-01-02,2.935,3.459,9.303
2026-01-05,2.933,3.457,9.308
2026-01-06,2.948,3.46,9.313
2026-01-07,2.91,3.423,9.286
2026-01-08,2.902,3.418,9.281
2026-01-09,2.942,3.445,9.303
2026-01-12,2.98,3.469,9.317
2026-01-13,3.003,3.486,9.333
2026-01-14,2.996,3.481,9.33
2026-01-15,3.09,3.565,9.402
2026-01-16,3.08,3.56,9.398
2026-01-19,3.13,3.599,9.435
2026-01-20,3.191,3.653,9.487
2026-01-21,3.138,3.624,9.462
2026-01-22,3.109,3.615,9.454
2026-01-23,3.137,3.644,9.481
2026-01-26,3.096,3.611,9.453
2026-01-27,3.094,3.607,9.454
2026-01-28,3.067,3.589,9.439
2026-01-29,3.106,3.626,9.469
2026-01-30,3.138,3.658,9.491
2026-02-02,3.152,3.668,9.499
2026-02-03,3.189,3.708,9.536
2026-02-04,3.212,3.731,9.556
2026-02-05,3.204,3.724,9.549
2026-02-06,3.233,3.755,9.571
2026-02-09,3.267,3.787,9.6
2026-02-10,3.224,3.759,9.579
2026-02-11,3.2,3.746,9.568
2026-02-12,3.154,3.716,9.542
2026-02-13,3.142,3.705,9.534
