date,open,high,low,close,volume,등락률
2020-01-02,13350,13800,13100,13550,70153,1.4981273408239701
2020-01-03,13550,14050,13550,13650,89698,0.7380073800738007
2020-01-06,13600,13650,12800,13000,110583,-4.761904761904762
2020-01-07,13050,13650,12950,13550,126893,4.230769230769231
2020-01-08,13300,13350,12650,12750,126375,-5.904059040590406
2020-01-09,13000,13150,12900,13150,76179,3.1372549019607843
2020-01-10,13150,13150,12500,12900,117389,-1.9011406844106464
2020-01-13,12800,13500,12800,13300,89571,3.10077519379845
2020-01-14,13300,13350,12900,13000,85721,-2.2556390977443606
2020-01-15,13000,13350,12950,13200,104317,1.5384615384615385
2020-01-16,13150,13250,13050,13150,26094,-0.3787878787878788
2020-01-17,13150,13200,12950,12950,44978,-1.520912547528517
2020-01-20,12950,13250,12800,12850,97511,-0.7722007722007722
2020-01-21,12850,13100,12650,12650,72350,-1.556420233463035
2020-01-22,12650,12900,12650,12850,29073,1.5810276679841897
2020-01-23,12850,12850,12600,12650,56460,-1.556420233463035
2020-01-28,12200,12500,11950,12050,132931,-4.743083003952568
2020-01-29,12000,12150,11850,12150,101538,0.8298755186721992
2020-01-30,12100,12150,11800,11850,56784,-2.4691358024691357
2020-01-31,11800,11950,11150,11150,147012,-5.9071729957805905
2020-02-03,10600,11000,10600,10700,158576,-4.0358744394618835
2020-02-04,10700,11000,10650,10850,84053,1.4018691588785046
2020-02-05,10950,11150,10750,10850,101686,0.0
2020-02-06,11000,11450,10900,11350,95646,4.6082949308755765
2020-02-07,11250,11300,11100,11150,49594,-1.762114537444934
2020-02-10,11150,11150,10800,10950,80102,-1.7937219730941705
2020-02-11,10950,11250,10700,10800,149726,-1.36986301369863
2020-02-12,10750,10900,10550,10750,283826,-0.4629629629629629
2020-02-13,10800,10800,10500,10550,144196,-1.8604651162790697
2020-02-14,10600,10600,10450,10500,91554,-0.47393364928909953
2020-02-17,10550,10700,10400,10650,129734,1.4285714285714286
2020-02-18,10550,10800,10500,10600,128947,-0.4694835680751174
2020-02-19,10550,10700,10350,10550,92230,-0.4716981132075472
2020-02-20,10550,10550,10250,10300,80288,-2.3696682464454977
2020-02-21,10150,10450,10100,10300,98962,0.0
2020-02-24,10150,10250,9810,9830,144767,-4.563106796116505
2020-02-25,9770,10200,9770,10200,119858,3.7639877924720246
2020-02-26,10050,10150,9910,10150,63897,-0.49019607843137253
2020-02-27,10150,10250,9870,9970,151935,-1.7733990147783252
2020-02-28,9910,9920,9260,9310,284119,-6.619859578736209
2020-03-02,9260,9470,9030,9140,325743,-1.8259935553168638
2020-03-03,9420,9660,9240,9460,181644,3.50109409190372
2020-03-04,9400,9620,9360,9490,92870,0.3171247357293869
2020-03-05,9550,9910,9440,9890,102966,4.214963119072708
2020-03-06,9760,9800,9460,9560,100931,-3.336703741152679
2020-03-09,9430,9430,9030,9130,134374,-4.497907949790795
2020-03-10,8980,9300,8940,9090,122041,-0.43811610076670315
2020-03-11,9040,9120,8650,8760,152922,-3.6303630363036308
2020-03-12,8730,8810,7910,7990,275563,-8.789954337899543
2020-03-13,7460,7500,6870,7280,409403,-8.88610763454318
2020-03-16,7500,7650,7080,7150,176897,-1.7857142857142856
2020-03-17,6770,7130,6610,7050,146718,-1.3986013986013985
2020-03-18,7050,7200,6690,6690,181974,-5.106382978723404
2020-03-19,6650,6900,5880,6050,281645,-9.566517189835576
2020-03-20,5840,6210,5800,6210,165568,2.644628099173554
2020-03-23,5830,5980,5570,5680,133790,-8.53462157809984
2020-03-24,5800,6260,5720,6200,128917,9.15492957746479
2020-03-25,6300,6770,6300,6710,159783,8.225806451612904
2020-03-26,6710,6870,6410,6620,161928,-1.3412816691505216
2020-03-27,6900,7100,6540,6720,184676,1.5105740181268883
2020-03-30,6650,7070,6380,6900,85920,2.6785714285714284
2020-03-31,7020,7290,6880,7100,182652,2.898550724637681
2020-04-01,7090,7510,6940,7210,174829,1.5492957746478873
2020-04-02,7110,7480,6910,7430,170564,3.0513176144244105
2020-04-03,7430,7600,7260,7550,127745,1.6150740242261103
2020-04-06,7650,8650,7640,8170,408281,8.211920529801324
2020-04-07,8220,8330,8090,8290,175979,1.4687882496940026
2020-04-08,8240,8480,8100,8220,145520,-0.8443908323281062
2020-04-09,8330,8700,8300,8680,173557,5.59610705596107
2020-04-10,8700,8840,8460,8800,130048,1.3824884792626728
2020-04-13,8800,8910,8630,8780,140483,-0.22727272727272727
2020-04-14,8850,9250,8750,9150,169557,4.214123006833713
2020-04-16,9100,9270,8830,9240,149912,0.9836065573770493
2020-04-17,9310,9630,9300,9440,198739,2.1645021645021645
2020-04-20,9510,9900,9450,9720,240145,2.9661016949152543
2020-04-21,9550,9820,9300,9730,257473,0.102880658436214
2020-04-22,9730,10250,9550,10150,189491,4.316546762589928
2020-04-23,10200,11250,10150,11050,419746,8.866995073891626
2020-04-24,11600,11600,10800,11100,312255,0.4524886877828055
2020-04-27,11100,12050,10900,11950,345950,7.657657657657657
2020-04-28,12100,12250,11600,11950,248493,0.0
2020-04-29,11950,12050,11550,11650,203832,-2.510460251046025
2020-05-04,11400,11500,10950,11000,207975,-5.579399141630901
2020-05-06,11100,11250,10500,10800,202083,-1.8181818181818181
2020-05-07,10800,11250,10750,10900,130475,0.9259259259259258
2020-05-08,10900,11050,10850,11050,112348,1.3761467889908259
2020-05-11,11050,11200,10700,11000,151372,-0.4524886877828055
2020-05-12,12750,14300,12650,14300,4923194,30.0
2020-05-13,14200,17300,13550,15450,4198886,8.041958041958042
2020-05-14,14950,15400,14550,15050,659479,-2.5889967637540456
2020-05-15,15050,16400,14750,15750,1013967,4.651162790697675
2020-05-18,15500,16850,15450,16400,764707,4.1269841269841265
2020-05-19,16700,16700,15650,16350,414439,-0.3048780487804878
2020-05-20,16350,16750,15500,15650,354133,-4.281345565749235
2020-05-21,15750,16150,15400,15500,256485,-0.9584664536741214
2020-05-22,15650,15650,14850,15000,277917,-3.225806451612903
2020-05-25,15000,15150,14550,14700,303450,-2.0
2020-05-26,14950,15450,14700,14700,410337,0.0
2020-05-27,14800,15150,14600,14850,302415,1.0204081632653061
2020-05-28,15000,15100,13650,14100,534048,-5.05050505050505
2020-05-29,14050,14800,13800,14000,552129,-0.7092198581560284
2020-06-01,14850,15150,14500,14650,892705,4.642857142857143
2020-06-02,15100,17000,14850,16200,2557539,10.580204778156997
2020-06-03,16400,16600,15550,16300,936030,0.6172839506172839
2020-06-04,16300,16550,15700,16100,472047,-1.2269938650306749
2020-06-05,16250,16250,15500,15650,354225,-2.7950310559006213
2020-06-08,15800,16250,15200,15300,388704,-2.2364217252396164
2020-06-09,15500,16000,14900,15750,620373,2.941176470588235
2020-06-10,15750,15850,15000,15200,436710,-3.492063492063492
2020-06-11,15050,15050,14350,14800,823807,-2.631578947368421
2020-06-12,14000,14600,13800,14300,358910,-3.3783783783783785
2020-06-15,14400,14500,13100,13200,407299,-7.6923076923076925
2020-06-16,13600,15150,13600,14650,604966,10.984848484848484
2020-06-17,14600,15100,14150,14400,251370,-1.7064846416382253
2020-06-18,14350,14850,14200,14400,261613,0.0
2020-06-19,14550,15550,14400,15050,588712,4.513888888888888
2020-06-22,15700,15750,15200,15500,423689,2.990033222591362
2020-06-23,15500,15600,14650,14800,360792,-4.516129032258064
2020-06-24,14950,15850,14750,15600,565171,5.405405405405405
2020-06-25,15450,15850,15150,15350,254989,-1.6025641025641024
2020-06-26,15500,18600,15500,17400,3659108,13.355048859934854
2020-06-29,17100,17750,16600,17650,740183,1.4367816091954022
2020-06-30,17650,18450,16900,16950,943871,-3.9660056657223794
2020-07-01,17050,19500,17050,18750,2469147,10.619469026548673
2020-07-02,19100,19600,18300,19600,897442,4.533333333333333
2020-07-03,19600,21550,19200,19550,1442200,-0.25510204081632654
2020-07-06,19750,19950,19050,19350,442952,-1.0230179028132993
2020-07-07,19200,19200,18450,18800,700014,-2.842377260981912
2020-07-08,19150,19550,18600,18850,419993,0.26595744680851063
2020-07-09,20500,22000,20000,21350,2730203,13.262599469496022
2020-07-10,21600,21950,21050,21200,551447,-0.702576112412178
2020-07-13,21300,21600,20900,21600,362426,1.8867924528301887
2020-07-14,21400,21750,21100,21700,336108,0.4629629629629629
2020-07-15,21900,22700,20950,21000,427934,-3.225806451612903
2020-07-16,21050,21250,20750,20900,148304,-0.4761904761904762
2020-07-17,20850,21050,20450,20600,178550,-1.4354066985645932
2020-07-20,20450,20700,20000,20550,164816,-0.24271844660194172
2020-07-21,20550,20600,19950,20150,214915,-1.9464720194647203
2020-07-22,20000,20600,19450,19700,356623,-2.2332506203473943
2020-07-23,19750,19800,18700,19550,340291,-0.7614213197969544
2020-07-24,19350,19550,18900,18900,271144,-3.324808184143223
2020-07-27,18800,20050,18650,20000,314849,5.82010582010582
2020-07-28,20200,20600,19400,19750,329914,-1.25
2020-07-29,19600,19850,19250,19250,148128,-2.5316455696202533
2020-07-30,19300,19500,18900,18900,153321,-1.8181818181818181
2020-07-31,18750,19300,18600,19100,212813,1.0582010582010581
2020-08-03,19200,19200,18000,18350,302988,-3.926701570680628
2020-08-04,18500,19400,18400,19100,382068,4.087193460490464
2020-08-05,19400,20050,19150,19550,298360,2.356020942408377
2020-08-06,19950,20500,19100,19900,397581,1.7902813299232736
2020-08-07,19950,21500,19750,21500,743110,8.040201005025125
2020-08-10,21850,22450,21150,22200,1071988,3.255813953488372
2020-08-11,20400,20850,18650,18850,2101294,-15.090090090090092
2020-08-12,19050,19050,18000,18200,786592,-3.4482758620689653
2020-08-13,18200,18700,18100,18200,403050,0.0
2020-08-14,18100,18350,17500,17550,479668,-3.571428571428571
2020-08-18,17550,17650,16100,16250,519120,-7.4074074074074066
2020-08-19,16200,16650,16000,16100,327648,-0.9230769230769231
2020-08-20,16100,16300,15100,15300,449118,-4.968944099378882
2020-08-21,15750,16450,15650,15850,456585,3.594771241830065
2020-08-24,16000,16750,16000,16550,278239,4.416403785488959
2020-08-25,16650,17200,16500,16750,245955,1.2084592145015105
2020-08-26,16900,17150,16500,17150,192955,2.3880597014925375
2020-08-27,17350,17350,16650,16800,143599,-2.0408163265306123
2020-08-28,17050,17150,16300,16450,199331,-2.083333333333333
2020-08-31,16600,16850,16300,16450,134229,0.0
2020-09-01,16500,16600,16300,16550,98357,0.60790273556231
2020-09-02,16550,16950,16550,16700,124183,0.906344410876133
2020-09-03,16800,16800,16250,16300,220502,-2.3952095808383236
2020-09-04,15650,16150,15450,16150,212541,-0.9202453987730062
2020-09-07,16400,16400,15900,16150,220335,0.0
2020-09-08,16400,16650,16050,16150,266050,0.0
2020-09-09,16000,16150,15750,16050,143554,-0.6191950464396285
2020-09-10,16300,16300,15850,16050,137359,0.0
2020-09-11,16050,16100,15750,16050,112968,0.0
2020-09-14,16150,16450,15900,16250,184613,1.2461059190031152
2020-09-15,16400,16450,16050,16200,93539,-0.3076923076923077
2020-09-16,16250,16350,15950,16150,157443,-0.30864197530864196
2020-09-17,16150,16150,15850,16050,109306,-0.6191950464396285
2020-09-18,16000,16100,15800,15900,104395,-0.9345794392523363
2020-09-21,15900,15900,15550,15650,123363,-1.5723270440251573
2020-09-22,15550,15600,15100,15300,142751,-2.2364217252396164
2020-09-23,15350,15400,14850,15350,141873,0.32679738562091504
2020-09-24,15050,15100,14200,14550,166970,-5.211726384364821
2020-09-25,14500,16200,14350,15850,382922,8.934707903780069
2020-09-28,16000,16550,15750,15950,287923,0.6309148264984227
2020-09-29,16200,16200,15600,15900,127597,-0.3134796238244514
2020-10-05,15900,16450,15700,16450,145901,3.459119496855346
2020-10-06,16500,16500,16100,16350,111127,-0.60790273556231
2020-10-07,16250,16400,16000,16350,115769,0.0
2020-10-08,16450,17550,16450,17200,924039,5.198776758409786
2020-10-12,17300,17400,16900,17350,298972,0.872093023255814
2020-10-13,17500,17550,16400,16900,298365,-2.5936599423631126
2020-10-14,16950,16950,16100,16200,211966,-4.142011834319527
2020-10-15,16250,16300,15500,16100,185316,-0.6172839506172839
2020-10-16,16050,16400,15600,15600,134730,-3.1055900621118013
2020-10-19,15550,15800,15250,15600,92507,0.0
2020-10-20,15500,15800,15200,15800,114242,1.282051282051282
2020-10-21,15800,16150,15750,16150,85620,2.2151898734177213
2020-10-22,16050,16050,15800,15950,67340,-1.238390092879257
2020-10-23,16100,16100,15700,15800,63104,-0.9404388714733543
2020-10-26,15800,15850,15050,15200,103552,-3.79746835443038
2020-10-27,15000,15550,14800,15050,126325,-0.9868421052631579
2020-10-28,14850,15300,14850,15100,73949,0.33222591362126247
2020-10-29,14850,15600,14750,15600,81090,3.3112582781456954
2020-10-30,15600,15650,15150,15350,83027,-1.6025641025641024
2020-11-02,15350,16100,15300,15900,201993,3.5830618892508146
2020-11-03,16150,16200,15850,16100,105723,1.257861635220126
2020-11-04,16150,16550,15750,16100,261523,0.0
2020-11-05,16300,16350,16050,16300,114296,1.2422360248447204
2020-11-06,16400,16400,15900,16150,75089,-0.9202453987730062
2020-11-09,16250,16400,16150,16400,124490,1.5479876160990713
2020-11-10,15900,15950,15050,15400,807723,-6.097560975609756
2020-11-11,15400,15400,15000,15000,369515,-2.5974025974025974
2020-11-12,15100,15150,14900,14950,200387,-0.33333333333333337
2020-11-13,14950,15050,14750,14900,145960,-0.33444816053511706
2020-11-16,14900,15100,14800,15000,119076,0.6711409395973155
2020-11-17,15100,15100,14800,14850,147027,-1.0
2020-11-18,14750,14900,14700,14850,141655,0.0
2020-11-19,14750,14850,14600,14850,169502,0.0
2020-11-20,14800,14850,14700,14850,165618,0.0
2020-11-23,15000,15150,14850,15000,248071,1.0101010101010102
2020-11-24,15100,15150,14900,14900,182133,-0.6666666666666667
2020-11-25,15050,15100,14600,14700,194040,-1.342281879194631
2020-11-26,14700,14900,14600,14800,120498,0.6802721088435374
2020-11-27,14800,14850,14700,14750,70936,-0.33783783783783783
2020-11-30,14750,14750,14600,14700,88483,-0.3389830508474576
2020-12-01,14650,14700,14600,14700,82369,0.0
2020-12-02,14700,14750,14500,14600,137024,-0.6802721088435374
2020-12-03,14600,14600,14400,14500,132499,-0.684931506849315
2020-12-04,14500,14600,14300,14550,128270,0.3448275862068966
2020-12-07,14700,15150,14650,15050,330870,3.436426116838488
2020-12-08,15200,15300,14900,15150,235531,0.6644518272425249
2020-12-09,15250,15300,15000,15100,139766,-0.33003300330033003
2020-12-10,15150,15550,14950,15350,330454,1.6556291390728477
2020-12-11,15600,15800,15400,15750,441325,2.6058631921824107
2020-12-14,15800,15800,15200,15300,276698,-2.857142857142857
2020-12-15,15400,16300,15200,16050,885299,4.901960784313726
2020-12-16,16100,16300,15850,15950,329202,-0.6230529595015576
2020-12-17,16100,16150,15600,15950,238862,0.0
2020-12-18,16000,16050,15700,15750,152503,-1.2539184952978055
2020-12-21,15800,15800,15450,15600,203362,-0.9523809523809524
2020-12-22,15500,15550,15150,15150,241382,-2.8846153846153846
2020-12-23,15150,15300,14900,15050,155052,-0.6600660066006601
2020-12-24,15200,15350,15000,15300,106398,1.6611295681063125
2020-12-28,15400,15550,15250,15500,189066,1.3071895424836601
2020-12-29,15500,16050,15350,15950,340736,2.903225806451613
2020-12-30,16000,16100,15800,15950,197937,0.0
2021-01-04,16100,16200,15900,16000,302620,0.3134796238244514
2021-01-05,16000,16900,15900,16800,727351,5.0
2021-01-06,16900,17050,16250,16400,444201,-2.380952380952381
2021-01-07,16500,16800,16450,16600,263530,1.2195121951219512
2021-01-08,16800,16900,16300,16600,336278,0.0
2021-01-11,16750,17600,16300,16950,1183368,2.108433734939759
2021-01-12,16800,17000,16500,16800,281538,-0.8849557522123894
2021-01-13,16800,17100,16600,16650,254809,-0.8928571428571428
2021-01-14,16500,16800,16500,16800,144980,0.9009009009009009
2021-01-15,17000,17100,16550,16650,222429,-0.8928571428571428
2021-01-18,16650,16700,15900,16050,283923,-3.6036036036036037
2021-01-19,16050,16600,16000,16500,196870,2.803738317757009
2021-01-20,16700,16700,16200,16550,162276,0.30303030303030304
2021-01-21,16700,16700,16350,16600,134466,0.3021148036253776
2021-01-22,16600,16650,16300,16450,188753,-0.9036144578313252
2021-01-25,16650,17200,16550,17000,419942,3.343465045592705
2021-01-26,17200,17850,17000,17750,814283,4.411764705882353
2021-01-27,17950,18100,17450,17650,548804,-0.5633802816901409
2021-01-28,17250,17350,16700,16850,401731,-4.53257790368272
2021-01-29,17000,17150,16000,16250,300117,-3.5608308605341246
2021-02-01,16250,17750,15900,17300,721485,6.461538461538462
2021-02-02,17400,17650,16800,17100,428811,-1.1560693641618496
2021-02-03,17350,17950,17000,17750,558831,3.8011695906432745
2021-02-04,17900,19300,17850,18000,2246223,1.4084507042253522
2021-02-05,18150,18200,17500,18050,408282,0.2777777777777778
2021-02-08,18050,18550,18000,18300,593125,1.3850415512465373
2021-02-09,17400,17750,17050,17050,861744,-6.830601092896176
2021-02-10,17100,17500,17100,17300,264722,1.466275659824047
2021-02-15,17300,17450,17050,17100,194311,-1.1560693641618496
2021-02-16,17100,17200,16700,16850,307900,-1.461988304093567
2021-02-17,16950,17100,16800,16950,275703,0.5934718100890208
2021-02-18,16950,16950,16650,16750,187434,-1.1799410029498525
2021-02-19,16700,16750,16250,16500,267904,-1.4925373134328357
2021-02-22,16350,16600,16250,16300,191532,-1.2121212121212122
2021-02-23,16300,16600,16050,16550,173759,1.5337423312883436
2021-02-24,16650,16750,16000,16200,187283,-2.1148036253776437
2021-02-25,16350,16450,16150,16450,111788,1.5432098765432098
2021-02-26,15950,16250,15800,16200,189248,-1.5197568389057752
2021-03-02,16450,16600,16150,16250,115289,0.30864197530864196
2021-03-03,16250,16600,16150,16500,101227,1.5384615384615385
2021-03-04,16400,16750,16300,16450,101555,-0.30303030303030304
2021-03-05,16350,16450,16200,16400,85764,-0.303951367781155
2021-03-08,16600,16650,16350,16400,89594,0.0
2021-03-09,16400,16450,15900,16200,136301,-1.2195121951219512
2021-03-10,16300,16400,16000,16000,55920,-1.2345679012345678
2021-03-11,16000,16350,15900,16200,99971,1.25
2021-03-12,16200,16550,16200,16300,99846,0.6172839506172839
2021-03-15,16350,16800,16250,16700,157812,2.4539877300613497
2021-03-16,16750,16850,16550,16650,63308,-0.29940119760479045
2021-03-17,16700,16700,16250,16400,110549,-1.5015015015015014
2021-03-18,16450,16600,16400,16550,87827,0.9146341463414633
2021-03-19,16550,16750,16400,16700,104420,0.906344410876133
2021-03-22,16800,17200,16750,16800,272649,0.5988023952095809
2021-03-23,16950,17450,16650,17050,459426,1.488095238095238
2021-03-24,17050,17100,16700,17050,190485,0.0
2021-03-25,17000,17300,16800,17250,220094,1.1730205278592376
2021-03-26,17300,18000,17150,17900,690187,3.768115942028986
2021-03-29,17950,18000,17450,17600,329520,-1.675977653631285
2021-03-30,17650,17750,17300,17400,192081,-1.1363636363636365
2021-03-31,17500,18250,17450,18100,547858,4.022988505747127
2021-04-01,18300,18550,17800,18100,460318,0.0
2021-04-02,18000,18150,17600,17900,232650,-1.1049723756906076
2021-04-05,17900,18500,17650,18250,382917,1.9553072625698324
2021-04-06,18300,18450,18100,18250,228734,0.0
2021-04-07,18400,18400,18050,18150,200628,-0.547945205479452
2021-04-08,18300,19050,18300,18650,902757,2.7548209366391188
2021-04-09,18850,19250,18750,19000,622588,1.876675603217158
2021-04-12,19150,19150,18700,18850,239172,-0.7894736842105263
2021-04-13,19000,19000,18150,18350,353101,-2.6525198938992043
2021-04-14,18400,18800,18200,18750,219832,2.17983651226158
2021-04-15,19050,19050,18550,18600,174232,-0.8
2021-04-16,18600,18800,18500,18700,131768,0.5376344086021506
2021-04-19,18850,18950,18550,18850,195382,0.8021390374331552
2021-04-20,18850,19000,18750,18900,164482,0.2652519893899204
2021-04-21,19050,19350,18550,18550,403341,-1.8518518518518516
2021-04-22,18700,19100,18550,18750,235149,1.078167115902965
2021-04-23,18600,18600,18350,18500,155010,-1.3333333333333335
2021-04-26,18700,18700,18150,18350,199226,-0.8108108108108109
2021-04-27,18350,18400,18050,18400,165105,0.2724795640326975
2021-04-28,18500,18550,17700,17750,220608,-3.532608695652174
2021-04-29,17900,18250,17450,18050,181141,1.6901408450704223
2021-04-30,17950,18250,17850,17950,135615,-0.554016620498615
2021-05-03,17950,18150,17700,17850,89269,-0.5571030640668524
2021-05-04,17850,17950,17250,17700,142477,-0.8403361344537815
2021-05-06,17600,18100,17500,18000,100694,1.694915254237288
2021-05-07,18150,18400,18050,18250,171949,1.3888888888888888
2021-05-10,18550,19200,18500,19000,958678,4.10958904109589
2021-05-11,18200,18400,17800,18350,549524,-3.421052631578948
2021-05-12,18700,19100,18200,18500,416679,0.8174386920980926
2021-05-13,18200,18550,17900,18200,194661,-1.6216216216216217
2021-05-14,18400,18450,18050,18300,138867,0.5494505494505495
2021-05-17,18350,18650,17950,18200,353484,-0.546448087431694
2021-05-18,18200,18200,17850,18100,116510,-0.5494505494505495
2021-05-20,18050,18100,17750,18000,121762,-0.5524861878453038
2021-05-21,18100,18300,17850,17900,126088,-0.5555555555555556
2021-05-24,18000,18400,17750,18200,202368,1.675977653631285
2021-05-25,18250,18350,18200,18250,97582,0.27472527472527475
2021-05-26,18350,18550,18200,18350,166574,0.547945205479452
2021-05-27,18350,18700,18300,18500,194778,0.8174386920980926
2021-05-28,18600,18700,18400,18600,127833,0.5405405405405406
2021-05-31,18700,18800,18400,18750,148372,0.8064516129032258
2021-06-01,18800,18850,18600,18800,117974,0.26666666666666666
2021-06-02,18850,20000,18750,19850,1444030,5.585106382978723
2021-06-03,19950,20300,19650,19800,446623,-0.2518891687657431
2021-06-04,19700,20000,19350,19750,241825,-0.25252525252525254
2021-06-07,19950,20500,19500,19650,527366,-0.5063291139240507
2021-06-08,19750,20250,19700,19950,329923,1.5267175572519083
2021-06-09,20200,20250,19450,19600,402845,-1.7543859649122806
2021-06-10,19750,19950,19400,19700,150295,0.5102040816326531
2021-06-11,19800,19850,19400,19650,154277,-0.25380710659898476
2021-06-14,19750,20000,19600,19850,226057,1.0178117048346056
2021-06-15,19800,19800,19300,19550,164963,-1.5113350125944585
2021-06-16,19550,19750,19300,19600,142271,0.2557544757033248
2021-06-17,19550,19600,19250,19500,109467,-0.5102040816326531
2021-06-18,19500,19900,19350,19900,284561,2.051282051282051
2021-06-21,19700,19750,18950,19050,239633,-4.271356783919598
2021-06-22,19200,19400,19050,19350,108117,1.574803149606299
2021-06-23,19350,19400,18950,19000,131381,-1.8087855297157622
2021-06-24,18950,19200,18500,18900,125636,-0.5263157894736842
2021-06-25,19000,19300,18850,18850,135616,-0.26455026455026454
2021-06-28,19150,20100,19100,19700,358157,4.509283819628647
2021-06-29,19700,19800,19550,19700,123195,0.0
2021-06-30,19850,19950,19650,19650,130891,-0.25380710659898476
2021-07-01,19900,20650,19750,19800,549842,0.7633587786259541
2021-07-02,19800,20200,19750,19750,149311,-0.25252525252525254
2021-07-05,19950,20300,19800,19900,172841,0.7594936708860759
2021-07-06,20200,20800,20200,20350,508009,2.261306532663317
2021-07-07,20200,20350,19950,20050,198798,-1.4742014742014742
2021-07-08,20100,20450,19400,19450,269191,-2.9925187032418954
2021-07-09,19300,19500,18900,19450,266281,0.0
2021-07-12,19600,19900,19450,19750,151770,1.5424164524421593
2021-07-13,19850,20000,19600,20000,176788,1.2658227848101267
2021-07-14,20300,21250,20050,20900,1293849,4.5
2021-07-15,21200,21400,20300,20400,728221,-2.3923444976076556
2021-07-16,20400,20400,20050,20200,188764,-0.9803921568627451
2021-07-19,20200,20350,19900,20200,224435,0.0
2021-07-20,20100,20500,19850,20100,263055,-0.49504950495049505
2021-07-21,20500,20750,20100,20150,245164,0.24875621890547264
2021-07-22,20200,20300,20000,20200,113648,0.24813895781637718
2021-07-23,20100,20200,19850,19950,168559,-1.2376237623762376
2021-07-26,20050,20050,19650,19650,168317,-1.5037593984962405
2021-07-27,19650,20400,19600,20000,149125,1.7811704834605597
2021-07-28,19750,19950,19550,19750,122039,-1.25
2021-07-29,19650,19950,19550,19800,90661,0.25316455696202533
2021-07-30,19800,19850,19450,19450,121767,-1.7676767676767675
2021-08-02,19500,19600,19250,19550,76289,0.5141388174807198
2021-08-03,19700,19700,19050,19250,136811,-1.5345268542199488
2021-08-04,19400,19450,19100,19350,97735,0.5194805194805194
2021-08-05,19300,19500,19200,19400,70171,0.2583979328165375
2021-08-06,19400,19600,19150,19200,81567,-1.0309278350515463
2021-08-09,19100,19200,18800,18850,145552,-1.8229166666666667
2021-08-10,18200,18600,18100,18550,236516,-1.5915119363395225
2021-08-11,18300,18550,18200,18300,90056,-1.3477088948787064
2021-08-12,18300,18550,18150,18200,75674,-0.546448087431694
2021-08-13,18150,18200,17650,17850,115466,-1.9230769230769231
2021-08-17,17950,18350,17550,17700,116754,-0.8403361344537815
2021-08-18,17550,17950,17350,17650,169809,-0.2824858757062147
2021-08-19,17450,17500,16850,16850,158601,-4.53257790368272
2021-08-20,17050,17350,16200,16350,124711,-2.967359050445104
2021-08-23,16600,16850,16200,16700,67290,2.1406727828746175
2021-08-24,16800,17500,16800,17350,74949,3.8922155688622757
2021-08-25,17450,17550,17000,17400,91414,0.2881844380403458
2021-08-26,17650,17850,17250,17400,107030,0.0
2021-08-27,17400,17800,17200,17600,55049,1.1494252873563218
2021-08-30,17800,18050,17600,18000,77545,2.272727272727273
2021-08-31,18150,18200,17750,18000,80639,0.0
2021-09-01,18000,18100,17850,18000,56114,0.0
2021-09-02,17950,18200,17900,17950,41209,-0.2777777777777778
2021-09-03,18100,18200,17950,18000,58062,0.2785515320334262
2021-09-06,18100,18150,17850,17950,57880,-0.2777777777777778
2021-09-07,18250,18250,17800,17900,96952,-0.2785515320334262
2021-09-08,17900,17950,17500,17650,73552,-1.3966480446927374
2021-09-09,17650,17700,17350,17400,60872,-1.41643059490085
2021-09-10,17450,17600,17100,17450,63819,0.28735632183908044
2021-09-13,17450,17600,17300,17400,43293,-0.28653295128939826
2021-09-14,17350,17700,17350,17650,38452,1.4367816091954022
2021-09-15,17650,17650,17350,17650,39549,0.0
2021-09-16,17650,17750,17400,17650,41340,0.0
2021-09-17,17650,17650,17300,17300,75662,-1.9830028328611897
2021-09-23,17200,17250,16800,17050,65008,-1.4450867052023122
2021-09-24,17100,17300,16850,16900,57949,-0.8797653958944283
2021-09-27,17100,17100,16750,17000,33441,0.591715976331361
2021-09-28,17000,17050,16450,16750,82567,-1.4705882352941175
2021-09-29,16400,16850,16300,16800,58750,0.2985074626865672
2021-09-30,17100,17650,16750,17200,114816,2.380952380952381
2021-10-01,17500,17500,16700,16750,63005,-2.616279069767442
2021-10-05,16650,16700,16000,16400,65385,-2.0895522388059704
2021-10-06,16550,16600,15800,15900,63385,-3.048780487804878
2021-10-07,16050,16500,16050,16400,57312,3.1446540880503147
2021-10-08,16450,16500,16100,16350,47034,-0.3048780487804878
2021-10-12,16250,16250,15850,16200,38178,-0.9174311926605505
2021-10-13,16050,16400,16050,16300,31242,0.6172839506172839
2021-10-14,16300,16500,16300,16450,24857,0.9202453987730062
2021-10-15,16500,16800,16450,16700,38457,1.5197568389057752
2021-10-18,16600,16700,16450,16700,19780,0.0
2021-10-19,16650,16850,16500,16650,25007,-0.29940119760479045
2021-10-20,16600,16750,16300,16400,36604,-1.5015015015015014
2021-10-21,16400,16500,16300,16350,28254,-0.3048780487804878
2021-10-22,16400,16500,16250,16450,35941,0.6116207951070336
2021-10-25,16500,16500,16200,16400,23153,-0.303951367781155
2021-10-26,16350,16500,16250,16300,64653,-0.6097560975609756
2021-10-27,16300,16400,15800,16050,96577,-1.5337423312883436
2021-10-28,16050,16200,15950,15950,49749,-0.6230529595015576
2021-10-29,16050,16100,15850,15850,59931,-0.6269592476489028
2021-11-01,15950,16100,15750,15900,33884,0.31545741324921134
2021-11-02,16000,16150,15900,16050,44306,0.9433962264150944
2021-11-03,16200,16450,16050,16150,34580,0.6230529595015576
2021-11-04,16200,16650,16200,16450,58569,1.8575851393188854
2021-11-05,16550,16550,16100,16150,27173,-1.82370820668693
2021-11-08,16300,16950,16250,16850,130968,4.3343653250774
2021-11-09,16600,16850,16400,16600,80798,-1.483679525222552
2021-11-10,16400,16600,16050,16200,52682,-2.4096385542168677
2021-11-11,16000,16250,15900,16100,30409,-0.6172839506172839
2021-11-12,16100,16350,16000,16300,46019,1.2422360248447204
2021-11-15,16250,16350,16150,16300,29701,0.0
2021-11-16,16300,16300,15850,16000,65410,-1.8404907975460123
2021-11-17,16000,16000,15350,15650,83167,-2.1875
2021-11-18,15650,15650,15150,15300,69407,-2.2364217252396164
2021-11-19,15300,15500,15150,15250,62566,-0.32679738562091504
2021-11-22,15200,15250,14900,14950,69128,-1.9672131147540985
2021-11-23,14950,15250,14650,14850,44179,-0.6688963210702341
2021-11-24,14950,15150,14150,14750,134791,-0.6734006734006733
2021-11-25,14800,14900,14600,14650,23238,-0.6779661016949152
2021-11-26,14550,14650,14000,14650,71569,0.0
2021-11-29,14050,14500,14050,14200,58141,-3.0716723549488054
2021-11-30,14150,14650,13400,13450,102966,-5.28169014084507
2021-12-01,13450,14050,13300,13900,51319,3.3457249070631967
2021-12-02,13900,14500,13500,14100,54773,1.4388489208633095
2021-12-03,14150,15000,14150,14750,65286,4.609929078014184
2021-12-06,14650,15200,14600,14850,37812,0.6779661016949152
2021-12-07,14750,15100,14750,15000,29530,1.0101010101010102
2021-12-08,15100,15250,14900,14900,37558,-0.6666666666666667
2021-12-09,14800,15200,14750,15000,12689,0.6711409395973155
2021-12-10,15050,15200,14800,15100,33145,0.6666666666666667
2021-12-13,15350,15350,14850,14950,28334,-0.9933774834437087
2021-12-14,14850,14950,14750,14800,12720,-1.0033444816053512
2021-12-15,14800,14800,14550,14600,14555,-1.3513513513513513
2021-12-16,14600,14900,14350,14600,39129,0.0
2021-12-17,14600,14850,14450,14750,27826,1.0273972602739725
2021-12-20,14750,14750,14300,14350,24946,-2.711864406779661
2021-12-21,14250,14600,14200,14500,21655,1.0452961672473868
2021-12-22,14500,14800,14500,14750,16747,1.7241379310344827
2021-12-23,14800,14900,14550,14700,19582,-0.3389830508474576
2021-12-24,14650,14850,14650,14750,15581,0.3401360544217687
2021-12-27,14850,14850,14550,14800,17694,0.3389830508474576
2021-12-28,14800,15000,14550,14900,78704,0.6756756756756757
2021-12-29,14850,15100,14750,15000,18346,0.6711409395973155
2021-12-30,15050,15150,14800,15150,39136,1.0
2022-01-03,15100,15150,14900,15150,17733,0.0
2022-01-04,15350,15350,15100,15250,27477,0.6600660066006601
2022-01-05,15450,15450,15000,15200,36699,-0.32786885245901637
2022-01-06,14900,15450,14700,15150,50775,-0.3289473684210526
2022-01-07,15150,15400,15000,15200,17939,0.33003300330033003
2022-01-10,15200,15350,14950,15200,30193,0.0
2022-01-11,15200,15300,15050,15200,15354,0.0
2022-01-12,15250,15250,15000,15200,25386,0.0
2022-01-13,15200,15200,14950,15100,27877,-0.6578947368421052
2022-01-14,15100,15100,14250,14550,71047,-3.642384105960265
2022-01-17,14550,14600,13950,13950,64481,-4.123711340206185
2022-01-18,14000,14200,13250,13550,92963,-2.867383512544803
2022-01-19,13550,13550,13050,13500,51763,-0.36900369003690037
2022-01-20,13400,13550,13200,13550,35991,0.3703703703703704
2022-01-21,13350,13700,13200,13500,35116,-0.36900369003690037
2022-01-24,13450,13600,12950,13250,30580,-1.8518518518518516
2022-01-25,13200,13850,12700,13600,65144,2.6415094339622645
2022-01-26,13450,13800,13300,13450,25011,-1.1029411764705883
2022-01-27,13450,13500,12600,12750,69898,-5.204460966542751
2022-01-28,12750,13100,12500,13100,27779,2.7450980392156863
2022-02-03,13300,13500,13200,13400,14889,2.2900763358778624
2022-02-04,13250,13650,13250,13500,14501,0.7462686567164178
2022-02-07,13650,13950,13450,13900,38691,2.9629629629629632
2022-02-08,13900,14000,13400,13600,24984,-2.158273381294964
2022-02-09,13700,13750,13550,13750,14148,1.1029411764705883
2022-02-10,13750,13900,13650,13800,28157,0.36363636363636365
2022-02-11,13650,13800,13050,13550,22850,-1.8115942028985508
2022-02-14,13500,13500,13000,13350,21229,-1.4760147601476015
2022-02-15,13150,13500,12850,13000,19618,-2.6217228464419478
2022-02-16,13250,13300,13050,13150,22242,1.153846153846154
2022-02-17,13150,13600,13100,13350,28769,1.520912547528517
2022-02-18,13300,13550,13200,13500,19664,1.1235955056179776
2022-02-21,13300,13700,13300,13550,20486,0.3703703703703704
2022-02-22,13500,13550,13050,13250,24051,-2.214022140221402
2022-02-23,13350,13550,13250,13500,26472,1.8867924528301887
2022-02-24,13400,13500,13050,13200,30593,-2.2222222222222223
2022-02-25,13400,13800,13300,13500,32988,2.272727272727273
2022-02-28,13500,14050,13300,13900,96715,2.9629629629629632
2022-03-02,13900,14050,13750,13850,38986,-0.3597122302158274
2022-03-03,13900,14400,13900,14400,43378,3.9711191335740073
2022-03-04,14400,14650,14350,14650,48361,1.7361111111111112
2022-03-07,14600,14600,14200,14400,26952,-1.7064846416382253
2022-03-08,14100,14250,13900,14150,25713,-1.7361111111111112
2022-03-10,14350,14700,14350,14600,32676,3.180212014134275
2022-03-11,14600,15650,14600,15200,169503,4.10958904109589
2022-03-14,15400,15650,14850,15150,100471,-0.3289473684210526
2022-03-15,15100,15350,14850,14900,46133,-1.65016501650165
2022-03-16,14950,15600,14650,15400,67595,3.3557046979865772
2022-03-17,15500,15550,15250,15450,46657,0.3246753246753247
2022-03-18,15550,15600,15150,15600,40053,0.9708737864077669
2022-03-21,15500,15600,15250,15300,29442,-1.9230769230769231
2022-03-22,15300,15400,15000,15300,26013,0.0
2022-03-23,15450,15450,15150,15300,26581,0.0
2022-03-24,15300,15400,15200,15350,27020,0.32679738562091504
2022-03-25,15350,15450,15150,15350,59072,0.0
2022-03-28,16300,17800,15650,15700,1365420,2.2801302931596092
2022-03-29,15750,16400,15700,15950,239944,1.5923566878980893
2022-03-30,16100,16150,15550,15700,111127,-1.5673981191222568
2022-03-31,15700,16050,15550,15950,78671,1.5923566878980893
2022-04-01,15900,16600,15800,16300,209771,2.19435736677116
2022-04-04,16750,17000,16450,16700,267560,2.4539877300613497
2022-04-05,16550,16650,16300,16450,74314,-1.4970059880239521
2022-04-06,16300,16300,15950,16150,48215,-1.82370820668693
2022-04-07,16050,16150,15650,15800,64547,-2.1671826625387
2022-04-08,15800,15900,15350,15800,53692,0.0
2022-04-11,15450,15750,15400,15550,26737,-1.5822784810126582
2022-04-12,15250,15600,15200,15200,42903,-2.2508038585209005
2022-04-13,15200,15450,15100,15350,42210,0.9868421052631579
2022-04-14,15300,15450,15200,15350,22785,0.0
2022-04-15,15150,15250,14900,15200,64898,-0.9771986970684038
2022-04-18,15150,15350,15050,15300,27177,0.6578947368421052
2022-04-19,15300,15400,15200,15350,22924,0.32679738562091504
2022-04-20,15450,15450,15100,15400,40606,0.32573289902280134
2022-04-21,15450,15500,15100,15250,45466,-0.974025974025974
2022-04-22,15150,15250,14950,15250,17293,0.0
2022-04-25,14800,15000,14600,14800,32692,-2.9508196721311477
2022-04-26,14850,14950,14650,14850,28355,0.33783783783783783
2022-04-27,14600,14700,14300,14550,47183,-2.0202020202020203
2022-04-28,14650,14700,14250,14650,25306,0.6872852233676976
2022-04-29,14700,14850,14550,14800,23894,1.023890784982935
2022-05-02,14600,14650,14450,14650,16255,-1.0135135135135136
2022-05-03,14650,14650,14350,14550,24985,-0.6825938566552902
2022-05-04,14550,14550,14200,14450,24468,-0.6872852233676976
2022-05-06,14300,14450,14100,14100,29996,-2.422145328719723
2022-05-09,14050,14100,13500,13700,38983,-2.8368794326241136
2022-05-10,13250,13750,13150,13750,32042,0.36496350364963503
2022-05-11,13700,13750,13500,13650,13645,-0.7272727272727273
2022-05-12,13600,13600,13150,13200,26051,-3.296703296703297
2022-05-13,13150,13700,13050,13200,41783,0.0
2022-05-16,13300,13450,13100,13200,44947,0.0
2022-05-17,13150,13350,13050,13200,29486,0.0
2022-05-18,13300,13400,13200,13300,16058,0.7575757575757576
2022-05-19,13000,13250,13000,13150,14319,-1.1278195488721803
2022-05-20,13150,13350,13050,13150,15694,0.0
2022-05-23,13150,13200,12800,12950,48848,-1.520912547528517
2022-05-24,12950,13550,12850,13150,39411,1.5444015444015444
2022-05-25,13050,13300,12950,13100,25726,-0.38022813688212925
2022-05-26,13100,13200,12800,12900,57705,-1.5267175572519083
2022-05-27,13000,13050,12900,13050,15956,1.1627906976744187
2022-05-30,13100,13250,13100,13200,14507,1.1494252873563218
2022-05-31,13200,13450,13150,13450,33721,1.893939393939394
2022-06-02,13500,13550,13150,13350,17707,-0.7434944237918215
2022-06-03,13350,13500,13150,13400,21979,0.37453183520599254
2022-06-07,13400,13400,13100,13200,19392,-1.4925373134328357
2022-06-08,13100,13400,13100,13200,24970,0.0
2022-06-09,13100,13200,12850,13150,30088,-0.3787878787878788
2022-06-10,12950,13100,12900,13000,9787,-1.1406844106463878
2022-06-13,12500,12850,12350,12450,46711,-4.230769230769231
2022-06-14,12100,12300,11900,12150,90354,-2.4096385542168677
2022-06-15,11950,12350,11400,12350,102898,1.646090534979424
2022-06-16,12000,12150,11650,11650,48534,-5.668016194331984
2022-06-17,11150,12200,11150,12200,174563,4.721030042918455
2022-06-20,11900,11950,11350,11650,65382,-4.508196721311475
2022-06-21,11500,11700,11350,11400,61738,-2.1459227467811157
2022-06-22,11100,11250,10800,10800,232268,-5.263157894736842
2022-06-23,10700,10800,10150,10250,137054,-5.092592592592593
2022-06-24,10200,10750,10200,10650,35847,3.902439024390244
2022-06-27,10750,11050,10750,11050,27824,3.755868544600939
2022-06-28,11100,11150,11000,11100,14381,0.4524886877828055
2022-06-29,10850,11150,10850,11050,11074,-0.45045045045045046
2022-06-30,11050,11050,10850,10950,15743,-0.904977375565611
2022-07-01,10950,11100,10650,11050,28646,0.91324200913242
2022-07-04,11050,11150,10550,10650,25666,-3.619909502262444
2022-07-05,10700,10900,10550,10900,21936,2.3474178403755865
2022-07-06,10900,11050,10750,10800,23279,-0.9174311926605505
2022-07-07,10900,11100,10850,11000,13840,1.8518518518518516
2022-07-08,11100,11150,11000,11100,10851,0.9090909090909091
2022-07-11,11050,11200,11000,11150,11577,0.45045045045045046
2022-07-12,11050,11050,10800,10950,17113,-1.7937219730941705
2022-07-13,10850,11000,10800,10950,17441,0.0
2022-07-14,10850,11050,10750,11000,11623,0.45662100456621
2022-07-15,11000,11000,10750,10850,15737,-1.3636363636363635
2022-07-18,10950,11000,10900,11000,7364,1.3824884792626728
2022-07-19,11000,11100,10900,11000,21100,0.0
2022-07-20,11100,11150,10850,11050,28549,0.45454545454545453
2022-07-21,11100,11250,10950,11200,18641,1.3574660633484164
2022-07-22,11200,11500,11100,11400,23585,1.7857142857142856
2022-07-25,11350,11500,11200,11350,14164,-0.43859649122807015
2022-07-26,11350,11500,11250,11500,11738,1.3215859030837005
2022-07-27,11450,11450,11200,11400,22864,-0.8695652173913043
2022-07-28,11500,11550,11350,11450,25132,0.43859649122807015
2022-07-29,11450,11650,11400,11650,12171,1.7467248908296942
2022-08-01,11650,11700,11450,11500,12774,-1.2875536480686696
2022-08-02,11550,11550,11150,11300,33522,-1.7391304347826086
2022-08-03,11300,11450,11200,11400,15301,0.8849557522123894
2022-08-04,11500,11500,11050,11150,72551,-2.1929824561403506
2022-08-05,11150,11900,11100,11900,76495,6.726457399103139
2022-08-08,11950,11950,11650,11700,32280,-1.680672268907563
2022-08-09,11600,11650,11300,11400,63889,-2.564102564102564
2022-08-10,11300,11700,11300,11600,55298,1.7543859649122806
2022-08-11,11600,11800,11500,11650,29203,0.43103448275862066
2022-08-12,11650,11750,11550,11650,30759,0.0
2022-08-16,11800,11900,11600,11700,18591,0.4291845493562232
2022-08-17,11600,11750,11400,11550,34502,-1.282051282051282
2022-08-18,11450,11500,11300,11500,22579,-0.4329004329004329
2022-08-19,11500,11550,11300,11400,16940,-0.8695652173913043
2022-08-22,11250,11250,11050,11150,33734,-2.1929824561403506
2022-08-23,11100,11100,10800,10900,29749,-2.242152466367713
2022-08-24,11000,11000,10800,11000,21794,0.9174311926605505
2022-08-25,11000,11200,10950,11000,22925,0.0
2022-08-26,11050,11150,11000,11100,19740,0.9090909090909091
2022-08-29,10900,10900,10650,10850,34698,-2.2522522522522523
2022-08-30,10850,10900,10750,10850,17591,0.0
2022-08-31,10750,10950,10700,10950,15385,0.9216589861751152
2022-09-01,10900,10950,10800,10800,20325,-1.36986301369863
2022-09-02,10750,10850,10700,10800,16403,0.0
2022-09-05,10800,10950,10750,10850,8915,0.4629629629629629
2022-09-06,10850,11100,10800,10950,8024,0.9216589861751152
2022-09-07,10800,10850,10550,10750,30575,-1.82648401826484
2022-09-08,10800,10800,10650,10750,11532,0.0
2022-09-13,10750,11000,10750,10900,10652,1.3953488372093024
2022-09-14,10750,10850,10700,10850,5689,-0.45871559633027525
2022-09-15,10800,10900,10700,10900,9559,0.4608294930875576
2022-09-16,10900,10900,10750,10850,4811,-0.45871559633027525
2022-09-19,10750,10900,10550,10700,22457,-1.3824884792626728
2022-09-20,10700,10750,10500,10650,14903,-0.46728971962616817
2022-09-21,10600,10700,10500,10650,5620,0.0
2022-09-22,10550,10600,10350,10400,16351,-2.3474178403755865
2022-09-23,10400,10500,10100,10200,13604,-1.9230769230769231
2022-09-26,10050,10200,9620,9780,66217,-4.117647058823529
2022-09-27,9770,10200,9450,9700,36894,-0.81799591002045
2022-09-28,9700,10100,9300,9390,27924,-3.1958762886597936
2022-09-29,9410,9500,9160,9270,31446,-1.2779552715654952
2022-09-30,9220,9220,9020,9210,34822,-0.6472491909385114
2022-10-04,9200,9310,9140,9240,14854,0.32573289902280134
2022-10-05,9240,9380,9030,9200,19588,-0.4329004329004329
2022-10-06,9190,9380,9110,9220,18756,0.21739130434782608
2022-10-07,9180,9190,9030,9160,13396,-0.6507592190889371
2022-10-11,8920,9070,8730,9050,38171,-1.2008733624454149
2022-10-12,8900,9020,8760,9020,19138,-0.3314917127071823
2022-10-13,8830,9010,8540,9010,44518,-0.11086474501108648
2022-10-14,8960,9010,8800,8910,37269,-1.1098779134295227
2022-10-17,8720,8850,8640,8810,15805,-1.122334455667789
2022-10-18,8860,8940,8750,8850,31354,0.4540295119182747
2022-10-19,8840,8880,8680,8780,22531,-0.7909604519774011
2022-10-20,8760,8760,8660,8700,13649,-0.9111617312072893
2022-10-21,8700,8720,8260,8680,62009,-0.22988505747126436
2022-10-24,8650,8710,8450,8640,43409,-0.4608294930875576
2022-10-25,8570,8630,8410,8410,33284,-2.662037037037037
2022-10-26,8340,8380,8210,8280,25131,-1.5457788347205708
2022-10-27,8240,8370,8230,8350,26977,0.8454106280193237
2022-10-28,8290,8460,8290,8450,16670,1.1976047904191618
2022-10-31,8450,8470,8380,8420,9254,-0.35502958579881655
2022-11-01,8420,8570,8310,8500,13923,0.9501187648456058
2022-11-02,8560,8610,8430,8490,8941,-0.1176470588235294
2022-11-03,8490,8490,8370,8450,11165,-0.47114252061248524
2022-11-04,8450,8450,8300,8360,41013,-1.0650887573964496
2022-11-07,8360,8560,8350,8460,45862,1.1961722488038278
2022-11-08,8480,8710,8480,8710,52919,2.955082742316785
2022-11-09,8710,8970,8710,8920,46405,2.4110218140068884
2022-11-10,8850,8900,8720,8800,29011,-1.345291479820628
2022-11-11,8980,8980,8790,8890,21161,1.0227272727272727
2022-11-14,8890,9700,8850,9330,116143,4.949381327334083
2022-11-15,9340,11750,9330,10050,2616660,7.717041800643088
2022-11-16,10100,10150,9500,9600,298360,-4.477611940298507
2022-11-17,9660,9700,9230,9400,191197,-2.083333333333333
2022-11-18,9300,9460,9130,9230,92698,-1.8085106382978722
2022-11-21,9220,9710,9010,9010,91693,-2.38353196099675
2022-11-22,9000,9110,8860,8900,71710,-1.2208657047724751
2022-11-23,8920,9050,8870,8890,94031,-0.11235955056179776
2022-11-24,8960,9130,8940,9090,48939,2.249718785151856
2022-11-25,9160,11250,8990,9820,4690876,8.030803080308031
2022-11-28,10500,11050,9990,10300,2113064,4.887983706720977
2022-11-29,10300,10800,10050,10300,595466,0.0
2022-11-30,10250,10650,10200,10250,358426,-0.48543689320388345
2022-12-01,10350,10700,10150,10500,311739,2.4390243902439024
2022-12-02,10400,10500,10100,10150,151018,-3.3333333333333335
2022-12-05,10150,10250,9970,10000,91224,-1.477832512315271
2022-12-06,9940,10100,9730,9880,121000,-1.2
2022-12-07,9750,9900,9580,9730,153134,-1.5182186234817814
2022-12-08,9700,9700,9360,9440,84592,-2.9804727646454263
2022-12-09,9440,9720,9440,9700,48937,2.754237288135593
2022-12-12,9750,9750,9460,9620,30506,-0.8247422680412372
2022-12-13,9580,9730,9530,9640,36582,0.2079002079002079
2022-12-14,9640,10400,9600,10050,367949,4.253112033195021
2022-12-15,10050,10200,9880,10100,92273,0.4975124378109453
2022-12-16,9750,9990,9750,9760,79913,-3.3663366336633667
2022-12-19,9760,9760,9570,9650,39088,-1.1270491803278688
2022-12-20,9590,9750,9290,9390,53452,-2.6943005181347153
2022-12-21,9360,9490,9360,9400,31197,0.10649627263045794
2022-12-22,9380,9540,9380,9450,19935,0.5319148936170213
2022-12-23,9450,9470,8640,9110,49409,-3.5978835978835977
2022-12-26,9100,9100,8900,8950,63776,-1.756311745334797
2022-12-27,8850,9120,8810,9080,42897,1.452513966480447
2022-12-28,9020,9080,8920,9060,21003,-0.22026431718061676
2022-12-29,8910,9020,8530,8590,68091,-5.187637969094923
2023-01-02,8530,8620,8370,8520,34963,-0.8149010477299184
2023-01-03,8410,8530,8340,8510,45994,-0.11737089201877934
2023-01-04,8510,8570,8330,8550,32268,0.4700352526439483
2023-01-05,8570,9420,8530,9230,249677,7.953216374269006
2023-01-06,8970,9090,8730,8930,101129,-3.2502708559046587
2023-01-09,8960,9180,8960,8980,46359,0.5599104143337066
2023-01-10,9080,9350,9000,9300,52687,3.5634743875278394
2023-01-11,9380,9410,9190,9210,25156,-0.967741935483871
2023-01-12,9240,9310,9150,9220,22222,0.10857763300760044
2023-01-13,9210,9300,9160,9200,18121,-0.21691973969631237
2023-01-16,9200,9220,9080,9120,60828,-0.8695652173913043
2023-01-17,9090,9370,9090,9350,131421,2.5219298245614032
2023-01-18,9350,9500,9310,9450,95214,1.06951871657754
2023-01-19,9430,9650,9390,9650,64706,2.1164021164021163
2023-01-20,9600,9670,9470,9490,25208,-1.6580310880829014
2023-01-25,9640,9640,9400,9540,39111,0.5268703898840885
2023-01-26,9540,9670,9530,9560,56395,0.20964360587002098
2023-01-27,9730,9730,9520,9590,51927,0.3138075313807531
2023-01-30,9590,9590,9270,9420,39418,-1.7726798748696557
2023-01-31,9420,9570,9340,9480,24733,0.6369426751592357
2023-02-01,9580,9580,9210,9340,32469,-1.4767932489451476
2023-02-02,9410,9560,9320,9560,35202,2.355460385438972
2023-02-03,9590,9610,9370,9580,29177,0.20920502092050208
2023-02-06,9620,9630,9360,9440,24342,-1.4613778705636742
2023-02-07,9400,9470,9290,9400,23521,-0.423728813559322
2023-02-08,9430,9430,9200,9200,58862,-2.127659574468085
2023-02-09,9250,9290,9180,9230,31586,0.32608695652173914
2023-02-10,9230,9230,9010,9030,37070,-2.1668472372697725
2023-02-13,9030,9030,8910,8970,25196,-0.6644518272425249
2023-02-14,8970,9070,8960,8980,18182,0.11148272017837235
2023-02-15,9020,9070,8820,8920,32887,-0.6681514476614699
2023-02-16,8860,9030,8860,8930,20567,0.11210762331838565
2023-02-17,8930,8950,8800,8950,12919,0.22396416573348266
2023-02-20,8940,8980,8840,8950,18043,0.0
2023-02-21,9040,9100,8910,9060,22635,1.2290502793296088
2023-02-22,9040,9040,8840,8910,24201,-1.6556291390728477
2023-02-23,8930,8980,8870,8930,13432,0.22446689113355783
2023-02-24,8990,8990,8690,8800,35590,-1.4557670772676372
2023-02-27,8750,8830,8660,8740,19114,-0.6818181818181818
2023-02-28,8750,8780,8660,8730,15873,-0.11441647597254005
2023-03-02,8670,8870,8670,8840,25929,1.2600229095074456
2023-03-03,8840,8930,8790,8800,35395,-0.4524886877828055
2023-03-06,8820,9000,8800,8900,17435,1.1363636363636365
2023-03-07,8870,8920,8720,8870,21622,-0.33707865168539325
2023-03-08,8830,8900,8700,8780,17005,-1.0146561443066515
2023-03-09,8720,8840,8660,8710,12381,-0.7972665148063782
2023-03-10,8750,8750,8410,8450,40237,-2.9850746268656714
2023-03-13,8380,8430,8150,8270,61023,-2.130177514792899
2023-03-14,8270,8270,7910,7930,63399,-4.111245465538089
2023-03-15,8100,8100,7890,7890,47095,-0.5044136191677175
2023-03-16,7830,8130,7740,7890,64666,0.0
2023-03-17,7860,8130,7860,7870,153634,-0.25348542458808615
2023-03-20,7940,8000,7710,7830,49929,-0.5082592121982211
2023-03-21,7810,7900,7750,7810,36807,-0.2554278416347382
2023-03-22,7830,7840,7700,7760,44129,-0.6402048655569782
2023-03-23,7750,7830,7660,7770,32143,0.12886597938144329
2023-03-24,7770,7810,7690,7770,28603,0.0
2023-03-27,7770,7770,7630,7750,31290,-0.2574002574002574
2023-03-28,7630,7830,7630,7740,45385,-0.12903225806451613
2023-03-29,7820,8180,7780,8040,121606,3.875968992248062
2023-03-30,8040,8040,7840,7920,31813,-1.4925373134328357
2023-03-31,7920,8000,7870,7910,36031,-0.12626262626262627
2023-04-03,7880,7970,7850,7950,22886,0.5056890012642226
2023-04-04,7940,8070,7850,8040,62503,1.1320754716981132
2023-04-05,8100,8120,7910,7970,35247,-0.8706467661691543
2023-04-06,7950,7970,7810,7860,37133,-1.3801756587202008
2023-04-07,7820,7910,7790,7870,17660,0.1272264631043257
2023-04-10,7910,7910,7800,7870,19452,0.0
2023-04-11,7880,7910,7760,7870,27522,0.0
2023-04-12,7870,7930,7830,7880,34006,0.12706480304955528
2023-04-13,7900,7910,7810,7910,21737,0.3807106598984772
2023-04-14,7910,7970,7870,7910,64058,0.0
2023-04-17,7910,8080,7860,8030,39443,1.5170670037926675
2023-04-18,7980,8070,7890,8070,53979,0.49813200498132004
2023-04-19,8070,8250,8020,8170,40977,1.2391573729863694
2023-04-20,8170,8220,8050,8050,34037,-1.4687882496940026
2023-04-21,8000,8160,7850,7990,87875,-0.7453416149068323
2023-04-24,7950,7960,7870,7900,27968,-1.1264080100125156
2023-04-25,7950,7960,7790,7910,31339,0.12658227848101267
2023-04-26,7720,7940,7720,7890,29618,-0.2528445006321113
2023-04-27,7860,7860,7740,7780,32396,-1.394169835234474
2023-04-28,7780,7900,7740,7780,28430,0.0
2023-05-02,7720,7870,7700,7870,39589,1.1568123393316194
2023-05-03,7870,7880,7740,7840,44967,-0.3811944091486658
2023-05-04,7840,7890,7770,7840,12151,0.0
2023-05-08,7790,7940,7790,7880,27277,0.5102040816326531
2023-05-09,7780,7880,7730,7870,54757,-0.12690355329949238
2023-05-10,7880,8080,7840,8000,59997,1.6518424396442184
2023-05-11,8030,8310,8010,8180,63698,2.25
2023-05-12,8200,8250,8020,8100,30726,-0.9779951100244498
2023-05-15,8100,8210,7980,8070,16287,-0.3703703703703704
2023-05-16,8000,8200,7920,7990,15139,-0.9913258983890955
2023-05-17,7910,8060,7910,8000,7668,0.1251564455569462
2023-05-18,8000,8030,7960,8000,8499,0.0
2023-05-19,8010,8190,7980,7990,13059,-0.125
2023-05-22,7950,8080,7950,8080,24879,1.1264080100125156
2023-05-23,8080,8170,8010,8060,12752,-0.24752475247524752
2023-05-24,8010,8070,7970,8030,15159,-0.37220843672456577
2023-05-25,7990,8030,7880,7900,23032,-1.61892901618929
2023-05-26,7950,7960,7770,7780,26375,-1.5189873417721518
2023-05-30,7800,7930,7790,7870,16696,1.1568123393316194
2023-05-31,7870,8150,7870,8110,58054,3.0495552731893265
2023-06-01,8110,8240,8010,8130,19122,0.2466091245376079
2023-06-02,8090,8200,8030,8090,14396,-0.4920049200492005
2023-06-05,8090,8180,8030,8080,24990,-0.12360939431396785
2023-06-07,8080,8120,8030,8070,11923,-0.12376237623762376
2023-06-08,8070,8160,8030,8100,19848,0.37174721189591076
2023-06-09,8100,8180,8080,8130,23913,0.3703703703703704
2023-06-12,8130,8180,8010,8060,18673,-0.8610086100861009
2023-06-13,8070,9200,8070,8310,521345,3.101736972704715
2023-06-14,8430,8430,8250,8300,60565,-0.12033694344163659
2023-06-15,8250,8400,8230,8300,20957,0.0
2023-06-16,8260,8500,8260,8480,57554,2.1686746987951806
2023-06-19,8550,9180,8350,8530,296656,0.589622641509434
2023-06-20,8490,8810,8420,8800,90651,3.1652989449003512
2023-06-21,8840,9200,8660,9000,209294,2.272727272727273
2023-06-22,9090,9260,9030,9090,108872,1.0
2023-06-23,9100,9120,8690,8850,60038,-2.6402640264026402
2023-06-26,10000,10010,8550,8560,534949,-3.2768361581920904
2023-06-27,8570,8640,8410,8540,53053,-0.23364485981308408
2023-06-28,8530,8640,8380,8570,49676,0.351288056206089
2023-06-29,8510,8860,8510,8630,36689,0.7001166861143524
2023-06-30,8570,8760,8530,8650,23286,0.2317497103128621
2023-07-03,8650,8990,8600,8720,31581,0.8092485549132947
2023-07-04,8690,8770,8610,8740,18950,0.22935779816513763
2023-07-05,8740,8830,8650,8750,11674,0.11441647597254005
2023-07-06,8710,8750,8280,8310,37911,-5.0285714285714285
2023-07-07,8260,8310,8020,8180,40498,-1.5643802647412757
2023-07-10,8180,8180,8060,8120,17933,-0.7334963325183375
2023-07-11,8130,8240,8050,8230,15955,1.354679802955665
2023-07-12,8280,8330,8150,8320,12513,1.0935601458080195
2023-07-13,8330,8650,8270,8390,15926,0.8413461538461539
2023-07-14,8400,8630,8230,8320,36256,-0.834326579261025
2023-07-17,8250,8330,7780,8060,32821,-3.125
2023-07-18,8060,8170,7980,8050,20535,-0.12406947890818859
2023-07-19,7980,8080,7810,7870,52084,-2.236024844720497
2023-07-20,7840,7970,7750,7750,78885,-1.5247776365946633
2023-07-21,7740,7860,7680,7750,37677,0.0
2023-07-24,7750,7750,7450,7460,49625,-3.741935483870968
2023-07-25,7410,7490,7200,7230,77677,-3.0831099195710454
2023-07-26,7290,7330,6850,6900,80615,-4.564315352697095
2023-07-27,6600,7100,6600,6950,136887,0.7246376811594203
2023-07-28,6860,7120,6860,7040,22601,1.2949640287769784
2023-07-31,7000,7220,7000,7180,21738,1.9886363636363635
2023-08-01,7280,7420,7160,7360,30679,2.5069637883008355
2023-08-02,7360,7440,7230,7260,15322,-1.358695652173913
2023-08-03,7260,7280,7140,7260,19418,0.0
2023-08-04,7210,7500,7210,7370,17447,1.5151515151515151
2023-08-07,7480,7870,7430,7780,69511,5.563093622795115
2023-08-08,7760,7930,7520,7600,38604,-2.313624678663239
2023-08-09,7590,8150,7520,8090,64295,6.447368421052632
2023-08-10,8000,8700,7940,8660,169610,7.045735475896168
2023-08-11,8830,8830,8490,8580,66258,-0.9237875288683602
2023-08-14,8630,8680,8050,8390,46911,-2.2144522144522143
2023-08-16,8250,8350,8070,8170,53406,-2.622169249106079
2023-08-17,8180,8220,7910,8070,60293,-1.2239902080783354
2023-08-18,8070,8100,7900,8000,48328,-0.8674101610904585
2023-08-21,7900,8210,7900,8050,30322,0.625
2023-08-22,8090,8140,7940,7990,25905,-0.7453416149068323
2023-08-23,8000,8070,7910,7960,76561,-0.37546933667083854
2023-08-24,8000,8190,7950,8030,54436,0.8793969849246231
2023-08-25,7920,8090,7600,7770,61499,-3.23785803237858
2023-08-28,7820,8600,7660,8110,309661,4.375804375804376
2023-08-29,8180,8390,8030,8300,41931,2.342786683107275
2023-08-30,8380,8390,8220,8260,15787,-0.48192771084337355
2023-08-31,8300,8300,7980,8100,23539,-1.937046004842615
2023-09-01,8130,8200,8010,8100,14825,0.0
2023-09-04,8100,8100,7890,7890,22160,-2.5925925925925926
2023-09-05,7890,7950,7590,7730,71856,-2.027883396704689
2023-09-06,7720,7720,7450,7450,84182,-3.6222509702457955
2023-09-07,7450,7500,7250,7460,60318,0.1342281879194631
2023-09-08,7380,7900,7380,7890,80323,5.7640750670241285
2023-09-11,7830,8240,7820,8080,72124,2.4081115335868186
2023-09-12,8160,8400,8090,8390,74601,3.8366336633663365
2023-09-13,8300,8840,8300,8700,118928,3.6948748510131106
2023-09-14,8800,8930,8710,8890,70092,2.1839080459770113
2023-09-15,8940,8980,8500,8600,69435,-3.262092238470191
2023-09-18,8600,8760,8500,8650,42647,0.5813953488372093
2023-09-19,8580,8690,8450,8600,32902,-0.5780346820809248
2023-09-20,8580,9010,8580,8940,62730,3.953488372093023
2023-09-21,8930,8940,8750,8860,28925,-0.8948545861297539
2023-09-22,8760,9040,8710,9000,62996,1.580135440180587
2023-09-25,9000,9200,8830,9190,60585,2.111111111111111
2023-09-26,9200,9200,8750,8950,52408,-2.6115342763873777
2023-09-27,8820,9030,8820,8990,24975,0.44692737430167595
2023-10-04,8990,8990,8520,8670,27425,-3.5595105672969964
2023-10-05,8560,8720,8380,8530,26697,-1.6147635524798154
2023-10-06,8380,8830,8380,8830,28071,3.5169988276670576
2023-10-10,8700,8840,8370,8590,44447,-2.7180067950169877
2023-10-11,8450,8980,8450,8630,27234,0.46565774155995343
2023-10-12,8710,8710,8370,8680,28898,0.5793742757821553
2023-10-13,8680,8680,8350,8510,19550,-1.9585253456221197
2023-10-16,8500,8500,8200,8290,21537,-2.5851938895417157
2023-10-17,8200,8400,8200,8300,21136,0.12062726176115801
2023-10-18,8300,8300,8110,8180,14762,-1.4457831325301205
2023-10-19,8090,8150,7890,8050,26789,-1.5892420537897312
2023-10-20,7870,8050,7790,7850,27400,-2.484472049689441
2023-10-23,7640,7910,7640,7720,21454,-1.6560509554140128
2023-10-24,7790,9650,7690,8360,992656,8.290155440414509
2023-10-25,8360,8360,7940,8150,101383,-2.511961722488038
2023-10-26,8120,9290,7660,7830,969920,-3.92638036809816
2023-10-27,7770,8040,7710,7830,73827,0.0
2023-10-30,7830,8100,7660,7980,37857,1.9157088122605364
2023-10-31,8070,8180,7940,7960,19393,-0.2506265664160401
2023-11-01,7990,8130,7920,7990,21491,0.37688442211055273
2023-11-02,8010,8190,7970,8160,24321,2.127659574468085
2023-11-03,8200,8420,8120,8370,42241,2.5735294117647056
2023-11-06,8380,8490,8290,8470,26868,1.1947431302270013
2023-11-07,8390,8490,8240,8360,25962,-1.2987012987012987
2023-11-08,8400,8530,8340,8370,29031,0.11961722488038277
2023-11-09,8350,8400,8230,8300,21668,-0.8363201911589008
2023-11-10,8300,8300,8160,8220,10498,-0.9638554216867471
2023-11-13,8170,8290,7770,7910,57944,-3.7712895377128954
2023-11-14,7910,8040,7910,8000,16441,1.1378002528445006
2023-11-15,8040,8070,7990,8050,16744,0.625
2023-11-16,8050,8050,7900,8000,23646,-0.6211180124223602
2023-11-17,8000,8000,7750,7860,41306,-1.7500000000000002
2023-11-20,7850,7960,7820,7870,25328,0.1272264631043257
2023-11-21,7890,8080,7840,8060,31491,2.41423125794155
2023-11-22,8070,8120,7890,8110,39491,0.620347394540943
2023-11-23,8100,8240,7980,8130,30030,0.2466091245376079
2023-11-24,8130,8130,7920,7950,29552,-2.214022140221402
2023-11-27,7940,8010,7900,8010,12186,0.7547169811320755
2023-11-28,7900,8090,7890,7950,45226,-0.7490636704119851
2023-11-29,7950,7980,7830,7930,34946,-0.25157232704402516
2023-11-30,7950,8140,7930,8130,39250,2.5220680958385877
2023-12-01,8160,8240,8050,8150,72109,0.24600246002460024
2023-12-04,8120,8240,8070,8150,18861,0.0
2023-12-05,8100,8310,8060,8160,23782,0.1226993865030675
2023-12-06,8160,8160,7910,7920,54731,-2.941176470588235
2023-12-07,7930,8040,7910,7960,18410,0.5050505050505051
2023-12-08,7940,8050,7940,8000,10594,0.5025125628140703
2023-12-11,8020,8030,7930,7930,10400,-0.8750000000000001
2023-12-12,7910,7960,7800,7870,43479,-0.7566204287515763
2023-12-13,7860,7860,7780,7820,20004,-0.6353240152477764
2023-12-14,7820,7870,7730,7830,23601,0.1278772378516624
2023-12-15,7890,7890,7720,7790,44355,-0.5108556832694764
2023-12-18,7780,7790,7680,7710,26448,-1.0269576379974326
2023-12-19,7680,7780,7630,7700,28023,-0.12970168612191957
2023-12-20,7680,7780,7680,7780,34933,1.0389610389610389
2023-12-21,7770,7780,7680,7700,17071,-1.0282776349614395
2023-12-22,7700,7770,7680,7720,34856,0.2597402597402597
2023-12-26,7670,8430,7600,7780,130970,0.7772020725388601
2023-12-27,7850,7860,7610,7700,39247,-1.0282776349614395
2023-12-28,7700,7850,7670,7760,49440,0.7792207792207793
2024-01-02,7790,7890,7740,7840,42330,1.0309278350515463
2024-01-03,7840,7900,7770,7840,18898,0.0
2024-01-04,7840,7840,7660,7730,32754,-1.403061224489796
2024-01-05,7730,7790,7610,7610,27069,-1.5523932729624839
2024-01-08,7660,7680,7610,7670,26455,0.7884362680683311
2024-01-09,7730,7780,7570,7620,49247,-0.651890482398957
2024-01-10,7640,7670,7590,7650,21132,0.39370078740157477
2024-01-11,7680,7700,7540,7590,41660,-0.7843137254901961
2024-01-12,7600,7600,7370,7440,43587,-1.9762845849802373
2024-01-15,7350,7440,7210,7230,39895,-2.82258064516129
2024-01-16,7270,7490,7190,7190,32438,-0.5532503457814661
2024-01-17,7150,7350,7150,7250,23603,0.8344923504867872
2024-01-18,7240,7350,7200,7250,11775,0.0
2024-01-19,7250,7340,7170,7210,9992,-0.5517241379310345
2024-01-22,7290,7300,6840,6990,54664,-3.0513176144244105
2024-01-23,7000,7170,6970,7160,9450,2.432045779685265
2024-01-24,7190,8200,7010,8080,727734,12.849162011173185
2024-01-25,8040,9080,7510,7600,1739207,-5.9405940594059405
2024-01-26,7600,7730,7520,7620,87478,0.2631578947368421
2024-01-29,7620,7710,7540,7570,54634,-0.6561679790026247
2024-01-30,7620,7850,7580,7750,57232,2.3778071334214
2024-01-31,7710,7820,7670,7710,32014,-0.5161290322580645
2024-02-01,7710,7840,7620,7750,67356,0.5188067444876783
2024-02-02,7790,7850,7710,7820,36791,0.903225806451613
2024-02-05,7840,7890,7740,7830,35456,0.1278772378516624
2024-02-06,7790,7860,7680,7750,37116,-1.0217113665389528
2024-02-07,7760,7780,7610,7710,80126,-0.5161290322580645
2024-02-08,7700,7790,7650,7780,23171,0.9079118028534372
2024-02-13,7780,7900,7770,7900,36769,1.5424164524421593
2024-02-14,7900,8010,7820,7920,36148,0.25316455696202533
2024-02-15,7980,7990,7760,7850,32767,-0.8838383838383838
2024-02-16,7920,7920,7780,7850,17639,0.0
2024-02-19,7900,8100,7870,8020,40178,2.1656050955414012
2024-02-20,8060,8100,7940,8000,19372,-0.24937655860349126
2024-02-21,8040,8040,7860,7930,31666,-0.8750000000000001
2024-02-22,7910,8050,7880,7900,12496,-0.37831021437578816
2024-02-23,8000,8000,7730,7760,21122,-1.7721518987341773
2024-02-26,7820,7820,7580,7580,26073,-2.3195876288659796
2024-02-27,7540,7600,7390,7390,36679,-2.5065963060686016
2024-02-28,7390,7460,7280,7390,43442,0.0
2024-02-29,7340,7430,7270,7290,31888,-1.3531799729364005
2024-03-04,7340,7390,7270,7300,23679,0.1371742112482853
2024-03-05,7310,7400,7200,7250,29284,-0.684931506849315
2024-03-06,7230,7300,7130,7240,27855,-0.13793103448275862
2024-03-07,7230,7240,7110,7110,19849,-1.7955801104972375
2024-03-08,7120,7200,7120,7200,14635,1.2658227848101267
2024-03-11,7210,7380,7210,7340,12285,1.9444444444444444
2024-03-12,7340,7390,7300,7330,15033,-0.13623978201634876
2024-03-13,7310,7440,7310,7430,18165,1.364256480218281
2024-03-14,7410,7530,7380,7440,16490,0.13458950201884254
2024-03-15,7540,7540,7350,7390,13628,-0.6720430107526881
2024-03-18,7300,8110,7300,7680,65550,3.924221921515562
2024-03-19,7660,7850,7620,7750,41032,0.9114583333333334
2024-03-20,7740,7790,7510,7650,39632,-1.2903225806451613
2024-03-21,7700,7750,7480,7530,29589,-1.5686274509803921
2024-03-22,7590,7750,7540,7700,16356,2.257636122177955
2024-03-25,7750,7790,7480,7640,57971,-0.7792207792207793
2024-03-26,7640,7790,7590,7790,21467,1.963350785340314
2024-03-27,7810,7860,7710,7800,14839,0.12836970474967907
2024-03-28,7800,7870,7630,7690,18461,-1.4102564102564104
2024-03-29,7720,7830,7640,7670,17244,-0.26007802340702213
2024-04-01,7580,7730,7500,7690,19409,0.2607561929595828
2024-04-02,7690,7690,7590,7620,11018,-0.9102730819245773
2024-04-03,7570,7750,7570,7690,27652,0.9186351706036745
2024-04-04,7630,7730,7630,7640,18065,-0.6501950585175552
2024-04-05,7640,7640,7490,7600,11691,-0.5235602094240838
2024-04-08,7590,7600,7500,7500,17569,-1.3157894736842104
2024-04-09,7440,7560,7440,7490,9666,-0.13333333333333333
2024-04-11,7400,7490,7320,7470,15754,-0.26702269692923897
2024-04-12,7400,7520,7260,7310,35299,-2.14190093708166
2024-04-15,7180,7300,7180,7250,16662,-0.8207934336525308
2024-04-16,7160,7290,7160,7290,26176,0.5517241379310345
2024-04-17,7290,7330,7240,7280,17965,-0.1371742112482853
2024-04-18,7330,7360,7260,7330,8207,0.6868131868131868
2024-04-19,7350,7430,7270,7410,17222,1.0914051841746248
2024-04-22,7410,7640,7390,7460,12537,0.6747638326585695
2024-04-23,7460,7500,7390,7500,3886,0.5361930294906166
2024-04-24,7520,7570,7450,7540,17803,0.5333333333333333
2024-04-25,7520,7570,7450,7530,11136,-0.1326259946949602
2024-04-26,7530,7550,7470,7540,5523,0.13280212483399734
2024-04-29,7540,7590,7500,7540,13271,0.0
2024-04-30,7510,7650,7510,7630,10792,1.1936339522546418
2024-05-02,7630,7670,7580,7640,14393,0.1310615989515072
2024-05-03,7640,7710,7620,7660,20518,0.2617801047120419
2024-05-07,7640,7700,7580,7670,11124,0.13054830287206268
2024-05-08,7630,7670,7600,7670,7056,0.0
2024-05-09,7670,8430,7650,7860,213578,2.4771838331160363
2024-05-10,7840,9290,7830,8510,2995784,8.269720101781171
2024-05-13,8640,10690,8520,10300,5419633,21.034077555816687
2024-05-14,10350,10440,9550,9550,907902,-7.281553398058252
2024-05-16,9740,11140,9660,10760,3046402,12.670157068062826
2024-05-17,10650,11050,10410,10900,767853,1.3011152416356877
2024-05-20,10680,11530,10500,11530,676568,5.779816513761468
2024-05-21,11600,11800,11060,11230,507959,-2.6019080659150045
2024-05-22,11230,11270,10410,10720,432842,-4.541406945681211
2024-05-23,10700,10930,10240,10650,221006,-0.6529850746268656
2024-05-24,10500,10500,10030,10030,254013,-5.821596244131456
2024-05-27,10110,10260,9850,10040,231772,0.09970089730807577
2024-05-28,10150,10280,9850,9880,151993,-1.593625498007968
2024-05-29,9840,10440,9710,10190,184426,3.137651821862348
2024-05-30,10160,10160,9770,9870,102075,-3.140333660451423
2024-05-31,9900,10190,9800,9910,66493,0.4052684903748734
2024-06-03,9940,10250,9880,10110,108609,2.0181634712411705
2024-06-04,10040,10090,9400,9400,189119,-7.022749752720079
2024-06-05,9430,9620,9100,9100,154591,-3.1914893617021276
2024-06-07,9090,9260,9050,9150,82461,0.5494505494505495
2024-06-10,9150,9260,9000,9180,38401,0.32786885245901637
2024-06-11,9270,9300,9050,9050,35362,-1.4161220043572984
2024-06-12,9160,9220,9010,9180,64728,1.4364640883977902
2024-06-13,9200,9270,8980,9050,85932,-1.4161220043572984
2024-06-14,9110,9200,8960,9050,52288,0.0
2024-06-17,9050,9170,8880,8900,41341,-1.6574585635359116
2024-06-18,8940,8990,8720,8930,34625,0.33707865168539325
2024-06-19,8900,9050,8750,8750,51251,-2.015677491601344
2024-06-20,8780,9310,8780,9290,142388,6.171428571428572
2024-06-21,9290,9290,8900,8980,82312,-3.3369214208826694
2024-06-24,8980,9820,8880,9140,450816,1.7817371937639197
2024-06-25,9110,9680,9110,9550,137072,4.485776805251642
2024-06-26,9670,9880,9420,9530,119454,-0.20942408376963353
2024-06-27,9590,9590,9140,9190,50045,-3.5676810073452256
2024-06-28,9200,9290,9130,9220,22341,0.3264417845484222
2024-07-01,9410,9550,9110,9110,35431,-1.193058568329718
2024-07-02,9160,9420,9130,9240,32155,1.4270032930845227
2024-07-03,9280,9330,8960,8970,36232,-2.922077922077922
2024-07-04,9150,9780,9040,9340,149913,4.124860646599777
2024-07-05,9340,9410,8860,8970,120224,-3.961456102783726
2024-07-08,8970,9050,8600,8840,122255,-1.4492753623188406
2024-07-09,8760,9040,8760,8810,39185,-0.3393665158371041
2024-07-10,8900,9020,8790,9010,35095,2.2701475595913734
2024-07-11,9030,9070,8870,9030,54707,0.22197558268590456
2024-07-12,9060,9900,8980,9900,273865,9.634551495016613
2024-07-15,10340,10360,10000,10300,229275,4.040404040404041
2024-07-16,10350,10350,9770,10000,125246,-2.912621359223301
2024-07-17,10100,10810,10090,10750,378377,7.5
2024-07-18,10700,10740,10110,10290,168834,-4.279069767441861
2024-07-19,10320,10320,9840,9990,87429,-2.9154518950437316
2024-07-22,9900,9960,9400,9530,110694,-4.604604604604605
2024-07-23,9560,9710,9460,9650,52445,1.2591815320041972
2024-07-24,9570,9980,9490,9950,69379,3.1088082901554404
2024-07-25,9850,10080,9500,9960,102122,0.10050251256281408
2024-07-26,10030,10170,9630,10050,187153,0.9036144578313252
2024-07-29,10050,10380,10020,10250,123046,1.9900497512437811
2024-07-30,10300,10460,9750,9800,83323,-4.390243902439024
2024-07-31,9930,10150,9810,9990,82583,1.9387755102040816
2024-08-01,9990,10240,9710,9790,73136,-2.002002002002002
2024-08-02,9700,9700,9120,9120,121149,-6.8437180796731365
2024-08-05,8990,9080,8090,8090,143625,-11.293859649122808
2024-08-06,8700,8940,8260,8510,146624,5.19159456118665
2024-08-07,8710,9250,8670,9000,69625,5.7579318448883665
2024-08-08,9000,9690,8810,9260,272425,2.888888888888889
2024-08-09,9600,9660,9260,9390,170517,1.4038876889848813
2024-08-12,9500,9600,8750,9010,229284,-4.046858359957402
2024-08-13,9100,9380,8660,8870,182441,-1.553829078801332
2024-08-14,8900,9140,8660,8800,167110,-0.7891770011273956
2024-08-16,8810,8940,8620,8740,150212,-0.6818181818181818
2024-08-19,8750,8800,8460,8540,145891,-2.2883295194508007
2024-08-20,8540,8840,8330,8790,209679,2.927400468384075
2024-08-21,8780,9030,8630,8960,62833,1.9340159271899888
2024-08-22,8910,8990,8680,8760,120897,-2.232142857142857
2024-08-23,8750,8750,8490,8580,82575,-2.054794520547945
2024-08-26,8570,8820,8470,8600,111234,0.2331002331002331
2024-08-27,8610,8920,8520,8850,68713,2.9069767441860463
2024-08-28,8850,8850,8570,8610,65662,-2.711864406779661
2024-08-29,8550,8750,8490,8650,80794,0.4645760743321719
2024-08-30,8650,8760,8520,8630,23944,-0.23121387283236997
2024-09-02,8630,8630,8360,8360,61036,-3.1286210892236386
2024-09-03,8400,8490,8320,8320,31110,-0.4784688995215311
2024-09-04,8080,8240,7980,8060,86233,-3.125
2024-09-05,8050,8270,7910,8000,40788,-0.7444168734491315
2024-09-06,7960,8040,7800,7810,36397,-2.375
2024-09-09,7810,8050,7710,7960,20575,1.9206145966709345
2024-09-10,8050,8060,7700,7890,48285,-0.8793969849246231
2024-09-11,7940,7990,7690,7770,24543,-1.520912547528517
2024-09-12,7780,7970,7770,7940,13479,2.187902187902188
2024-09-13,7980,8150,7820,8050,47029,1.385390428211587
2024-09-19,8060,8120,7880,8000,29711,-0.6211180124223602
2024-09-20,8000,8200,7950,8160,43321,2.0
2024-09-23,8110,8110,7880,8000,42119,-1.9607843137254901
2024-09-24,8000,8390,7910,8180,59274,2.25
2024-09-25,8170,8320,7980,8110,71030,-0.8557457212713936
2024-09-26,8110,8210,8060,8180,33089,0.8631319358816275
2024-09-27,8190,8360,8090,8150,41178,-0.36674816625916873
2024-09-30,8150,8150,7950,7990,25832,-1.96319018404908
2024-10-02,7990,8030,7870,7940,24300,-0.6257822277847309
2024-10-04,7980,7990,7890,7990,13585,0.6297229219143577
2024-10-07,8000,8020,7820,7990,15534,0.0
2024-10-08,7980,8090,7880,7880,16010,-1.376720901126408
2024-10-10,7990,8130,7900,8080,27998,2.5380710659898478
2024-10-11,8120,8180,7930,7930,24138,-1.8564356435643563
2024-10-14,8170,8260,7960,8150,26715,2.7742749054224465
2024-10-15,8150,8370,8100,8300,46565,1.8404907975460123
2024-10-16,8210,8280,8020,8060,22296,-2.891566265060241
2024-10-17,8070,8620,8000,8230,46522,2.109181141439206
2024-10-18,8200,8240,7910,8010,70696,-2.67314702308627
2024-10-21,8090,8200,7960,8100,24007,1.1235955056179776
2024-10-22,8010,8100,7870,7930,51300,-2.0987654320987654
2024-10-23,7930,8020,7800,8020,41045,1.1349306431273645
2024-10-24,8020,8090,7840,7950,48697,-0.8728179551122194
2024-10-25,7950,7970,7690,7730,58567,-2.767295597484277
2024-10-28,7850,7910,7710,7860,13387,1.6817593790426906
2024-10-29,7860,7920,7800,7880,17497,0.2544529262086514
2024-10-30,7980,7980,7860,7920,9834,0.5076142131979695
2024-10-31,7920,8040,7450,7980,23593,0.7575757575757576
2024-11-01,7970,8010,7790,7990,31127,0.12531328320802004
2024-11-04,7990,8010,7850,7920,15465,-0.8760951188986232
2024-11-05,7930,8060,7900,8050,22783,1.6414141414141417
2024-11-06,8090,8110,7960,8070,35437,0.2484472049689441
2024-11-07,7990,9360,7910,8410,755812,4.2131350681536555
2024-11-08,8390,8620,8250,8450,161757,0.47562425683709864
2024-11-11,8450,8530,8190,8250,81330,-2.366863905325444
2024-11-12,8200,8240,7800,7960,104572,-3.5151515151515147
2024-11-13,7960,7980,7520,7520,87205,-5.527638190954774
2024-11-14,7730,7750,7520,7720,39131,2.6595744680851063
2024-11-15,7790,8000,7580,7880,33491,2.072538860103627
2024-11-18,7960,8030,7790,7890,37456,0.12690355329949238
2024-11-19,7820,8010,7760,7800,30843,-1.1406844106463878
2024-11-20,7870,7900,7730,7730,24661,-0.8974358974358974
2024-11-21,7730,7880,7660,7800,20053,0.9055627425614489
2024-11-22,7800,8050,7800,7860,23738,0.7692307692307693
2024-11-25,7830,8050,7820,8020,33919,2.035623409669211
2024-11-26,8030,8040,7860,7970,18930,-0.6234413965087282
2024-11-27,7970,8020,7840,7950,25420,-0.2509410288582183
2024-11-28,7860,8200,7860,8200,51398,3.1446540880503147
2024-11-29,8320,8320,7930,8010,23616,-2.317073170731707
2024-12-02,8100,8100,7780,7780,27528,-2.871410736579276
2024-12-03,7650,8030,7650,7960,31572,2.313624678663239
2024-12-04,7880,7980,7690,7810,23829,-1.8844221105527637
2024-12-05,7810,7830,7680,7780,13930,-0.3841229193341869
2024-12-06,7810,7810,7450,7520,38250,-3.3419023136246784
2024-12-09,7520,7600,7060,7250,72726,-3.590425531914894
2024-12-10,7280,7670,7270,7670,27804,5.793103448275862
2024-12-11,7670,7930,7620,7930,23164,3.389830508474576
2024-12-12,7930,7990,7850,7950,10869,0.25220680958385877
2024-12-13,7800,8060,7800,8040,29874,1.1320754716981132
2024-12-16,8010,8150,7950,8070,26660,0.3731343283582089
2024-12-17,8090,8200,8060,8180,32826,1.3630731102850062
2024-12-18,8130,8200,8070,8170,18706,-0.12224938875305623
2024-12-19,8160,8160,8030,8070,18343,-1.2239902080783354
2024-12-20,8140,8150,7860,7960,11459,-1.3630731102850062
2024-12-23,7960,8070,7910,8070,12240,1.3819095477386936
2024-12-24,8080,8080,7900,7990,10926,-0.9913258983890955
2024-12-26,8090,8090,7860,7990,34528,0.0
2024-12-27,7980,7980,7740,7850,14288,-1.7521902377972465
2024-12-30,7850,7890,7630,7630,24761,-2.802547770700637
2025-01-02,7630,7750,7520,7550,20029,-1.0484927916120577
2025-01-03,7560,7740,7500,7730,26807,2.384105960264901
2025-01-06,7750,7880,7680,7850,35793,1.5523932729624839
2025-01-07,7840,7940,7810,7900,27185,0.6369426751592357
2025-01-08,7820,7910,7760,7910,23045,0.12658227848101267
2025-01-09,7910,7960,7810,7880,33835,-0.37926675094816686
2025-01-10,7930,7930,7790,7790,16472,-1.1421319796954315
2025-01-13,7790,7850,7600,7680,23596,-1.4120667522464698
2025-01-14,7680,7790,7590,7700,16518,0.26041666666666663
2025-01-15,7720,7820,7570,7580,20316,-1.5584415584415585
2025-01-16,7600,7720,7590,7640,21724,0.79155672823219
2025-01-17,7690,7720,7590,7620,18160,-0.2617801047120419
2025-01-20,7620,7730,7560,7650,35134,0.39370078740157477
2025-01-21,7580,7710,7580,7630,16198,-0.261437908496732
2025-01-22,7630,7750,7590,7750,21643,1.5727391874180863
2025-01-23,7760,7850,7600,7830,40174,1.032258064516129
2025-01-24,7850,7850,7600,7630,31416,-2.554278416347382
2025-01-31,7580,7620,7480,7510,29504,-1.5727391874180863
2025-02-03,7530,7530,7310,7360,26149,-1.9973368841544608
2025-02-04,7320,7500,7320,7490,14153,1.766304347826087
2025-02-05,7440,7630,7440,7610,21526,1.602136181575434
2025-02-06,7620,7710,7570,7660,26423,0.657030223390276
2025-02-07,7660,7750,7460,7460,28761,-2.610966057441253
2025-02-10,7470,7990,7470,7750,86371,3.8873994638069704
2025-02-11,7650,7850,7300,7300,123806,-5.806451612903226
2025-02-12,7360,7460,7250,7310,96864,0.136986301369863
2025-02-13,7320,7470,7310,7320,32973,0.13679890560875513
2025-02-14,7400,7440,7300,7310,52859,-0.1366120218579235
2025-02-17,7390,7480,7320,7420,37660,1.5047879616963065
2025-02-18,7420,7440,7350,7390,22787,-0.40431266846361186
2025-02-19,7390,7550,7390,7530,31021,1.8944519621109608
2025-02-20,7550,7590,7460,7540,27282,0.13280212483399734
2025-02-21,7540,7670,7510,7640,31906,1.3262599469496021
2025-02-24,7600,7650,7520,7590,14046,-0.6544502617801047
2025-02-25,7600,7620,7510,7580,17243,-0.13175230566534915
2025-02-26,7580,7650,7520,7620,20247,0.5277044854881267
2025-02-27,7670,7750,7600,7670,18480,0.6561679790026247
2025-02-28,7670,7680,7410,7410,27494,-3.389830508474576
2025-03-04,7500,7500,7380,7390,24133,-0.2699055330634278
2025-03-05,7410,7510,7370,7500,12107,1.4884979702300407
2025-03-06,7700,7700,7450,7480,9600,-0.26666666666666666
2025-03-07,7560,7560,7400,7490,22649,0.1336898395721925
2025-03-10,7550,7550,7400,7470,9308,-0.26702269692923897
2025-03-11,7400,7450,7290,7350,36707,-1.6064257028112447
2025-03-12,7350,7400,7240,7240,65020,-1.4965986394557822
2025-03-13,7270,7350,7200,7230,18904,-0.13812154696132595
2025-03-14,7300,7350,7210,7250,13324,0.2766251728907331
2025-03-17,7340,7400,7250,7350,17261,1.3793103448275863
2025-03-18,7330,7420,7310,7360,8869,0.13605442176870747
2025-03-19,7360,7360,7280,7340,11167,-0.2717391304347826
2025-03-20,7370,7370,7220,7220,26079,-1.6348773841961852
2025-03-21,7230,7280,7190,7230,16444,0.13850415512465375
2025-03-24,7300,7300,7200,7260,15210,0.4149377593360996
2025-03-25,7270,7325,7190,7230,31383,-0.4132231404958678
2025-03-26,7300,7320,7220,7250,22659,0.2766251728907331
2025-03-27,7300,7360,7220,7220,22259,-0.41379310344827586
2025-03-28,7200,7230,7040,7040,44961,-2.4930747922437675
2025-03-31,7150,7150,6900,6910,26448,-1.8465909090909092
2025-04-01,6950,7130,6950,7070,9539,2.3154848046309695
2025-04-02,7000,7090,6930,7000,10408,-0.9900990099009901
2025-04-03,6990,7000,6850,6990,14915,-0.14285714285714285
2025-04-04,6990,7080,6850,6970,17448,-0.28612303290414876
2025-04-07,6930,6930,6660,6700,17510,-3.873744619799139
2025-04-08,6830,6960,6710,6760,11437,0.8955223880597015
2025-04-09,6670,6750,6590,6640,11274,-1.7751479289940828
2025-04-10,6770,6950,6770,6950,14407,4.66867469879518
2025-04-11,6880,6950,6860,6880,11233,-1.0071942446043165
2025-04-14,6890,7120,6870,7090,12357,3.0523255813953485
2025-04-15,7120,7180,7060,7090,3100,0.0
2025-04-16,7090,7090,6980,7030,11617,-0.846262341325811
2025-04-17,6990,7100,6990,7050,4453,0.2844950213371266
2025-04-18,7060,7200,6990,7190,17168,1.9858156028368796
2025-04-21,7200,7280,7180,7200,8641,0.13908205841446453
2025-04-22,7200,7240,7170,7190,7527,-0.1388888888888889
2025-04-23,7210,7300,7160,7270,9133,1.1126564673157162
2025-04-24,7300,7310,7250,7260,4818,-0.1375515818431912
2025-04-25,7280,7500,7190,7380,21583,1.6528925619834711
2025-04-28,7380,7460,7350,7370,5208,-0.13550135501355012
2025-04-29,7380,7460,7330,7330,7353,-0.5427408412483039
2025-04-30,7360,7400,7270,7270,4294,-0.8185538881309686
2025-05-02,7270,7410,7250,7260,4081,-0.1375515818431912
2025-05-07,7300,7500,7290,7390,9528,1.790633608815427
2025-05-08,7290,7940,7290,7590,143641,2.706359945872801
2025-05-09,7590,7860,7550,7750,45078,2.1080368906455864
2025-05-12,7760,7900,7670,7710,32563,-0.5161290322580645
2025-05-13,7800,7890,7670,7770,17172,0.7782101167315175
2025-05-14,7780,7950,7710,7820,19027,0.6435006435006435
2025-05-15,7820,7900,7750,7810,18455,-0.1278772378516624
2025-05-16,7830,7870,7700,7730,18409,-1.0243277848911652
2025-05-19,7700,7920,7560,7560,22750,-2.1992238033635187
2025-05-20,7670,7700,7600,7600,4982,0.5291005291005291
2025-05-21,7610,7820,7610,7720,16297,1.5789473684210527
2025-05-22,7800,7800,7690,7690,17891,-0.38860103626943004
2025-05-23,7690,7870,7670,7870,44687,2.340702210663199
2025-05-26,7890,7890,7760,7850,13481,-0.25412960609911056
2025-05-27,7900,7940,7800,7860,17841,0.12738853503184713
2025-05-28,7940,7970,7770,7770,24117,-1.1450381679389312
2025-05-29,7790,7970,7710,7860,32810,1.1583011583011582
2025-05-30,7790,7950,7790,7870,5883,0.1272264631043257
2025-06-02,7980,7980,7830,7910,17371,0.5082592121982211
2025-06-04,7980,8130,7880,8040,25716,1.643489254108723
2025-06-05,8140,8140,8030,8110,16631,0.8706467661691543
2025-06-09,8140,8420,8070,8340,56476,2.8360049321824907
2025-06-10,8340,8400,8210,8300,32988,-0.4796163069544364
2025-06-11,8350,8400,8190,8270,22694,-0.3614457831325301
2025-06-12,8310,8380,8200,8220,12261,-0.6045949214026602
2025-06-13,8200,8280,7950,8000,31943,-2.67639902676399
2025-06-16,8160,8160,7870,8070,15669,0.8750000000000001
2025-06-17,8140,8140,7920,8000,12863,-0.8674101610904585
2025-06-18,7950,8080,7950,8010,35585,0.125
2025-06-19,8060,8060,7940,7940,7147,-0.8739076154806492
2025-06-20,8010,8030,7780,7860,33955,-1.0075566750629723
2025-06-23,7870,7870,7590,7670,53829,-2.4173027989821882
2025-06-24,7690,8000,7690,7990,46176,4.172099087353325
2025-06-25,8020,8080,7800,8050,27807,0.7509386733416771
2025-06-26,8050,8050,7790,7840,18556,-2.608695652173913
2025-06-27,7910,7910,7750,7890,22887,0.6377551020408163
2025-06-30,7830,7890,7780,7880,6223,-0.12674271229404308
2025-07-01,7900,7990,7830,7980,27458,1.2690355329949239
2025-07-02,7970,8000,7830,8000,13344,0.2506265664160401
2025-07-03,7950,8090,7900,8080,31911,1.0
2025-07-04,8070,8450,8050,8280,156460,2.4752475247524752
2025-07-07,8280,8320,8140,8140,29398,-1.6908212560386473
2025-07-08,8140,8390,8090,8240,42372,1.2285012285012284
2025-07-09,8350,8610,8240,8490,123188,3.033980582524272
2025-07-10,8490,8550,8380,8450,41272,-0.47114252061248524
2025-07-11,8560,8560,8290,8290,37928,-1.8934911242603552
2025-07-14,8380,8400,8240,8330,25525,0.48250904704463204
2025-07-15,8360,8380,8290,8380,12484,0.6002400960384154
2025-07-16,8400,8400,8190,8260,17447,-1.431980906921241
2025-07-17,8330,8330,8160,8260,14719,0.0
2025-07-18,8260,8270,8110,8120,19016,-1.694915254237288
2025-07-21,8120,8170,8090,8110,18006,-0.12315270935960591
2025-07-22,8270,8270,7940,8080,40793,-0.36991368680641185
2025-07-23,8120,8120,7910,8050,20006,-0.3712871287128713
2025-07-24,8120,8120,7940,8040,14872,-0.12422360248447205
2025-07-25,7940,7990,7870,7900,37511,-1.7412935323383085
2025-07-28,7920,7960,7700,7860,48016,-0.5063291139240507
2025-07-29,7860,7860,7720,7860,18320,0.0
2025-07-30,7860,8000,7830,8000,19697,1.7811704834605597
2025-07-31,8000,8000,7760,7940,10568,-0.75
2025-08-01,7900,7900,7590,7650,69276,-3.6523929471032743
2025-08-04,7580,7890,7570,7720,24499,0.9150326797385622
2025-08-05,7740,7890,7610,7620,20053,-1.2953367875647668
2025-08-06,7680,7820,7620,7730,14913,1.4435695538057742
2025-08-07,7820,7820,7630,7690,15738,-0.517464424320828
2025-08-08,7700,7800,7680,7680,17796,-0.13003901170351106
2025-08-11,7870,7870,7550,7590,29564,-1.171875
2025-08-12,7670,7740,7570,7640,27270,0.6587615283267457
2025-08-13,7600,7670,7480,7550,43162,-1.1780104712041886
2025-08-14,7400,7590,7400,7420,48043,-1.7218543046357615
2025-08-18,7410,7480,7270,7270,48282,-2.0215633423180592
2025-08-19,7160,7380,7160,7270,19552,0.0
2025-08-20,7230,7300,7200,7290,20140,0.2751031636863824
2025-08-21,7210,7360,7210,7320,12680,0.411522633744856
2025-08-22,7390,7390,7210,7250,13769,-0.9562841530054645
2025-08-25,7230,7330,7230,7290,19362,0.5517241379310345
2025-08-26,7290,7420,7290,7400,10869,1.5089163237311385
2025-08-27,7470,7470,7260,7260,9898,-1.891891891891892
2025-08-28,7290,7350,7250,7250,5572,-0.13774104683195593
2025-08-29,7290,7290,7230,7250,12544,0.0
2025-09-01,7230,7240,7090,7100,19305,-2.0689655172413794
2025-09-02,7240,7240,7040,7120,10256,0.28169014084507044
2025-09-03,7140,7160,7110,7130,9902,0.1404494382022472
2025-09-04,7110,7280,7110,7250,7237,1.6830294530154277
2025-09-05,7250,7320,7170,7210,12163,-0.5517241379310345
2025-09-08,7250,7300,7160,7260,17451,0.6934812760055479
2025-09-09,7260,7310,7200,7240,10050,-0.27548209366391185
2025-09-10,7350,7480,7250,7340,20963,1.3812154696132597
2025-09-11,7350,7470,7300,7300,15972,-0.544959128065395
2025-09-12,7310,7380,7240,7260,23395,-0.547945205479452
2025-09-15,7300,7320,7180,7250,23990,-0.13774104683195593
2025-09-16,7230,7250,7170,7190,40114,-0.8275862068965517
2025-09-17,7250,7290,7180,7240,36440,0.6954102920723227
2025-09-18,7340,7340,7230,7270,29371,0.4143646408839779
2025-09-19,7280,7340,7210,7220,26971,-0.6877579092159559
2025-09-22,7220,7300,7210,7280,11900,0.8310249307479225
2025-09-23,7300,7300,7220,7240,20758,-0.5494505494505495
2025-09-24,7210,7240,7130,7140,36328,-1.3812154696132597
2025-09-25,7160,7190,7130,7170,10701,0.42016806722689076
2025-09-26,7170,7170,7100,7140,34044,-0.41841004184100417
2025-09-29,7140,7210,7090,7100,52551,-0.5602240896358543
2025-09-30,7100,7120,7060,7070,15057,-0.42253521126760557
2025-10-01,7100,7140,7050,7060,18180,-0.14144271570014144
2025-10-02,7170,7170,7000,7040,22385,-0.28328611898017
2025-10-10,7050,7050,6940,6990,67978,-0.7102272727272727
2025-10-13,7000,7010,6880,6970,24316,-0.28612303290414876
2025-10-14,7010,7030,6870,6920,48613,-0.7173601147776184
2025-10-15,7040,7040,6920,7010,19121,1.300578034682081
2025-10-16,6980,7030,6930,7000,49047,-0.14265335235378032
2025-10-17,7020,7020,6890,6890,42504,-1.5714285714285716
2025-10-20,6910,6950,6800,6950,27552,0.8708272859216255
2025-10-21,6950,7010,6830,6880,38948,-1.0071942446043165
2025-10-22,6940,6940,6800,6890,34082,0.14534883720930233
2025-10-23,6850,6910,6800,6820,43777,-1.0159651669085632
2025-10-24,6900,6900,6770,6790,16316,-0.43988269794721413
2025-10-27,6800,6970,6720,6930,50828,2.0618556701030926
2025-10-28,6930,6980,6840,6860,28360,-1.0101010101010102
2025-10-29,6860,6870,6755,6780,27006,-1.1661807580174928
2025-10-30,6780,6780,6630,6680,67865,-1.4749262536873156
2025-10-31,6680,6700,6600,6610,32172,-1.0479041916167664
2025-11-03,6610,6640,6550,6560,52365,-0.7564296520423601
2025-11-04,6560,6600,6430,6550,44197,-0.1524390243902439
2025-11-05,6550,6660,6420,6560,30098,0.15267175572519084
2025-11-06,6700,6740,6550,6570,16957,0.1524390243902439
2025-11-07,6570,6610,6370,6380,41828,-2.89193302891933
2025-11-10,6430,6660,6410,6520,39900,2.19435736677116
2025-11-11,6520,6690,6390,6400,33986,-1.8404907975460123
2025-11-12,6520,6740,6430,6730,36385,5.15625
2025-11-13,6730,6800,6700,6700,42046,-0.44576523031203563
2025-11-14,6630,6800,6620,6700,24590,0.0
2025-11-17,6760,6760,6500,6650,11974,-0.7462686567164178
2025-11-18,6640,6640,6410,6410,21776,-3.6090225563909777
2025-11-19,6540,6540,6350,6360,33367,-0.7800312012480499
2025-11-20,6380,6540,6380,6520,17259,2.515723270440252
2025-11-21,6520,6520,6350,6440,27070,-1.2269938650306749
2025-11-24,6450,6460,6220,6220,35716,-3.4161490683229814
2025-11-25,6300,6300,6080,6130,149500,-1.4469453376205788
2025-11-26,6130,6200,5980,6130,310961,0.0
2025-11-27,6130,6170,6070,6130,30774,0.0
2025-11-28,6130,6250,6130,6170,38779,0.6525285481239804
2025-12-01,6180,6240,6140,6140,25538,-0.48622366288492713
2025-12-02,6140,6220,6120,6200,20672,0.9771986970684038
2025-12-03,6210,6240,6150,6220,18653,0.3225806451612903
2025-12-04,6230,6260,6190,6250,16835,0.482315112540193
2025-12-05,6270,6360,6220,6350,39583,1.6
2025-12-08,6350,6360,6200,6210,43830,-2.204724409448819
2025-12-09,6210,6260,6140,6260,13836,0.8051529790660225
2025-12-10,6260,6290,6180,6180,19824,-1.2779552715654952
2025-12-11,6180,6380,6180,6310,27106,2.103559870550162
2025-12-12,6310,6410,6310,6410,18908,1.5847860538827259
2025-12-15,6330,6460,6330,6390,31511,-0.31201248049922
2025-12-16,6410,6410,6300,6330,25159,-0.9389671361502347
2025-12-17,6340,6430,6320,6430,42709,1.579778830963665
2025-12-18,6400,6400,6270,6310,36100,-1.8662519440124419
2025-12-19,6310,6370,6270,6290,23465,-0.31695721077654515
2025-12-22,6450,6450,6310,6330,10234,0.6359300476947536
2025-12-23,6330,6350,6200,6280,35903,-0.7898894154818324
2025-12-24,6280,6330,6210,6280,12208,0.0
2025-12-26,6310,6340,6180,6210,21025,-1.1146496815286624
2025-12-29,6240,6430,6160,6430,32436,3.542673107890499
2025-12-30,6470,6950,6420,6890,266837,7.153965785381026
2026-01-02,6750,6850,6660,6750,174542,-2.0319303338171264
2026-01-05,6720,6860,6720,6830,86118,1.1851851851851851
2026-01-06,6830,6920,6810,6910,37515,1.171303074670571
2026-01-07,6910,6910,6640,6640,76527,-3.907380607814761
2026-01-08,6640,6720,6550,6570,46309,-1.0542168674698795
2026-01-09,6610,6620,6530,6580,20912,0.15220700152207
2026-01-12,6600,6630,6520,6570,28222,-0.1519756838905775
2026-01-13,6570,6610,6440,6470,52073,-1.5220700152207
2026-01-14,6470,6560,6420,6450,36637,-0.3091190108191654
2026-01-15,6460,6530,6420,6530,25613,1.2403100775193798
2026-01-16,6530,6600,6470,6470,24104,-0.9188361408882083
2026-01-19,6530,6820,6510,6690,64272,3.400309119010819
2026-01-20,6680,6690,6550,6680,18695,-0.14947683109118087
2026-01-21,6680,6680,6550,6600,35512,-1.1976047904191618
2026-01-22,6600,6660,6520,6530,32251,-1.0606060606060608
2026-01-23,6530,6680,6490,6670,40929,2.1439509954058193
2026-01-26,6700,6750,6630,6670,38955,0.0
2026-01-27,6670,6670,6570,6600,27628,-1.0494752623688157
2026-01-28,6610,6750,6590,6680,96871,1.2121212121212122
2026-01-29,6650,6750,6330,6670,81192,-0.14970059880239522
2026-01-30,6660,6730,6490,6570,50833,-1.4992503748125936
2026-02-02,6570,6570,6370,6390,44136,-2.73972602739726
2026-02-03,6400,6580,6400,6480,25142,1.4084507042253522
2026-02-04,6480,6790,6480,6690,51680,3.2407407407407405
2026-02-05,6690,6800,6620,6670,105027,-0.29895366218236175
2026-02-06,6670,6670,6430,6610,49041,-0.8995502248875562
2026-02-09,6710,7380,6610,6900,408621,4.387291981845689
2026-02-10,6900,7170,6830,6860,169455,-0.5797101449275363
2026-02-11,6900,7040,6880,6980,119812,1.749271137026239
2026-02-12,7010,7080,6960,7040,55886,0.8595988538681949
2026-02-13,7040,7090,6930,7040,54241,0.0
