date,f01_raw,f01_score,f04_raw,f04_score,f05_raw,f05_score,f06_raw,f06_score,f07_raw,f07_score,f08_raw,f08_score,f10_score,index_score_total,bucket_5pt
2021-09-09,,,,,,,,,,,,,89.28571428571429,89.28571428571429,85.0
2021-09-10,,,,,,,,,,,,,93.28063241106719,93.28063241106719,90.0
2021-09-13,,,,,,,,,,,,,93.30708661417323,93.30708661417323,90.0
2021-09-14,,,,,,,,,,,,,99.2156862745098,99.2156862745098,95.0
2021-09-15,,,,,,,,,,,,,98.828125,98.828125,95.0
2021-09-16,,,,,,,,,,,,,98.83268482490273,98.83268482490273,95.0
2021-09-17,,,,,,,,,,,,,96.51162790697674,96.51162790697674,95.0
2021-09-23,,,,,,,,,,,,,97.29729729729729,97.29729729729729,95.0
2021-09-24,,,,,,,,,,,,,92.3076923076923,92.3076923076923,90.0
2021-09-27,,,,,,,,,,,,,86.59003831417624,86.59003831417624,85.0
2021-09-28,,,,,,,,,,,,,86.25954198473282,86.25954198473282,85.0
2021-09-29,,,,,,,,,,,,,84.4106463878327,84.4106463878327,80.0
2021-09-30,,,,,,,,,,,,,84.46969696969697,84.46969696969697,80.0
2021-10-01,,,,,,,,,,,,,89.43396226415095,89.43396226415095,85.0
2021-10-05,,,,,,,,,,,,,84.9624060150376,84.9624060150376,80.0
2021-10-06,,,,,,,,,,,,,85.0187265917603,85.0187265917603,85.0
2021-10-07,,,,,,,,,,,,,88.43283582089552,88.43283582089552,85.0
2021-10-08,,,,,,,,,,,,,89.21933085501858,89.21933085501858,85.0
2021-10-12,,,,,,,,,,,,,88.14814814814815,88.14814814814815,85.0
2021-10-13,,,,,,,,,,,,,85.97785977859779,85.97785977859779,85.0
2021-10-14,,,,,,,,,,,,,88.23529411764706,88.23529411764706,85.0
2021-10-15,,,,,,,,,,,,,85.71428571428572,85.71428571428572,85.0
2021-10-18,,,,,,,,,,,,,82.11678832116789,82.11678832116789,80.0
2021-10-19,,,,,,,,,,,,,81.0909090909091,81.0909090909091,80.0
2021-10-20,,,,,,,,,,,,,82.6086956521739,82.6086956521739,80.0
2021-10-21,,,,,,,,,,,,,80.50541516245488,80.50541516245488,80.0
2021-10-22,,,,,,,,,,,,,90.64748201438849,90.64748201438849,90.0
2021-10-25,,,,,,,,,,,,,84.22939068100358,84.22939068100358,80.0
2021-10-26,,,,,,,,,,,,,84.64285714285714,84.64285714285714,80.0
2021-10-27,,,,,,,,,,,,,90.7473309608541,90.7473309608541,90.0
2021-10-28,,,,,,,,,,,,,87.58865248226951,87.58865248226951,85.0
2021-10-29,,,,,,,,,,,,,69.25795053003533,69.25795053003533,65.0
2021-11-01,,,,,,,,,,,,,29.5774647887324,29.5774647887324,25.0
2021-11-02,,,,,,,,,,,,,10.175438596491233,10.175438596491233,10.0
2021-11-03,,,,,,,,,,,,,13.986013986013987,13.986013986013987,10.0
2021-11-04,,,,,,,,,,,,,7.665505226480846,7.665505226480846,5.0
2021-11-05,,,,,,,,,,,,,2.083333333333343,2.083333333333343,0.0
2021-11-08,,,,,,,,,,,,,0.3460207612456827,0.3460207612456827,0.0
2021-11-09,,,,,,,,,,,,,0.6896551724137936,0.6896551724137936,0.0
2021-11-10,,,,,,,,,,,,,0.6872852233676952,0.6872852233676952,0.0
2021-11-11,,,,,,,,,,,,,0.0,0.0,0.0
2021-11-12,,,,,,,,,,,,,0.341296928327651,0.341296928327651,0.0
2021-11-15,,,,,,,,,,,,,0.3401360544217624,0.3401360544217624,0.0
2021-11-16,,,,,,,,,,,,,0.33898305084744607,0.33898305084744607,0.0
2021-11-17,,,,,,,,,,,,,0.3378378378378386,0.3378378378378386,0.0
2021-11-18,,,,,,,,,,,,,0.0,0.0,0.0
2021-11-19,,,,,,,,,,,,,0.0,0.0,0.0
2021-11-22,,,,,,,,,,,,,0.3344481605351177,0.3344481605351177,0.0
2021-11-23,,,,,,,,,,,,,4.0,4.0,0.0
2021-11-24,,,,,,,,,,,,,4.3189368770764105,4.3189368770764105,0.0
2021-11-25,,,,,,,,,,,,,4.3046357615894095,4.3046357615894095,0.0
2021-11-26,,,,,,,,,,,,,18.811881188118804,18.811881188118804,15.0
2021-11-29,,,,,,,,,,,,,20.39473684210526,20.39473684210526,20.0
2021-11-30,,,,,,,,,,,,,45.57377049180328,45.57377049180328,45.0
2021-12-01,,,,,,,,,,,,,48.366013071895416,48.366013071895416,45.0
2021-12-02,,,,,,,,,,,,,55.048859934853425,55.048859934853425,55.0
2021-12-03,,,,,,,,,,,,,59.090909090909086,59.090909090909086,55.0
2021-12-06,,,,,,,,,,,,,73.7864077669903,73.7864077669903,70.0
2021-12-07,,,,,,,,,,,,,71.29032258064515,71.29032258064515,70.0
2021-12-08,,,,,,,,,,,,,73.31189710610933,73.31189710610933,70.0
2021-12-09,,,,,,,,,,,,,78.52564102564102,78.52564102564102,75.0
2021-12-10,,,,,,,,,,,,,73.80191693290735,73.80191693290735,70.0
2021-12-13,,,,,,,,,,,,,66.56050955414014,66.56050955414014,65.0
2021-12-14,,,,,,,,,,,,,73.96825396825396,73.96825396825396,70.0
2021-12-15,,,,,,,,,,,,,78.16455696202532,78.16455696202532,75.0
2021-12-16,,,,,,,,,,,,,72.87066246056783,72.87066246056783,70.0
2021-12-17,,,,,,,,,,,,,74.21383647798743,74.21383647798743,70.0
2021-12-20,,,,,,,,,,,,,67.39811912225706,67.39811912225706,65.0
2021-12-21,,,,,,,,,,,,,47.18750000000001,47.18750000000001,45.0
2021-12-22,,,,,,,,,,,,,47.35202492211839,47.35202492211839,45.0
2021-12-23,,,,,,,,,,,,,50.93167701863354,50.93167701863354,50.0
2021-12-24,,,,,,,,,,,,,48.297213622291025,48.297213622291025,45.0
2021-12-27,,,,,,,,,,,,,78.7037037037037,78.7037037037037,75.0
2021-12-28,,,,,,,,,,,,,78.46153846153845,78.46153846153845,75.0
2021-12-29,,,,,,,,,,,,,78.22085889570552,78.22085889570552,75.0
2021-12-30,,,,,,,,,,,,,86.54434250764527,86.54434250764527,85.0
2021-12-31,,,,,,,,,,,,,90.2439024390244,90.2439024390244,90.0
2022-01-03,,,,,,,,,,,,,84.80243161094225,84.80243161094225,80.0
2022-01-04,,,,,,,,,,,,,83.93939393939394,83.93939393939394,80.0
2022-01-05,,,,,,,,,,,,,87.00906344410876,87.00906344410876,85.0
2022-01-06,,,,,,,,,,,,,81.62650602409639,81.62650602409639,80.0
2022-01-07,,,,,,,,,,,,,94.29429429429429,94.29429429429429,90.0
2022-01-10,,,,,,,,,,,,,91.61676646706587,91.61676646706587,90.0
2022-01-11,,,,,,,,,,,,,83.28358208955224,83.28358208955224,80.0
2022-01-12,,,,,,,,,,,,,82.73809523809524,82.73809523809524,80.0
2022-01-13,,,,,,,,,,,,,91.0979228486647,91.0979228486647,90.0
2022-01-14,,,,,,,,,,,,,89.94082840236686,89.94082840236686,85.0
2022-01-17,,,,,,,,,,,,,94.3952802359882,94.3952802359882,90.0
2022-01-18,,,,,,,,,,,,,97.3529411764706,97.3529411764706,95.0
2022-01-19,,,,,,,,,,,,,78.59237536656892,78.59237536656892,75.0
2022-01-20,,,,,,,,,,,,,77.77777777777777,77.77777777777777,75.0
2022-01-21,,,,,,,,,,,,,77.25947521865889,77.25947521865889,75.0
2022-01-24,,,,,,,,,,,,,75.0,75.0,75.0
2022-01-25,,,,,,,,,,,,,74.78260869565217,74.78260869565217,70.0
2022-01-26,,,,,,,,,,,,,75.14450867052022,75.14450867052022,75.0
2022-01-27,,,,,,,,,,,,,67.43515850144092,67.43515850144092,65.0
2022-01-28,,,,,,,,,,,,,65.80459770114942,65.80459770114942,65.0
2022-02-03,,,,,,,,,,,,,9.742120343839545,9.742120343839545,5.0
2022-02-04,,,,,,,,,,,,,0.8571428571428612,0.8571428571428612,0.0
2022-02-07,,,,,,,,,,,,,0.0,0.0,0.0
2022-02-08,,,,,,,,,,,,,1.1363636363636402,1.1363636363636402,0.0
2022-02-09,,,,,,,,,,,,,0.0,0.0,0.0
2022-02-10,,,,,,,,,,,,,3.3898305084745743,3.3898305084745743,0.0
2022-02-11,,,,,,,,,,,,,5.070422535211279,5.070422535211279,5.0
2022-02-14,,,,,,,,,,,,,5.056179775280896,5.056179775280896,5.0
2022-02-15,,,,,,,,,,,,,3.3613445378151283,3.3613445378151283,0.0
2022-02-16,,,,,,,,,,,,,1.955307262569832,1.955307262569832,0.0
2022-02-17,,,,,,,,,,,,,3.621169916434539,3.621169916434539,0.0
2022-02-18,,,,,,,,,,,,,5.277777777777786,5.277777777777786,5.0
2022-02-21,,,,,,,,,,,,,14.40443213296399,14.40443213296399,10.0
2022-02-22,,,,,,,,,,,,,14.917127071823202,14.917127071823202,10.0
2022-02-23,,,,,,,,,,,,,15.702479338842977,15.702479338842977,15.0
2022-02-24,,,,,,,,,,,,,16.20879120879121,16.20879120879121,15.0
2022-02-25,,,,,,,,,,,,,15.61643835616438,15.61643835616438,15.0
2022-02-28,,,,,,,,,,,,,15.846994535519116,15.846994535519116,15.0
2022-03-02,,,,,,,,,,,,,19.073569482288832,19.073569482288832,15.0
2022-03-03,,,,,,,,,,,,,21.467391304347828,21.467391304347828,20.0
2022-03-04,,,,,,,,,,,,,91.0569105691057,91.0569105691057,90.0
2022-03-07,,,,,,,,,,,,,98.37837837837837,98.37837837837837,95.0
2022-03-08,,,,,,,,,,,,,74.12398921832884,74.12398921832884,70.0
2022-03-10,,,,,,,,,,,,,0.0,0.0,0.0
2022-03-11,,,,,,,,,,,,,0.0,0.0,0.0
2022-03-14,,,,,,,,,,,,,0.0,0.0,0.0
2022-03-15,,,,,,,,,,,,,0.0,0.0,0.0
2022-03-16,,,,,,,,,,,,,0.0,0.0,0.0
2022-03-17,,,,,,,,,,,,,0.2652519893899239,0.2652519893899239,0.0
2022-03-18,,,,,,,,,,,,,0.0,0.0,0.0
2022-03-21,,,,,,,,,,,,,0.0,0.0,0.0
2022-03-22,,,,,,,,,,,,,0.0,0.0,0.0
2022-03-23,,,,,,,,,,,,,0.0,0.0,0.0
2022-03-24,,,,,,,,,,,,,0.0,0.0,0.0
2022-03-25,,,,,,,,,,,,,0.0,0.0,0.0
2022-03-28,,,,,,,,,,,,,0.2604166666666572,0.2604166666666572,0.0
2022-03-29,,,,,,,,,,,,,0.0,0.0,0.0
2022-03-30,,,,,,,,,,,,,0.0,0.0,0.0
2022-03-31,,,,,,,,,,,,,0.0,0.0,0.0
2022-04-01,,,,,,,,,,,,,0.0,0.0,0.0
2022-04-04,,,,,,,,,,,,,0.25706940874036377,0.25706940874036377,0.0
2022-04-05,,,,,,,,,,,,,1.7948717948717956,1.7948717948717956,0.0
2022-04-06,,,,,,,,,,,,,2.0460358056266017,2.0460358056266017,0.0
2022-04-07,,,,,,,,,,,,,5.102040816326522,5.102040816326522,5.0
2022-04-08,,,,,,,,,,,,,5.343511450381683,5.343511450381683,5.0
2022-04-11,,,,,,,,,,,,,5.329949238578678,5.329949238578678,5.0
2022-04-12,,,,,,,,,,,,,5.3164556962025245,5.3164556962025245,5.0
2022-04-13,,,,,,,,,,,,,5.808080808080803,5.808080808080803,5.0
2022-04-14,,,,,,,,,,,,,6.297229219143574,6.297229219143574,5.0
2022-04-15,,,,,,,,,,,,,7.286432160804026,7.286432160804026,5.0
2022-04-18,,,,,,,,,,,,,15.789473684210535,15.789473684210535,15.0
2022-04-19,,,,,,,,,,,,,15.75,15.75,15.0
2022-04-20,,,,,,,,,,,,,22.6932668329177,22.6932668329177,20.0
2022-04-21,,,,,,,,,,,,,25.87064676616916,25.87064676616916,25.0
2022-04-22,,,,,,,,,,,,,29.528535980148888,29.528535980148888,25.0
2022-04-25,,,,,,,,,,,,,31.188118811881196,31.188118811881196,30.0
2022-04-26,,,,,,,,,,,,,38.76543209876543,38.76543209876543,35.0
2022-04-27,,,,,,,,,,,,,40.88669950738916,40.88669950738916,40.0
2022-04-28,,,,,,,,,,,,,38.57493857493858,38.57493857493858,35.0
2022-04-29,,,,,,,,,,,,,52.450980392156865,52.450980392156865,50.0
2022-05-02,,,,,,,,,,,,,52.81173594132029,52.81173594132029,50.0
2022-05-03,,,,,,,,,,,,,57.80487804878049,57.80487804878049,55.0
2022-05-04,,,,,,,,,,,,,79.80535279805352,79.80535279805352,75.0
2022-05-06,,,,,,,,,,,,,81.79611650485437,81.79611650485437,80.0
2022-05-09,,,,,,,,,,,,,72.39709443099274,72.39709443099274,70.0
2022-05-10,,,,,,,,,,,,,77.53623188405797,77.53623188405797,75.0
2022-05-11,,,,,,,,,,,,,80.24096385542168,80.24096385542168,80.0
2022-05-12,,,,,,,,,,,,,80.76923076923077,80.76923076923077,80.0
2022-05-13,,,,,,,,,,,,,75.29976019184653,75.29976019184653,75.0
2022-05-16,,,,,,,,,,,,,93.54066985645933,93.54066985645933,90.0
2022-05-17,,,,,,,,,,,,,94.74940334128878,94.74940334128878,90.0
2022-05-18,,,,,,,,,,,,,85.47619047619048,85.47619047619048,85.0
2022-05-19,,,,,,,,,,,,,39.90498812351544,39.90498812351544,35.0
2022-05-20,,,,,,,,,,,,,18.246445497630333,18.246445497630333,15.0
2022-05-23,,,,,,,,,,,,,16.075650118203313,16.075650118203313,15.0
2022-05-24,,,,,,,,,,,,,9.433962264150935,9.433962264150935,5.0
2022-05-25,,,,,,,,,,,,,12.0,12.0,10.0
2022-05-26,,,,,,,,,,,,,12.441314553990608,12.441314553990608,10.0
2022-05-27,,,,,,,,,,,,,10.070257611241217,10.070257611241217,10.0
2022-05-30,,,,,,,,,,,,,5.607476635514018,5.607476635514018,5.0
2022-05-31,,,,,,,,,,,,,5.361305361305355,5.361305361305355,5.0
2022-06-02,,,,,,,,,,,,,4.6511627906976685,4.6511627906976685,0.0
2022-06-03,,,,,,,,,,,,,3.0162412993039425,3.0162412993039425,0.0
2022-06-07,,,,,,,,,,,,,1.8518518518518476,1.8518518518518476,0.0
2022-06-08,,,,,,,,,,,,,0.23094688221708282,0.23094688221708282,0.0
2022-06-09,,,,,,,,,,,,,0.4608294930875587,0.4608294930875587,0.0
2022-06-10,,,,,,,,,,,,,0.0,0.0,0.0
2022-06-13,,,,,,,,,,,,,0.0,0.0,0.0
2022-06-14,,,,,,,,,,,,,0.0,0.0,0.0
2022-06-15,,,,,,,,,,,,,0.0,0.0,0.0
2022-06-16,,,,,,,,,,,,,0.0,0.0,0.0
2022-06-17,,,,,,,,,,,,,0.681818181818187,0.681818181818187,0.0
2022-06-20,,,,,,,,,,,,,3.1746031746031775,3.1746031746031775,0.0
2022-06-21,,,,,,,,,,,,,5.203619909502265,5.203619909502265,5.0
2022-06-22,,,,,,,,,,,,,5.4176072234762955,5.4176072234762955,5.0
2022-06-23,,,,,,,,,,,,,5.85585585585585,5.85585585585585,5.0
2022-06-24,,,,,,,,,,,,,6.067415730337075,6.067415730337075,5.0
2022-06-27,,,,,,,,,,,,,6.278026905829591,6.278026905829591,5.0
2022-06-28,,,,,,,,,,,,,4.6979865771812115,4.6979865771812115,0.0
2022-06-29,,,,,,,,,,,,,5.803571428571431,5.803571428571431,5.0
2022-06-30,,,,,,,,,,,,,6.236080178173722,6.236080178173722,5.0
2022-07-01,,,,,,,,,,,,,8.444444444444443,8.444444444444443,5.0
2022-07-04,,,,,,,,,,,,,9.090909090909093,9.090909090909093,5.0
2022-07-05,,,,,,,,,,,,,13.495575221238937,13.495575221238937,10.0
2022-07-06,,,,,,,,,,,,,10.154525386313466,10.154525386313466,10.0
2022-07-07,,,,,,,,,,,,,10.132158590308364,10.132158590308364,10.0
2022-07-08,,,,,,,,,,,,,11.208791208791212,11.208791208791212,10.0
2022-07-11,,,,,,,,,,,,,11.622807017543863,11.622807017543863,10.0
2022-07-12,,,,,,,,,,,,,9.84682713347921,9.84682713347921,5.0
2022-07-13,,,,,,,,,,,,,9.388646288209614,9.388646288209614,5.0
2022-07-14,,,,,,,,,,,,,9.586056644880173,9.586056644880173,5.0
2022-07-15,,,,,,,,,,,,,10.0,10.0,10.0
2022-07-18,,,,,,,,,,,,,8.459869848156188,8.459869848156188,5.0
2022-07-19,,,,,,,,,,,,,8.874458874458881,8.874458874458881,5.0
2022-07-20,,,,,,,,,,,,,8.423326133909299,8.423326133909299,5.0
2022-07-21,,,,,,,,,,,,,8.189655172413794,8.189655172413794,5.0
2022-07-22,,,,,,,,,,,,,7.956989247311824,7.956989247311824,5.0
2022-07-25,,,,,,,,,,,,,8.369098712446359,8.369098712446359,5.0
2022-07-26,,,,,,,,,,,,,9.421841541755896,9.421841541755896,5.0
2022-07-27,,,,,,,,,,,,,8.547008547008545,8.547008547008545,5.0
2022-07-28,,,,,,,,,,,,,7.249466950959487,7.249466950959487,5.0
2022-07-29,,,,,,,,,,,,,7.872340425531917,7.872340425531917,5.0
2022-08-01,,,,,,,,,,,,,8.917197452229303,8.917197452229303,5.0
2022-08-02,,,,,,,,,,,,,6.991525423728817,6.991525423728817,5.0
2022-08-03,,,,,,,,,,,,,10.147991543340382,10.147991543340382,10.0
2022-08-04,,,,,,,,,,,,,10.12658227848101,10.12658227848101,10.0
2022-08-05,,,,,,,,,,,,,9.473684210526315,9.473684210526315,5.0
2022-08-08,,,,,,,,,,,,,6.512605042016801,6.512605042016801,5.0
2022-08-09,,,,,,,,,,,,,7.337526205450729,7.337526205450729,5.0
2022-08-10,,,,,,,,,,,,,8.36820083682008,8.36820083682008,5.0
2022-08-11,,,,,,,,,,,,,6.889352818371606,6.889352818371606,5.0
2022-08-12,,,,,,,,,,,,,6.875,6.875,5.0
2022-08-16,,,,,,,,,,,,,7.484407484407484,7.484407484407484,5.0
2022-08-17,,,,,,,,,,,,,7.053941908713696,7.053941908713696,5.0
2022-08-18,,,,,,,,,,,,,7.8674948240165605,7.8674948240165605,5.0
2022-08-19,,,,,,,,,,,,,9.710743801652882,9.710743801652882,5.0
2022-08-22,,,,,,,,,,,,,10.721649484536073,10.721649484536073,10.0
2022-08-23,,,,,,,,,,,,,10.905349794238688,10.905349794238688,10.0
2022-08-24,,,,,,,,,,,,,10.472279260780297,10.472279260780297,10.0
2022-08-25,,,,,,,,,,,,,12.90983606557377,12.90983606557377,10.0
2022-08-26,,,,,,,,,,,,,14.110429447852752,14.110429447852752,10.0
2022-08-29,,,,,,,,,,,,,14.285714285714292,14.285714285714292,10.0
2022-08-30,,,,,,,,,,,,,8.350305498981669,8.350305498981669,5.0
2022-08-31,,,,,,,,,,,,,11.382113821138205,11.382113821138205,10.0
2022-09-01,,,,,,,,,,,,,14.198782961460438,14.198782961460438,10.0
2022-09-02,,,,,,,,,,,,,13.76518218623481,13.76518218623481,10.0
2022-09-05,,,,,,,,,,,,,14.74747474747474,14.74747474747474,10.0
2022-09-06,,,,,,,,,,,,,15.322580645161281,15.322580645161281,15.0
2022-09-07,,,,,,,,,,,,,15.291750503018108,15.291750503018108,15.0
2022-09-08,,,,,,,,,,,,,7.228915662650607,7.228915662650607,5.0
2022-09-13,,,,,,,,,,,,,8.216432865731463,8.216432865731463,5.0
2022-09-14,,,,,,,,,,,,,1.5999999999999943,1.5999999999999943,0.0
2022-09-15,,,,,,,,,,,,,3.7924151696606856,3.7924151696606856,0.0
2022-09-16,,,,,,,,,,,,,4.183266932270911,4.183266932270911,0.0
2022-09-19,,,,,,,,,,,,,4.3737574552683895,4.3737574552683895,0.0
2022-09-20,,,,,,,,,,,,,4.761904761904773,4.761904761904773,0.0
2022-09-21,,,,,,,,,,,,,2.772277227722782,2.772277227722782,0.0
2022-09-22,,,,,,,,,,,,,1.1857707509881408,1.1857707509881408,0.0
2022-09-23,,,,,,,,,,,,,0.0,0.0,0.0
2022-09-26,,,,,,,,,,,,,0.0,0.0,0.0
2022-09-27,,,,,,,,,,,,,0.0,0.0,0.0
2022-09-28,,,,,,,,,,,,,0.39215686274509665,0.39215686274509665,0.0
2022-09-29,,,,,,,,,,,,,0.0,0.0,0.0
2022-09-30,,,,,,,,,,,,,0.0,0.0,0.0
2022-10-04,,,,,,,,,,,,,0.0,0.0,0.0
2022-10-05,,,,,,,,,,,,,0.0,0.0,0.0
2022-10-06,,,,,,,,,,,,,0.0,0.0,0.0
2022-10-07,,,,,,,,,,,,,0.0,0.0,0.0
2022-10-11,,,,,,,,,,,,,0.19342359767891537,0.19342359767891537,0.0
2022-10-12,,,,,,,,,,,,,0.3861003861003809,0.3861003861003809,0.0
2022-10-13,,,,,,,,,,,,,0.5780346820809257,0.5780346820809257,0.0
2022-10-14,,,,,,,,,,,,,0.9615384615384528,0.9615384615384528,0.0
2022-10-17,,,,,,,,,,,,,1.343570057581573,1.343570057581573,0.0
2022-10-18,,,,,,,,,,,,,0.9578544061302665,0.9578544061302665,0.0
2022-10-19,,,,,,,,,,,,,0.9560229445506678,0.9560229445506678,0.0
2022-10-20,,,,,,,,,,,,,0.954198473282446,0.954198473282446,0.0
2022-10-21,,,,,,,,,,,,,0.7619047619047592,0.7619047619047592,0.0
2022-10-24,,,,,,,,,,,,,1.3307984790874485,1.3307984790874485,0.0
2022-10-25,,,,,,,,,,,,,1.5180265654648935,1.5180265654648935,0.0
2022-10-26,,,,,,,,,,,,,2.083333333333343,2.083333333333343,0.0
2022-10-27,,,,,,,,,,,,,2.079395085066153,2.079395085066153,0.0
2022-10-28,,,,,,,,,,,,,0.7547169811320771,0.7547169811320771,0.0
2022-10-31,,,,,,,,,,,,,2.2598870056497162,2.2598870056497162,0.0
2022-11-01,,,,,,,,,,,,,3.0075187969924855,3.0075187969924855,0.0
2022-11-02,,,,,,,,,,,,,3.0018761726078793,3.0018761726078793,0.0
2022-11-03,,,,,,,,,,,,,3.932584269662925,3.932584269662925,0.0
2022-11-04,,,,,,,,,,,,,5.046728971962622,5.046728971962622,5.0
2022-11-07,,,,,,,,,,,,,5.410447761194021,5.410447761194021,5.0
2022-11-08,,,,,,,,,,,,,5.9590316573556805,5.9590316573556805,5.0
2022-11-09,,,,,,,,,,,,,8.736059479553901,8.736059479553901,5.0
2022-11-10,,,,,,,,,,,,,5.009276437847859,5.009276437847859,5.0
2022-11-11,,,,,,,,,,,,,3.3333333333333286,3.3333333333333286,0.0
2022-11-14,,,,,,,,,,,,,1.848428835489841,1.848428835489841,0.0
2022-11-15,,,,,,,,,,,,,3.6900369003690088,3.6900369003690088,0.0
2022-11-16,,,,,,,,,,,,,3.6832412523020253,3.6832412523020253,0.0
2022-11-17,,,,,,,,,,,,,4.22794117647058,4.22794117647058,0.0
2022-11-18,,,,,,,,,,,,,5.137614678899084,5.137614678899084,5.0
2022-11-21,,,,,,,,,,,,,5.494505494505503,5.494505494505503,5.0
2022-11-22,,,,,,,,,,,,,5.667276051188296,5.667276051188296,5.0
2022-11-23,,,,,,,,,,,,,5.65693430656934,5.65693430656934,5.0
2022-11-24,,,,,,,,,,,,,5.6466302367941665,5.6466302367941665,5.0
2022-11-25,,,,,,,,,,,,,6.9090909090909065,6.9090909090909065,5.0
2022-11-28,,,,,,,,,,,,,6.896551724137936,6.896551724137936,5.0
2022-11-29,,,,,,,,,,,,,6.70289855072464,6.70289855072464,5.0
2022-11-30,,,,,,,,,,,,,6.1482820976491865,6.1482820976491865,5.0
2022-12-01,,,,,,,,,,,,,7.220216606498198,7.220216606498198,5.0
2022-12-02,,,,,,,,,,,,,7.027027027027017,7.027027027027017,5.0
2022-12-05,,,,,,,,,,,,,11.15107913669064,11.15107913669064,10.0
2022-12-06,,,,,,,,,,,,,10.592459605026932,10.592459605026932,10.0
2022-12-07,,,,,,,,,,,,,9.13978494623656,9.13978494623656,5.0
2022-12-08,,,,,,,,,,,,,14.132379248658324,14.132379248658324,10.0
2022-12-09,,,,,,,,,,,,,20.535714285714292,20.535714285714292,20.0
2022-12-12,,,,,,,,,,,,,20.85561497326202,20.85561497326202,20.0
2022-12-13,,,,,,,,,,,,,23.843416370106766,23.843416370106766,20.0
2022-12-14,,,,,,,,,,,,,23.623445825932507,23.623445825932507,20.0
2022-12-15,,,,,,,,,,,,,24.468085106382972,24.468085106382972,20.0
2022-12-16,,,,,,,,,,,,,25.309734513274336,25.309734513274336,25.0
2022-12-19,,,,,,,,,,,,,25.08833922261485,25.08833922261485,25.0
2022-12-20,,,,,,,,,,,,,24.867724867724874,24.867724867724874,20.0
2022-12-21,,,,,,,,,,,,,25.704225352112672,25.704225352112672,25.0
2022-12-22,,,,,,,,,,,,,25.659050966608092,25.659050966608092,25.0
2022-12-23,,,,,,,,,,,,,26.31578947368422,26.31578947368422,25.0
2022-12-26,,,,,,,,,,,,,26.09457092819615,26.09457092819615,25.0
2022-12-27,,,,,,,,,,,,,26.748251748251747,26.748251748251747,25.0
2022-12-28,,,,,,,,,,,,,26.876090750436305,26.876090750436305,25.0
2022-12-29,,,,,,,,,,,,,27.177700348432055,27.177700348432055,25.0
2022-12-30,,,,,,,,,,,,,26.956521739130437,26.956521739130437,25.0
2023-01-02,,,,,,,,,,,,,26.736111111111114,26.736111111111114,25.0
2023-01-03,,,,,,,,,,,,,28.422876949740044,28.422876949740044,25.0
2023-01-04,,,,,,,,,,,,,28.892733564013838,28.892733564013838,25.0
2023-01-05,,,,,,,,,,,,,34.024179620034545,34.024179620034545,30.0
2023-01-06,,,,,,,,,,,,,31.551724137931032,31.551724137931032,30.0
2023-01-09,,,,,,,,,,,,,33.56282271944923,33.56282271944923,30.0
2023-01-10,,,,,,,,,,,,,32.4742268041237,32.4742268041237,30.0
2023-01-11,,,,,,,,,,,,,35.506003430531734,35.506003430531734,35.0
2023-01-12,,,,,,,,,,,,,30.821917808219183,30.821917808219183,30.0
2023-01-13,,,,,,,,,,,,,27.863247863247864,27.863247863247864,25.0
2023-01-16,,,,,,,,,,,,,28.49829351535837,28.49829351535837,25.0
2023-01-17,,,,,,,,,,,,,28.44974446337308,28.44974446337308,25.0
2023-01-18,,,,,,,,,,,,,28.401360544217695,28.401360544217695,25.0
2023-01-19,,,,,,,,,,,,,31.578947368421055,31.578947368421055,30.0
2023-01-20,,,,,,,,,,,,,36.610169491525426,36.610169491525426,35.0
2023-01-25,,,,,,,,,,,,,39.93231810490694,39.93231810490694,35.0
2023-01-26,,,,,,,,,,,,,39.695945945945944,39.695945945945944,35.0
2023-01-27,,,,,,,,,,,,,42.32715008431703,42.32715008431703,40.0
2023-01-30,,,,,,,,,,,,,41.919191919191924,41.919191919191924,40.0
2023-01-31,,,,,,,,,,,,,42.184873949579824,42.184873949579824,40.0
2023-02-01,,,,,,,,,,,,,42.11409395973155,42.11409395973155,40.0
2023-02-02,,,,,,,,,,,,,28.47571189279732,28.47571189279732,25.0
2023-02-03,,,,,,,,,,,,,23.91304347826086,23.91304347826086,20.0
2023-02-06,,,,,,,,,,,,,24.707846410684482,24.707846410684482,20.0
2023-02-07,,,,,,,,,,,,,24.66666666666667,24.66666666666667,20.0
2023-02-08,,,,,,,,,,,,,25.12479201331115,25.12479201331115,25.0
2023-02-09,,,,,,,,,,,,,25.74750830564784,25.74750830564784,25.0
2023-02-10,,,,,,,,,,,,,25.207296849087896,25.207296849087896,25.0
2023-02-13,,,,,,,,,,,,,25.16556291390728,25.16556291390728,25.0
2023-02-14,,,,,,,,,,,,,24.132231404958688,24.132231404958688,20.0
2023-02-15,,,,,,,,,,,,,24.752475247524757,24.752475247524757,20.0
2023-02-16,,,,,,,,,,,,,25.37067545304778,25.37067545304778,25.0
2023-02-17,,,,,,,,,,,,,25.493421052631575,25.493421052631575,25.0
2023-02-20,,,,,,,,,,,,,22.331691297208536,22.331691297208536,20.0
2023-02-21,,,,,,,,,,,,,22.131147540983605,22.131147540983605,20.0
2023-02-22,,,,,,,,,,,,,21.60392798690671,21.60392798690671,20.0
2023-02-23,,,,,,,,,,,,,21.568627450980387,21.568627450980387,20.0
2023-02-24,,,,,,,,,,,,,21.533442088091363,21.533442088091363,20.0
2023-02-27,,,,,,,,,,,,,21.009771986970676,21.009771986970676,20.0
2023-02-28,,,,,,,,,,,,,15.121951219512198,15.121951219512198,15.0
2023-03-02,,,,,,,,,,,,,14.772727272727266,14.772727272727266,10.0
2023-03-03,,,,,,,,,,,,,13.128038897893035,13.128038897893035,10.0
2023-03-06,,,,,,,,,,,,,22.81553398058253,22.81553398058253,20.0
2023-03-07,,,,,,,,,,,,,24.23263327948304,24.23263327948304,20.0
2023-03-08,,,,,,,,,,,,,21.129032258064512,21.129032258064512,20.0
2023-03-09,,,,,,,,,,,,,16.908212560386474,16.908212560386474,15.0
2023-03-10,,,,,,,,,,,,,17.20257234726688,17.20257234726688,15.0
2023-03-13,,,,,,,,,,,,,13.804173354735155,13.804173354735155,10.0
2023-03-14,,,,,,,,,,,,,12.5,12.5,10.0
2023-03-15,,,,,,,,,,,,,13.280000000000001,13.280000000000001,10.0
2023-03-16,,,,,,,,,,,,,8.945686900958478,8.945686900958478,5.0
2023-03-17,,,,,,,,,,,,,7.1770334928229715,7.1770334928229715,5.0
2023-03-20,,,,,,,,,,,,,7.165605095541409,7.165605095541409,5.0
2023-03-21,,,,,,,,,,,,,9.22098569157393,9.22098569157393,5.0
2023-03-22,,,,,,,,,,,,,9.206349206349202,9.206349206349202,5.0
2023-03-23,,,,,,,,,,,,,8.874801901743268,8.874801901743268,5.0
2023-03-24,,,,,,,,,,,,,4.74683544303798,4.74683544303798,0.0
2023-03-27,,,,,,,,,,,,,4.897314375987364,4.897314375987364,0.0
2023-03-28,,,,,,,,,,,,,4.574132492113563,4.574132492113563,0.0
2023-03-29,,,,,,,,,,,,,7.559055118110237,7.559055118110237,5.0
2023-03-30,,,,,,,,,,,,,7.704402515723274,7.704402515723274,5.0
2023-03-31,,,,,,,,,,,,,10.989010989010993,10.989010989010993,10.0
2023-04-03,,,,,,,,,,,,,7.523510971786834,7.523510971786834,5.0
2023-04-04,,,,,,,,,,,,,2.0344287949921664,2.0344287949921664,0.0
2023-04-05,,,,,,,,,,,,,3.59375,3.59375,0.0
2023-04-06,,,,,,,,,,,,,5.148205928237132,5.148205928237132,5.0
2023-04-07,,,,,,,,,,,,,5.140186915887853,5.140186915887853,5.0
2023-04-10,,,,,,,,,,,,,7.931570762052871,7.931570762052871,5.0
2023-04-11,,,,,,,,,,,,,9.006211180124225,9.006211180124225,5.0
2023-04-12,,,,,,,,,,,,,8.837209302325576,8.837209302325576,5.0
2023-04-13,,,,,,,,,,,,,15.170278637770892,15.170278637770892,15.0
2023-04-14,,,,,,,,,,,,,15.76506955177743,15.76506955177743,15.0
2023-04-17,,,,,,,,,,,,,7.716049382716051,7.716049382716051,5.0
2023-04-18,,,,,,,,,,,,,8.474576271186436,8.474576271186436,5.0
2023-04-19,,,,,,,,,,,,,7.692307692307693,7.692307692307693,5.0
2023-04-20,,,,,,,,,,,,,8.294930875576028,8.294930875576028,5.0
2023-04-21,,,,,,,,,,,,,14.110429447852752,14.110429447852752,10.0
2023-04-24,,,,,,,,,,,,,15.007656967840731,15.007656967840731,15.0
2023-04-25,,,,,,,,,,,,,16.360856269113157,16.360856269113157,15.0
2023-04-26,,,,,,,,,,,,,13.74045801526718,13.74045801526718,10.0
2023-04-27,,,,,,,,,,,,,13.109756097560975,13.109756097560975,10.0
2023-04-28,,,,,,,,,,,,,13.850837138508382,13.850837138508382,10.0
2023-05-02,,,,,,,,,,,,,18.389057750759875,18.389057750759875,15.0
2023-05-03,,,,,,,,,,,,,31.259484066767826,31.259484066767826,30.0
2023-05-04,,,,,,,,,,,,,31.212121212121218,31.212121212121218,30.0
2023-05-08,,,,,,,,,,,,,23.903177004538577,23.903177004538577,20.0
2023-05-09,,,,,,,,,,,,,24.018126888217523,24.018126888217523,20.0
2023-05-10,,,,,,,,,,,,,23.83107088989442,23.83107088989442,20.0
2023-05-11,,,,,,,,,,,,,24.096385542168676,24.096385542168676,20.0
2023-05-12,,,,,,,,,,,,,22.255639097744364,22.255639097744364,20.0
2023-05-15,,,,,,,,,,,,,25.525525525525524,25.525525525525524,25.0
2023-05-16,,,,,,,,,,,,,23.98800599700151,23.98800599700151,20.0
2023-05-17,,,,,,,,,,,,,36.07784431137725,36.07784431137725,35.0
2023-05-18,,,,,,,,,,,,,36.32286995515695,36.32286995515695,35.0
2023-05-19,,,,,,,,,,,,,35.67164179104478,35.67164179104478,35.0
2023-05-22,,,,,,,,,,,,,34.575260804769,34.575260804769,30.0
2023-05-23,,,,,,,,,,,,,34.375,34.375,30.0
2023-05-24,,,,,,,,,,,,,33.432392273402684,33.432392273402684,30.0
2023-05-25,,,,,,,,,,,,,36.49851632047477,36.49851632047477,35.0
2023-05-26,,,,,,,,,,,,,37.33333333333333,37.33333333333333,35.0
2023-05-30,,,,,,,,,,,,,43.49112426035503,43.49112426035503,40.0
2023-05-31,,,,,,,,,,,,,44.16543574593796,44.16543574593796,40.0
2023-06-01,,,,,,,,,,,,,44.395280235988196,44.395280235988196,40.0
2023-06-02,,,,,,,,,,,,,43.004418262150224,43.004418262150224,40.0
2023-06-05,,,,,,,,,,,,,36.617647058823536,36.617647058823536,35.0
2023-06-07,,,,,,,,,,,,,45.37444933920705,45.37444933920705,45.0
2023-06-08,,,,,,,,,,,,,44.42815249266863,44.42815249266863,40.0
2023-06-09,,,,,,,,,,,,,33.821376281112734,33.821376281112734,30.0
2023-06-12,,,,,,,,,,,,,31.432748538011708,31.432748538011708,30.0
2023-06-13,,,,,,,,,,,,,32.99270072992701,32.99270072992701,30.0
2023-06-14,,,,,,,,,,,,,33.09037900874635,33.09037900874635,30.0
2023-06-15,,,,,,,,,,,,,34.20669577874817,34.20669577874817,30.0
2023-06-16,,,,,,,,,,,,,27.32558139534885,27.32558139534885,25.0
2023-06-19,,,,,,,,,,,,,26.995645863570388,26.995645863570388,25.0
2023-06-20,,,,,,,,,,,,,28.840579710144937,28.840579710144937,25.0
2023-06-21,,,,,,,,,,,,,29.377713458755423,29.377713458755423,25.0
2023-06-22,,,,,,,,,,,,,24.566473988439313,24.566473988439313,20.0
2023-06-23,,,,,,,,,,,,,27.994227994227998,27.994227994227998,25.0
2023-06-26,,,,,,,,,,,,,27.809798270893367,27.809798270893367,25.0
2023-06-27,,,,,,,,,,,,,27.62589928057554,27.62589928057554,25.0
2023-06-28,,,,,,,,,,,,,27.01149425287356,27.01149425287356,25.0
2023-06-29,,,,,,,,,,,,,26.398852223816363,26.398852223816363,25.0
2023-06-30,,,,,,,,,,,,,27.363896848137543,27.363896848137543,25.0
2023-07-03,,,,,,,,,,,,,24.89270386266095,24.89270386266095,20.0
2023-07-04,,,,,,,,,,,,,32.28571428571428,32.28571428571428,30.0
2023-07-05,,,,,,,,,,,,,29.529243937232536,29.529243937232536,25.0
2023-07-06,,,,,,,,,,,,,30.484330484330485,30.484330484330485,30.0
2023-07-07,,,,,,,,,,,,,32.71692745376956,32.71692745376956,30.0
2023-07-10,,,,,,,,,,,,,35.9375,35.9375,35.0
2023-07-11,,,,,,,,,,,,,36.170212765957444,36.170212765957444,35.0
2023-07-12,,,,,,,,,,,,,38.10198300283286,38.10198300283286,35.0
2023-07-13,,,,,,,,,,,,,36.06789250353607,36.06789250353607,35.0
2023-07-14,,,,,,,,,,,,,42.514124293785315,42.514124293785315,40.0
2023-07-17,,,,,,,,,,,,,40.47954866008463,40.47954866008463,40.0
2023-07-18,,,,,,,,,,,,,41.12676056338028,41.12676056338028,40.0
2023-07-19,,,,,,,,,,,,,39.662447257383974,39.662447257383974,35.0
2023-07-20,,,,,,,,,,,,,53.79213483146067,53.79213483146067,50.0
2023-07-21,,,,,,,,,,,,,52.73492286115007,52.73492286115007,50.0
2023-07-24,,,,,,,,,,,,,41.876750700280105,41.876750700280105,40.0
2023-07-25,,,,,,,,,,,,,40.55944055944056,40.55944055944056,40.0
2023-07-26,,,,,,,,,,,,,41.201117318435756,41.201117318435756,40.0
2023-07-27,,,,,,,,,,,,,41.56206415620641,41.56206415620641,40.0
2023-07-28,,,,,,,,,,,,,33.56545961002786,33.56545961002786,30.0
2023-07-31,,,,,,,,,,,,,33.24061196105703,33.24061196105703,30.0
2023-08-01,,,,,,,,,,,,,33.19444444444444,33.19444444444444,30.0
2023-08-02,,,,,,,,,,,,,34.39667128987517,34.39667128987517,30.0
2023-08-03,,,,,,,,,,,,,34.072022160664815,34.072022160664815,30.0
2023-08-04,,,,,,,,,,,,,35.1313969571231,35.1313969571231,35.0
2023-08-07,,,,,,,,,,,,,35.22099447513813,35.22099447513813,35.0
2023-08-08,,,,,,,,,,,,,35.310344827586206,35.310344827586206,35.0
2023-08-09,,,,,,,,,,,,,36.36363636363637,36.36363636363637,35.0
2023-08-10,,,,,,,,,,,,,37.964236588720766,37.964236588720766,35.0
2023-08-11,,,,,,,,,,,,,38.873626373626365,38.873626373626365,35.0
2023-08-14,,,,,,,,,,,,,43.48422496570644,43.48422496570644,40.0
2023-08-16,,,,,,,,,,,,,43.013698630136986,43.013698630136986,40.0
2023-08-17,,,,,,,,,,,,,44.59644322845418,44.59644322845418,40.0
2023-08-18,,,,,,,,,,,,,44.80874316939891,44.80874316939891,40.0
2023-08-21,,,,,,,,,,,,,46.793997271487044,46.793997271487044,45.0
2023-08-22,,,,,,,,,,,,,54.904632152588555,54.904632152588555,50.0
2023-08-23,,,,,,,,,,,,,52.51700680272109,52.51700680272109,50.0
2023-08-24,,,,,,,,,,,,,54.483695652173914,54.483695652173914,50.0
2023-08-25,,,,,,,,,,,,,32.83582089552239,32.83582089552239,30.0
2023-08-28,,,,,,,,,,,,,45.392953929539296,45.392953929539296,45.0
2023-08-29,,,,,,,,,,,,,52.503382949932345,52.503382949932345,50.0
2023-08-30,,,,,,,,,,,,,56.486486486486484,56.486486486486484,55.0
2023-08-31,,,,,,,,,,,,,58.02968960863698,58.02968960863698,55.0
2023-09-01,,,,,,,,,,,,,53.099730458221025,53.099730458221025,50.0
2023-09-04,,,,,,,,,,,,,47.64468371467026,47.64468371467026,45.0
2023-09-05,,,,,,,,,,,,,54.973118279569896,54.973118279569896,50.0
2023-09-06,,,,,,,,,,,,,54.630872483221474,54.630872483221474,50.0
2023-09-07,,,,,,,,,,,,,50.93833780160858,50.93833780160858,50.0
2023-09-08,,,,,,,,,,,,,55.287817938420346,55.287817938420346,55.0
2023-09-11,,,,,,,,,,,,,55.213903743315505,55.213903743315505,55.0
2023-09-12,,,,,,,,,,,,,54.07209612817089,54.07209612817089,50.0
2023-09-13,,,,,,,,,,,,,54.93333333333334,54.93333333333334,50.0
2023-09-14,,,,,,,,,,,,,56.19174434087883,56.19174434087883,55.0
2023-09-15,,,,,,,,,,,,,49.60106382978723,49.60106382978723,45.0
2023-09-18,,,,,,,,,,,,,47.410358565737056,47.410358565737056,45.0
2023-09-19,,,,,,,,,,,,,52.254641909814325,52.254641909814325,50.0
2023-09-20,,,,,,,,,,,,,55.2317880794702,55.2317880794702,55.0
2023-09-21,,,,,,,,,,,,,55.02645502645503,55.02645502645503,55.0
2023-09-22,,,,,,,,,,,,,75.16512549537649,75.16512549537649,75.0
2023-09-25,,,,,,,,,,,,,74.93403693931398,74.93403693931398,70.0
2023-09-26,,,,,,,,,,,,,66.40316205533597,66.40316205533597,65.0
2023-09-27,,,,,,,,,,,,,64.73684210526315,64.73684210526315,60.0
2023-10-04,,,,,,,,,,,,,64.91458607095926,64.91458607095926,60.0
2023-10-05,,,,,,,,,,,,,56.8241469816273,56.8241469816273,55.0
2023-10-06,,,,,,,,,,,,,61.20576671035386,61.20576671035386,60.0
2023-10-10,,,,,,,,,,,,,61.38743455497382,61.38743455497382,60.0
2023-10-11,,,,,,,,,,,,,60.65359477124183,60.65359477124183,60.0
2023-10-12,,,,,,,,,,,,,62.40208877284596,62.40208877284596,60.0
2023-10-13,,,,,,,,,,,,,56.0625814863103,56.0625814863103,55.0
2023-10-16,,,,,,,,,,,,,52.47395833333333,52.47395833333333,50.0
2023-10-17,,,,,,,,,,,,,47.854356306892065,47.854356306892065,45.0
2023-10-18,,,,,,,,,,,,,50.25974025974026,50.25974025974026,50.0
2023-10-19,,,,,,,,,,,,,48.63813229571985,48.63813229571985,45.0
2023-10-20,,,,,,,,,,,,,54.27461139896373,54.27461139896373,50.0
2023-10-23,,,,,,,,,,,,,54.85122897800776,54.85122897800776,50.0
2023-10-24,,,,,,,,,,,,,51.679586563307495,51.679586563307495,50.0
2023-10-25,,,,,,,,,,,,,35.483870967741936,35.483870967741936,35.0
2023-10-26,,,,,,,,,,,,,35.567010309278345,35.567010309278345,35.0
2023-10-27,,,,,,,,,,,,,36.42213642213642,36.42213642213642,35.0
2023-10-30,,,,,,,,,,,,,35.861182519280206,35.861182519280206,35.0
2023-10-31,,,,,,,,,,,,,38.254172015404365,38.254172015404365,35.0
2023-11-01,,,,,,,,,,,,,38.205128205128204,38.205128205128204,35.0
2023-11-02,,,,,,,,,,,,,38.79641485275288,38.79641485275288,35.0
2023-11-03,,,,,,,,,,,,,43.350383631713555,43.350383631713555,40.0
2023-11-06,,,,,,,,,,,,,44.18901660280971,44.18901660280971,40.0
2023-11-07,,,,,,,,,,,,,29.33673469387756,29.33673469387756,25.0
2023-11-08,,,,,,,,,,,,,29.426751592356695,29.426751592356695,25.0
2023-11-09,,,,,,,,,,,,,30.407124681933837,30.407124681933837,30.0
2023-11-10,,,,,,,,,,,,,32.90978398983482,32.90978398983482,30.0
2023-11-13,,,,,,,,,,,,,30.837563451776646,30.837563451776646,30.0
2023-11-14,,,,,,,,,,,,,31.685678073510772,31.685678073510772,30.0
2023-11-15,,,,,,,,,,,,,19.493670886075947,19.493670886075947,15.0
2023-11-16,,,,,,,,,,,,,12.136536030341333,12.136536030341333,10.0
2023-11-17,,,,,,,,,,,,,14.141414141414145,14.141414141414145,10.0
2023-11-20,,,,,,,,,,,,,14.123581336696091,14.123581336696091,10.0
2023-11-21,,,,,,,,,,,,,14.609571788413106,14.609571788413106,10.0
2023-11-22,,,,,,,,,,,,,17.1069182389937,17.1069182389937,15.0
2023-11-23,,,,,,,,,,,,,16.834170854271363,16.834170854271363,15.0
2023-11-24,,,,,,,,,,,,,17.565872020075275,17.565872020075275,15.0
2023-11-27,,,,,,,,,,,,,17.042606516290732,17.042606516290732,15.0
2023-11-28,,,,,,,,,,,,,17.396745932415527,17.396745932415527,15.0
2023-11-29,,,,,,,,,,,,,17.75,17.75,15.0
2023-11-30,,,,,,,,,,,,,17.85268414481898,17.85268414481898,15.0
2023-12-01,,,,,,,,,,,,,18.079800498753116,18.079800498753116,15.0
2023-12-04,,,,,,,,,,,,,15.691158156911584,15.691158156911584,15.0
2023-12-05,,,,,,,,,,,,,22.885572139303477,22.885572139303477,20.0
2023-12-06,,,,,,,,,,,,,22.60869565217392,22.60869565217392,20.0
2023-12-07,,,,,,,,,,,,,22.208436724565757,22.208436724565757,20.0
2023-12-08,,,,,,,,,,,,,19.950433705080556,19.950433705080556,15.0
2023-12-11,,,,,,,,,,,,,16.460396039603964,16.460396039603964,15.0
2023-12-12,,,,,,,,,,,,,15.698393077873916,15.698393077873916,15.0
2023-12-13,,,,,,,,,,,,,27.407407407407405,27.407407407407405,25.0
2023-12-14,,,,,,,,,,,,,40.93711467324292,40.93711467324292,40.0
2023-12-15,,,,,,,,,,,,,39.28571428571429,39.28571428571429,35.0
2023-12-18,,,,,,,,,,,,,34.93234932349324,34.93234932349324,30.0
2023-12-19,,,,,,,,,,,,,33.16953316953317,33.16953316953317,30.0
2023-12-20,,,,,,,,,,,,,31.77914110429448,31.77914110429448,30.0
2023-12-21,,,,,,,,,,,,,30.14705882352942,30.14705882352942,30.0
2023-12-22,,,,,,,,,,,,,29.375764993880054,29.375764993880054,25.0
2023-12-26,,,,,,,,,,,,,29.951100244498775,29.951100244498775,25.0
2023-12-27,,,,,,,,,,,,,30.036630036630044,30.036630036630044,30.0
2023-12-28,,,,,,,,,,,,,30.243902439024396,30.243902439024396,30.0
2023-12-29,,,,,,,,,,,,,29.71985383678441,29.71985383678441,25.0
2024-01-02,,,,,,,,,,,,,31.143552311435514,31.143552311435514,30.0
2024-01-03,,,,,,,,,,,,,33.53584447144593,33.53584447144593,30.0
2024-01-04,,,,,,,,,,,,,34.344660194174764,34.344660194174764,30.0
2024-01-05,,,,,,,,,,,,,34.66666666666667,34.66666666666667,30.0
2024-01-08,,,,,,,,,,,,,35.472154963680396,35.472154963680396,35.0
2024-01-09,,,,,,,,,,,,,40.26602176541717,40.26602176541717,40.0
2024-01-10,,,,,,,,,,,,,55.67632850241546,55.67632850241546,55.0
2024-01-11,,,,,,,,,,,,,51.26658624849216,51.26658624849216,50.0
2024-01-12,,,,,,,,,,,,,49.51807228915662,49.51807228915662,45.0
2024-01-15,,,,,,,,,,,,,54.2719614921781,54.2719614921781,50.0
2024-01-16,,,,,,,,,,,,,57.93269230769231,57.93269230769231,55.0
2024-01-17,,,,,,,,,,,,,67.94717887154862,67.94717887154862,65.0
2024-01-18,,,,,,,,,,,,,60.431654676258994,60.431654676258994,60.0
2024-01-19,,,,,,,,,,,,,67.42514970059881,67.42514970059881,65.0
2024-01-22,,,,,,,,,,,,,73.6842105263158,73.6842105263158,70.0
2024-01-23,,,,,,,,,,,,,81.00358422939068,81.00358422939068,80.0
2024-01-24,,,,,,,,,,,,,81.02625298329356,81.02625298329356,80.0
2024-01-25,,,,,,,,,,,,,78.06912991656733,78.06912991656733,75.0
2024-01-26,,,,,,,,,,,,,72.5,72.5,70.0
2024-01-29,,,,,,,,,,,,,83.47205707491082,83.47205707491082,80.0
2024-01-30,,,,,,,,,,,,,83.9667458432304,83.9667458432304,80.0
2024-01-31,,,,,,,,,,,,,81.85053380782918,81.85053380782918,80.0
2024-02-01,,,,,,,,,,,,,84.95260663507109,84.95260663507109,80.0
2024-02-02,,,,,,,,,,,,,83.31360946745562,83.31360946745562,80.0
2024-02-05,,,,,,,,,,,,,55.43735224586289,55.43735224586289,55.0
2024-02-06,,,,,,,,,,,,,53.24675324675325,53.24675324675325,50.0
2024-02-07,,,,,,,,,,,,,54.24528301886792,54.24528301886792,50.0
2024-02-08,,,,,,,,,,,,,64.89988221436985,64.89988221436985,60.0
2024-02-13,,,,,,,,,,,,,65.05882352941177,65.05882352941177,65.0
2024-02-14,,,,,,,,,,,,,64.04230317273796,64.04230317273796,60.0
2024-02-15,,,,,,,,,,,,,59.27230046948357,59.27230046948357,55.0
2024-02-16,,,,,,,,,,,,,58.968347010551,58.968347010551,55.0
2024-02-19,,,,,,,,,,,,,74.7072599531616,74.7072599531616,70.0
2024-02-20,,,,,,,,,,,,,74.15204678362574,74.15204678362574,70.0
2024-02-21,,,,,,,,,,,,,68.92523364485982,68.92523364485982,65.0
2024-02-22,,,,,,,,,,,,,69.42823803967327,69.42823803967327,65.0
2024-02-23,,,,,,,,,,,,,68.64801864801865,68.64801864801865,65.0
2024-02-26,,,,,,,,,,,,,72.75902211874272,72.75902211874272,70.0
2024-02-27,,,,,,,,,,,,,75.11627906976744,75.11627906976744,75.0
2024-02-28,,,,,,,,,,,,,75.1451800232288,75.1451800232288,75.0
2024-02-29,,,,,,,,,,,,,74.36194895591647,74.36194895591647,70.0
2024-03-04,,,,,,,,,,,,,76.59327925840093,76.59327925840093,75.0
2024-03-05,,,,,,,,,,,,,75.92592592592592,75.92592592592592,75.0
2024-03-06,,,,,,,,,,,,,78.4971098265896,78.4971098265896,75.0
2024-03-07,,,,,,,,,,,,,99.30715935334872,99.30715935334872,95.0
2024-03-08,,,,,,,,,,,,,99.4232987312572,99.4232987312572,95.0
2024-03-11,,,,,,,,,,,,,98.50230414746544,98.50230414746544,95.0
2024-03-12,,,,,,,,,,,,,95.512082853855,95.512082853855,95.0
2024-03-13,,,,,,,,,,,,,94.25287356321839,94.25287356321839,90.0
2024-03-14,,,,,,,,,,,,,96.44087256027555,96.44087256027555,95.0
2024-03-15,,,,,,,,,,,,,98.5091743119266,98.5091743119266,95.0
2024-03-18,,,,,,,,,,,,,93.69988545246277,93.69988545246277,90.0
2024-03-19,,,,,,,,,,,,,92.79176201372998,92.79176201372998,90.0
2024-03-20,,,,,,,,,,,,,91.54285714285714,91.54285714285714,90.0
2024-03-21,,,,,,,,,,,,,91.0958904109589,91.0958904109589,90.0
2024-03-22,,,,,,,,,,,,,58.836944127708094,58.836944127708094,55.0
2024-03-25,,,,,,,,,,,,,58.99772209567198,58.99772209567198,55.0
2024-03-26,,,,,,,,,,,,,56.08646188850967,56.08646188850967,55.0
2024-03-27,,,,,,,,,,,,,56.59090909090909,56.59090909090909,55.0
2024-03-28,,,,,,,,,,,,,56.072644721906926,56.072644721906926,55.0
2024-03-29,,,,,,,,,,,,,55.66893424036281,55.66893424036281,55.0
2024-04-01,,,,,,,,,,,,,55.719139297848244,55.719139297848244,55.0
2024-04-02,,,,,,,,,,,,,52.828054298642535,52.828054298642535,50.0
2024-04-03,,,,,,,,,,,,,47.11864406779661,47.11864406779661,45.0
2024-04-04,,,,,,,,,,,,,49.43566591422122,49.43566591422122,45.0
2024-04-05,,,,,,,,,,,,,49.15445321307779,49.15445321307779,45.0
2024-04-08,,,,,,,,,,,,,53.153153153153156,53.153153153153156,50.0
2024-04-09,,,,,,,,,,,,,60.17997750281215,60.17997750281215,60.0
2024-04-11,,,,,,,,,,,,,46.17977528089887,46.17977528089887,45.0
2024-04-12,,,,,,,,,,,,,44.893378226711555,44.893378226711555,40.0
2024-04-15,,,,,,,,,,,,,45.62780269058296,45.62780269058296,45.0
2024-04-16,,,,,,,,,,,,,47.816349384098544,47.816349384098544,45.0
2024-04-17,,,,,,,,,,,,,43.624161073825505,43.624161073825505,40.0
2024-04-18,,,,,,,,,,,,,43.35195530726257,43.35195530726257,40.0
2024-04-19,,,,,,,,,,,,,38.05803571428571,38.05803571428571,35.0
2024-04-22,,,,,,,,,,,,,58.52842809364549,58.52842809364549,55.0
2024-04-23,,,,,,,,,,,,,56.01336302895323,56.01336302895323,55.0
2024-04-24,,,,,,,,,,,,,58.84315906562848,58.84315906562848,55.0
2024-04-25,,,,,,,,,,,,,54.11111111111111,54.11111111111111,50.0
2024-04-26,,,,,,,,,,,,,48.05771365149833,48.05771365149833,45.0
2024-04-29,,,,,,,,,,,,,46.89578713968958,46.89578713968958,45.0
2024-04-30,,,,,,,,,,,,,45.84717607973422,45.84717607973422,45.0
2024-05-02,,,,,,,,,,,,,50.55309734513274,50.55309734513274,50.0
2024-05-03,,,,,,,,,,,,,55.58011049723757,55.58011049723757,55.0
2024-05-07,,,,,,,,,,,,,50.77262693156733,50.77262693156733,50.0
2024-05-08,,,,,,,,,,,,,44.87320837927232,44.87320837927232,40.0
2024-05-09,,,,,,,,,,,,,43.72246696035242,43.72246696035242,40.0
2024-05-10,,,,,,,,,,,,,41.6941694169417,41.6941694169417,40.0
2024-05-13,,,,,,,,,,,,,56.043956043956044,56.043956043956044,55.0
2024-05-14,,,,,,,,,,,,,58.397365532382,58.397365532382,55.0
2024-05-16,,,,,,,,,,,,,51.42543859649123,51.42543859649123,50.0
2024-05-17,,,,,,,,,,,,,32.968236582694416,32.968236582694416,30.0
2024-05-20,,,,,,,,,,,,,34.026258205689274,34.026258205689274,30.0
2024-05-21,,,,,,,,,,,,,34.42622950819673,34.42622950819673,30.0
2024-05-22,,,,,,,,,,,,,39.8471615720524,39.8471615720524,35.0
2024-05-23,,,,,,,,,,,,,43.62050163576882,43.62050163576882,40.0
2024-05-24,,,,,,,,,,,,,44.880174291939,44.880174291939,40.0
2024-05-27,,,,,,,,,,,,,41.02285092491839,41.02285092491839,40.0
2024-05-28,,,,,,,,,,,,,44.34782608695652,44.34782608695652,40.0
2024-05-29,,,,,,,,,,,,,48.099891422366994,48.099891422366994,45.0
2024-05-30,,,,,,,,,,,,,49.34924078091106,49.34924078091106,45.0
2024-05-31,,,,,,,,,,,,,38.02816901408451,38.02816901408451,35.0
2024-06-03,,,,,,,,,,,,,37.01298701298701,37.01298701298701,35.0
2024-06-04,,,,,,,,,,,,,36.972972972972975,36.972972972972975,35.0
2024-06-05,,,,,,,,,,,,,37.47300215982722,37.47300215982722,35.0
2024-06-07,,,,,,,,,,,,,41.31607335490831,41.31607335490831,40.0
2024-06-10,,,,,,,,,,,,,29.633620689655174,29.633620689655174,25.0
2024-06-11,,,,,,,,,,,,,29.278794402583415,29.278794402583415,25.0
2024-06-12,,,,,,,,,,,,,29.13978494623656,29.13978494623656,25.0
2024-06-13,,,,,,,,,,,,,27.819548872180462,27.819548872180462,25.0
2024-06-14,,,,,,,,,,,,,26.072961373390555,26.072961373390555,25.0
2024-06-17,,,,,,,,,,,,,38.156484458735264,38.156484458735264,35.0
2024-06-18,,,,,,,,,,,,,38.11563169164882,38.11563169164882,35.0
2024-06-19,,,,,,,,,,,,,38.18181818181819,38.18181818181819,35.0
2024-06-20,,,,,,,,,,,,,40.491452991452995,40.491452991452995,40.0
2024-06-21,,,,,,,,,,,,,41.30202774813234,41.30202774813234,40.0
2024-06-24,,,,,,,,,,,,,40.72494669509595,40.72494669509595,40.0
2024-06-25,,,,,,,,,,,,,43.556975505857295,43.556975505857295,40.0
2024-06-26,,,,,,,,,,,,,42.234042553191486,42.234042553191486,40.0
2024-06-27,,,,,,,,,,,,,45.05844845908607,45.05844845908607,45.0
2024-06-28,,,,,,,,,,,,,45.11677282377919,45.11677282377919,45.0
2024-07-01,,,,,,,,,,,,,60.869565217391305,60.869565217391305,60.0
2024-07-02,,,,,,,,,,,,,63.347457627118644,63.347457627118644,60.0
2024-07-03,,,,,,,,,,,,,61.164021164021165,61.164021164021165,60.0
2024-07-04,,,,,,,,,,,,,61.733615221987314,61.733615221987314,60.0
2024-07-05,,,,,,,,,,,,,60.190073917634635,60.190073917634635,60.0
2024-07-08,,,,,,,,,,,,,85.65400843881856,85.65400843881856,85.0
2024-07-09,,,,,,,,,,,,,89.35721812434141,89.35721812434141,85.0
2024-07-10,,,,,,,,,,,,,89.6842105263158,89.6842105263158,85.0
2024-07-11,,,,,,,,,,,,,94.11146161934805,94.11146161934805,90.0
2024-07-12,,,,,,,,,,,,,99.89495798319328,99.89495798319328,95.0
2024-07-15,,,,,,,,,,,,,99.79013641133264,99.79013641133264,95.0
2024-07-16,,,,,,,,,,,,,99.68553459119497,99.68553459119497,95.0
2024-07-17,,,,,,,,,,,,,99.58115183246073,99.58115183246073,95.0
2024-07-18,,,,,,,,,,,,,99.47698744769875,99.47698744769875,95.0
2024-07-19,,,,,,,,,,,,,99.05956112852664,99.05956112852664,95.0
2024-07-22,,,,,,,,,,,,,98.8517745302714,98.8517745302714,95.0
2024-07-23,,,,,,,,,,,,,98.95724713242961,98.95724713242961,95.0
2024-07-24,,,,,,,,,,,,,98.33333333333333,98.33333333333333,95.0
2024-07-25,,,,,,,,,,,,,98.23100936524453,98.23100936524453,95.0
2024-07-26,,,,,,,,,,,,,98.33679833679834,98.33679833679834,95.0
2024-07-29,,,,,,,,,,,,,98.4423676012461,98.4423676012461,95.0
2024-07-30,,,,,,,,,,,,,96.6804979253112,96.6804979253112,95.0
2024-07-31,,,,,,,,,,,,,98.03108808290155,98.03108808290155,95.0
2024-08-01,,,,,,,,,,,,,98.75776397515529,98.75776397515529,95.0
2024-08-02,,,,,,,,,,,,,87.17683557394002,87.17683557394002,85.0
2024-08-05,,,,,,,,,,,,,55.061983471074385,55.061983471074385,55.0
2024-08-06,,,,,,,,,,,,,52.3219814241486,52.3219814241486,50.0
2024-08-07,,,,,,,,,,,,,47.835051546391746,47.835051546391746,45.0
2024-08-08,,,,,,,,,,,,,47.888774459320295,47.888774459320295,45.0
2024-08-09,,,,,,,,,,,,,48.25102880658436,48.25102880658436,45.0
2024-08-12,,,,,,,,,,,,,43.37101747173689,43.37101747173689,40.0
2024-08-13,,,,,,,,,,,,,46.40657084188911,46.40657084188911,45.0
2024-08-14,,,,,,,,,,,,,40.61538461538462,40.61538461538462,40.0
2024-08-16,,,,,,,,,,,,,35.553278688524586,35.553278688524586,35.0
2024-08-19,,,,,,,,,,,,,35.72159672466735,35.72159672466735,35.0
2024-08-20,,,,,,,,,,,,,31.39059304703477,31.39059304703477,30.0
2024-08-21,,,,,,,,,,,,,31.562819203268646,31.562819203268646,30.0
2024-08-22,,,,,,,,,,,,,32.14285714285714,32.14285714285714,30.0
2024-08-23,,,,,,,,,,,,,32.110091743119256,32.110091743119256,30.0
2024-08-26,,,,,,,,,,,,,27.189409368635438,27.189409368635438,25.0
2024-08-27,,,,,,,,,,,,,21.057985757884026,21.057985757884026,20.0
2024-08-28,,,,,,,,,,,,,20.02032520325203,20.02032520325203,20.0
2024-08-29,,,,,,,,,,,,,20.101522842639596,20.101522842639596,20.0
2024-08-30,,,,,,,,,,,,,19.776876267748477,19.776876267748477,15.0
2024-09-02,,,,,,,,,,,,,25.63323201621074,25.63323201621074,25.0
2024-09-03,,,,,,,,,,,,,37.044534412955464,37.044534412955464,35.0
2024-09-04,,,,,,,,,,,,,38.119312436804854,38.119312436804854,35.0
2024-09-05,,,,,,,,,,,,,39.7979797979798,39.7979797979798,35.0
2024-09-06,,,,,,,,,,,,,40.8678102926337,40.8678102926337,40.0
2024-09-09,,,,,,,,,,,,,38.306451612903224,38.306451612903224,35.0
2024-09-10,,,,,,,,,,,,,40.5840886203424,40.5840886203424,40.0
2024-09-11,,,,,,,,,,,,,40.04024144869215,40.04024144869215,40.0
2024-09-12,,,,,,,,,,,,,46.53266331658291,46.53266331658291,45.0
2024-09-13,,,,,,,,,,,,,51.00401606425703,51.00401606425703,50.0
2024-09-19,,,,,,,,,,,,,52.858575727181545,52.858575727181545,50.0
2024-09-20,,,,,,,,,,,,,63.12625250501002,63.12625250501002,60.0
2024-09-23,,,,,,,,,,,,,62.96296296296296,62.96296296296296,60.0
2024-09-24,,,,,,,,,,,,,63.6,63.6,60.0
2024-09-25,,,,,,,,,,,,,61.038961038961034,61.038961038961034,60.0
2024-09-26,,,,,,,,,,,,,62.375249500998,62.375249500998,60.0
2024-09-27,,,,,,,,,,,,,85.14456630109672,85.14456630109672,85.0
2024-09-30,,,,,,,,,,,,,82.37051792828686,82.37051792828686,80.0
2024-10-02,,,,,,,,,,,,,41.492537313432834,41.492537313432834,40.0
2024-10-04,,,,,,,,,,,,,36.381709741550694,36.381709741550694,35.0
2024-10-07,,,,,,,,,,,,,35.45183714001986,35.45183714001986,35.0
2024-10-08,,,,,,,,,,,,,30.753968253968253,30.753968253968253,30.0
2024-10-10,,,,,,,,,,,,,30.426164519326065,30.426164519326065,30.0
2024-10-11,,,,,,,,,,,,,31.0891089108911,31.0891089108911,30.0
2024-10-14,,,,,,,,,,,,,31.454005934718097,31.454005934718097,30.0
2024-10-15,,,,,,,,,,,,,32.41106719367589,32.41106719367589,30.0
2024-10-16,,,,,,,,,,,,,32.47778874629812,32.47778874629812,30.0
2024-10-17,,,,,,,,,,,,,32.54437869822485,32.54437869822485,30.0
2024-10-18,,,,,,,,,,,,,34.08866995073892,34.08866995073892,30.0
2024-10-21,,,,,5.861000000000001,,,,,,,,32.283464566929126,32.283464566929126,30.0
2024-10-22,,,,,5.859999999999999,,,,,,,,30.973451327433636,30.973451327433636,30.0
2024-10-23,,,,,5.86,,,,,,,,30.648330058939095,30.648330058939095,30.0
2024-10-24,,,,,5.859000000000001,,,,,,,,30.716388616290473,30.716388616290473,30.0
2024-10-25,,,,,5.859,,,,,,,,30.588235294117652,30.588235294117652,30.0
2024-10-28,,,,,5.848000000000001,,,,,,,,32.223310479921636,32.223310479921636,30.0
2024-10-29,,,,,5.843,,,,,,,,38.64970645792564,38.64970645792564,35.0
2024-10-30,,,,,5.841,,,,,,,,39.784946236559136,39.784946236559136,35.0
2024-10-31,,,,,5.839,,,,,,,,46.77734375,46.77734375,45.0
2024-11-01,,,,,5.837,,,,,,,,95.60975609756098,95.60975609756098,95.0
2024-11-04,,,,,5.835000000000001,,,,,,,,96.19883040935673,96.19883040935673,95.0
2024-11-05,,,,,5.835000000000001,,,,,,,,95.03407984420643,95.03407984420643,95.0
2024-11-06,,,,,5.836,,,,,,,,96.20622568093385,96.20622568093385,95.0
2024-11-07,,,,,5.835999999999999,,,,,,,,90.47619047619048,90.47619047619048,90.0
2024-11-08,,,,,5.831999999999999,,,,,,,,77.28155339805825,77.28155339805825,75.0
2024-11-11,,,,,5.824999999999999,,,,,,,,37.82735208535403,37.82735208535403,35.0
2024-11-12,,,,,5.821,,,,,,,,37.98449612403101,37.98449612403101,35.0
2024-11-13,,,,,5.818000000000001,,,,,,,,38.14133591481122,38.14133591481122,35.0
2024-11-14,,,,,5.816,,,,,,,,38.10444874274661,38.10444874274661,35.0
2024-11-15,,,,,5.814,,,,,,,,37.0048309178744,37.0048309178744,35.0
2024-11-18,,,,,5.816,,,,0.06687490618064107,,,,41.795366795366796,41.795366795366796,40.0
2024-11-19,,,,,5.816999999999999,,,,-0.012275057677867629,,,,43.780135004821595,43.780135004821595,40.0
2024-11-20,,,,,5.815999999999999,,,,-0.011899721625018955,,,,47.687861271676304,47.687861271676304,45.0
2024-11-21,,,,,5.815,,,,-0.02216547274309688,,,,45.52454282964389,45.52454282964389,45.0
2024-11-22,,,,,5.814,,,,-0.03341013582700336,,,,47.01923076923077,47.01923076923077,45.0
2024-11-25,,,,,5.811999999999999,,,,-0.12788182897661304,,,,46.20557156580212,46.20557156580212,45.0
2024-11-26,,,,,5.808,,,,-0.12591322063263588,,,,48.272552783109404,48.272552783109404,45.0
2024-11-27,,,,,5.806,,,,-0.15855394309644133,,,,47.45925215723873,47.45925215723873,45.0
2024-11-28,,,,,5.8039999999999985,,,,-0.27453335374786647,,,,47.12643678160919,47.12643678160919,45.0
2024-11-29,,,,,5.795000000000001,,,,-0.2956729597744072,,,,46.602870813397125,46.602870813397125,45.0
2024-12-02,,,,,5.793999999999999,,,,-0.3133925992282065,,,,46.367112810707454,46.367112810707454,45.0
2024-12-03,,,,,5.792999999999999,,,,-0.3031869703477392,,,,48.71060171919771,48.71060171919771,45.0
2024-12-04,,,,,5.784,,,,-0.2919674338234217,,,,60.20992366412214,60.20992366412214,60.0
2024-12-05,,,,,5.783,,,,-0.2678410277836063,,,,59.10390848427073,59.10390848427073,55.0
2024-12-06,,,,,5.782,,,,-0.21567660075025197,,,,65.80952380952381,65.80952380952381,65.0
2024-12-09,,,,,5.782,,,,-0.2575092902941507,,,,98.3824928639391,98.3824928639391,95.0
2024-12-10,,,,,5.782000000000001,,,,-0.35587896938680297,,,,95.72243346007605,95.72243346007605,95.0
2024-12-11,,,,,5.782,,,,-0.41862191408560223,,,,91.16809116809117,91.16809116809117,90.0
2024-12-12,,,,,5.781,,,,-0.41507178264669786,,,,91.27134724857684,91.27134724857684,90.0
2024-12-13,,,,,5.78,,,,-0.43060052592358344,,,,92.03791469194313,92.03791469194313,90.0
2024-12-16,,,,,5.779,,,,-0.36555596454031125,,,,91.47727272727273,91.47727272727273,90.0
2024-12-17,,,,,5.776999999999999,,,,-0.25924519937737056,,,,92.71523178807946,92.71523178807946,90.0
2024-12-18,,,,,5.775,,,,-0.3391252702537524,,,,92.34404536862004,92.34404536862004,90.0
2024-12-19,,,,,5.770999999999999,,,,-0.20418496950042098,,,,75.2596789423985,75.2596789423985,75.0
2024-12-20,,,,,5.769000000000001,,,,-0.1438698617568277,,,,67.73584905660377,67.73584905660377,65.0
2024-12-23,,,,,5.769,,,,-0.11560599745603639,,,,62.865221489161165,62.865221489161165,60.0
2024-12-24,,,,,5.769,,,,-0.10993905061238518,,,,60.451977401129945,60.451977401129945,60.0
2024-12-26,,,,,5.768000000000001,,,,-0.05974365045989405,,,,60.395108184383815,60.395108184383815,60.0
2024-12-27,,,,,5.766,,,,0.0341918264372576,,,,54.79323308270676,54.79323308270676,50.0
2024-12-30,,,,,5.77,,,,0.013723655233905507,,,,52.11267605633803,52.11267605633803,50.0
2024-12-31,,,,,5.7700000000000005,,,,,,,,43.80863039399625,43.80863039399625,40.0
2025-01-02,,,,,5.768,,,,-0.03645706131536519,,,,40.20618556701031,40.20618556701031,40.0
2025-01-03,,,,,5.766,,,,-0.08029671802318283,,,,30.524344569288388,30.524344569288388,30.0
2025-01-06,,,,,5.7669999999999995,,,,-0.11698257805702417,,,,33.39569691300281,33.39569691300281,30.0
2025-01-07,,,,,5.764000000000001,,,,-0.11644379315215803,,,,30.373831775700936,30.373831775700936,30.0
2025-01-08,,,,,5.764999999999999,,,,-0.15421235373158648,,,,21.381886087768436,21.381886087768436,20.0
2025-01-09,,,,,5.765000000000001,,,,-0.14575923196101437,,,,22.94776119402985,22.94776119402985,20.0
2025-01-10,,,,,5.758999999999999,,,,-0.004999641792150733,,,,23.85834109972042,23.85834109972042,20.0
2025-01-13,,,,,5.755999999999999,,,,0.1082797161997604,,,,23.55679702048417,23.55679702048417,20.0
2025-01-14,,,,,5.756,,,,0.09184675570011835,,,,21.581395348837205,21.581395348837205,20.0
2025-01-15,,,,,5.756,,,,0.13254866481947447,,,,22.21189591078067,22.21189591078067,20.0
2025-01-16,,,,,5.757,,,,0.05460287188285351,,,,22.005571030640667,22.005571030640667,20.0
2025-01-17,,,,,5.757,,,,-0.06280503506711588,,,,21.706864564007418,21.706864564007418,20.0
2025-01-20,,,,,5.7589999999999995,,,,0.074282473324216,,,,26.598702502316968,26.598702502316968,25.0
2025-01-21,,,,,5.759,,,,-0.060726517313072215,,,,24.444444444444443,24.444444444444443,20.0
2025-01-22,,,,,5.759,,,,-0.1142033114997898,,,,22.201665124884357,22.201665124884357,20.0
2025-01-23,,,,,5.76,,,,-0.07304647776736317,,,,22.55083179297597,22.55083179297597,20.0
2025-01-24,,,,,5.758,,,,-0.09645209402421795,,,,22.4376731301939,22.4376731301939,20.0
2025-01-31,,,,,5.758999999999999,,,,-0.1113809765265028,,,,24.63099630996311,24.63099630996311,20.0
2025-02-03,,,,,5.761000000000001,,,,-0.07915446522933456,,,,27.649769585253452,27.649769585253452,25.0
2025-02-04,,,,,5.7620000000000005,,,,-0.04672113979066417,,,,15.193370165745861,15.193370165745861,15.0
2025-02-05,,,,,5.764999999999999,,,,0.02577822019224385,,,,15.363385464581413,15.363385464581413,15.0
2025-02-06,,,,,5.765000000000001,,,,0.06205621763538005,,,,16.819852941176478,16.819852941176478,15.0
2025-02-07,,,,,5.765,,,,0.10387654221649001,,,,16.620752984389355,16.620752984389355,15.0
2025-02-10,,,,,5.763000000000001,,,,0.119149114292175,,,,20.275229357798167,20.275229357798167,20.0
2025-02-11,,,,,5.765000000000001,,,,0.12287804484599629,,,,26.58111824014665,26.58111824014665,25.0
2025-02-12,,,,,5.767000000000001,,,,0.1455586592472926,,,,25.91575091575092,25.91575091575092,25.0
2025-02-13,,,,,5.767999999999999,,,,0.05072793034405754,,,,25.983531564501376,25.983531564501376,25.0
2025-02-14,,,,,5.7669999999999995,,,,-0.08999888635535314,,,,25.868372943327245,25.868372943327245,25.0
2025-02-17,,,,,5.768000000000001,,,,-0.06553063857016372,,,,28.12785388127854,28.12785388127854,25.0
2025-02-18,,,,,5.769,,,,-0.08371486710441811,,,,27.828467153284677,27.828467153284677,25.0
2025-02-19,,,,,5.770999999999999,,,,-0.05048570312767131,,,,28.441203281677303,28.441203281677303,25.0
2025-02-20,,,,,5.77,,,,-0.00965806873168873,,,,27.686703096539162,27.686703096539162,25.0
2025-02-21,,,,,5.771,,,,-0.057442540919653506,,,,26.11464968152866,26.11464968152866,25.0
2025-02-24,,,,,5.7700000000000005,,,,-0.014189908091785775,,,,32.727272727272734,32.727272727272734,30.0
2025-02-25,,,,,5.768999999999999,,,,-0.0065878742407097235,,,,42.32515894641236,42.32515894641236,40.0
2025-02-26,,,,,5.768,,,,-0.030322900520653118,,,,39.38294010889292,39.38294010889292,35.0
2025-02-27,,,,,5.766,,,,-0.006427388843736281,,,,39.52855847688124,39.52855847688124,35.0
2025-02-28,,,,,5.763999999999999,,,,-0.009726062530290402,,,,41.57608695652174,41.57608695652174,40.0
2025-03-04,,,,,5.769,,,,-0.05976126394399417,,,,18.73303167420815,18.73303167420815,15.0
2025-03-05,,,,,5.772,,,,-0.044113966328998444,,,,24.0506329113924,24.0506329113924,20.0
2025-03-06,,,,,5.771000000000001,,,,-0.007307336449703605,,,,20.776874435411017,20.776874435411017,20.0
2025-03-07,,,,,5.772,,,,-0.02260042948353158,,,,17.148014440433215,17.148014440433215,15.0
2025-03-10,,,,,5.769,,,,-0.05356884898911485,,,,16.050495942290354,16.050495942290354,15.0
2025-03-11,,,,,5.77,,,,-0.0793742421426038,,,,20.540540540540547,20.540540540540547,20.0
2025-03-12,,,,,5.769000000000001,,,,-0.09545662248974729,,,,17.551755175517542,17.551755175517542,15.0
2025-03-13,,,,,5.766,,,,-0.09334820081079132,,,,15.107913669064743,15.107913669064743,15.0
2025-03-14,,,,,5.7620000000000005,,,,-0.034237380070391676,,,,14.465408805031444,14.465408805031444,10.0
2025-03-17,,,,,5.758000000000001,,,,-0.02571781399383033,,,,14.631956912028727,14.631956912028727,10.0
2025-03-18,,,,,5.755,,,,-0.03287939714063093,,,,14.97757847533633,14.97757847533633,10.0
2025-03-19,,,,,5.752999999999999,,,,-0.028616177765453,,,,15.501792114695348,15.501792114695348,15.0
2025-03-20,,,,,5.751,,,,-0.029090516710910563,,,,15.577439570277534,15.577439570277534,15.0
2025-03-21,,,,,5.751,,,,-0.03956748203503002,,,,16.905187835420392,16.905187835420392,15.0
2025-03-24,,,,,5.752000000000001,,,,-0.017743835560137367,,,,18.051831992850765,18.051831992850765,15.0
2025-03-25,,,,,5.753,,,,-0.0013952014811411395,,,,20.446428571428584,20.446428571428584,20.0
2025-03-26,,,,,5.756,,,,0.0007619768186919451,,,,22.836752899197137,22.836752899197137,20.0
2025-03-27,,,,,5.759,,,,0.028284044244418105,,,,18.627450980392155,18.627450980392155,15.0
2025-03-28,,,,,5.7589999999999995,,,,0.04712468578366824,,,,18.699910952804984,18.699910952804984,15.0
2025-03-31,,,,,5.758999999999999,,,,0.008609986663195457,,,,20.55160142348754,20.55160142348754,20.0
2025-04-01,,,,,5.757999999999999,,,,0.027504300101933055,,,,37.866666666666674,37.866666666666674,35.0
2025-04-02,,,,,5.755000000000001,,,,0.02143562065337079,,,,56.48312611012433,56.48312611012433,55.0
2025-04-03,,,,,5.755,,,,-0.043045253966762065,,,,70.1863354037267,70.1863354037267,70.0
2025-04-04,,,,,5.754999999999999,,,,-0.07476648023044596,,,,53.36879432624114,53.36879432624114,50.0
2025-04-07,,,,,5.753,,,,-0.10090069531188428,,,,16.209034543844112,16.209034543844112,15.0
2025-04-08,,,,,5.752999999999999,,,,-0.06965794527953317,,,,13.628318584070797,13.628318584070797,10.0
2025-04-09,,,,,5.754,,,,-0.003209759866421358,,,,15.030946065428822,15.030946065428822,15.0
2025-04-10,,,,,5.752000000000001,,,,-0.08395791493239724,,,,15.547703180212011,15.547703180212011,15.0
2025-04-11,,,,,5.7509999999999994,,,,-0.12924904592793185,,,,15.53398058252428,15.53398058252428,15.0
2025-04-14,,,,,5.752,,,,-0.12509174399610545,,,,15.520282186948847,15.520282186948847,15.0
2025-04-15,,,,,5.755000000000001,,,,-0.14069774265389157,,,,10.396475770925107,10.396475770925107,10.0
2025-04-16,,,,,5.755,,,,-0.18893306364621365,,,,9.50704225352112,9.50704225352112,5.0
2025-04-17,,,,,5.754,,,,-0.1329337182626471,,,,7.475813544415132,7.475813544415132,5.0
2025-04-18,,,,,5.753,,,,-0.15645540941053193,,,,6.50263620386643,6.50263620386643,5.0
2025-04-21,,,,,5.752999999999999,,,,-0.20285184376673326,,,,5.970149253731336,5.970149253731336,5.0
2025-04-22,,,,,5.753,,,,-0.21582903642167128,,,,5.877192982456137,5.877192982456137,5.0
2025-04-23,-0.0008815363961078848,,,,5.753,,,,-0.21984354664539474,,,,4.469763365468879,4.469763365468879,0.0
2025-04-24,-0.0012313717021060766,,,,5.755000000000001,,,,-0.23262658218935517,,,,5.166374781085807,5.166374781085807,5.0
2025-04-25,0.008322076874688333,,,,5.7509999999999994,,,,-0.306083276962835,,,,5.161854768153987,5.161854768153987,5.0
2025-04-28,0.009172729846364414,,,,5.748,,,,-0.2669812279228596,,,,5.157342657342653,5.157342657342653,5.0
2025-04-29,0.015193469419040984,,,,5.75,,,,-0.2734805115482688,,,,4.890829694323145,4.890829694323145,0.0
2025-04-30,0.014347838481471697,,,,5.751999999999999,,,,-0.32434818121219333,,,,4.712041884816756,4.712041884816756,0.0
2025-05-02,0.01470369418156281,,,,5.753,,,,-0.26447822552579403,,,,2.1795989537925067,2.1795989537925067,0.0
2025-05-07,0.02242205016665011,,,,5.752000000000001,,,,-0.2457369473488087,,,,4.703832752613238,4.703832752613238,0.0
2025-05-08,0.022987883164340195,,,,5.752,,,,-0.22197868570583434,,,,3.916449086161876,3.916449086161876,0.0
2025-05-09,0.022994596273470558,,,,5.753,,,,-0.17864932901481456,,,,5.391304347826093,5.391304347826093,5.0
2025-05-12,0.039501537628469974,,,,5.752000000000001,,,,-0.2347856964608397,,,,5.647263249348384,5.647263249348384,5.0
2025-05-13,0.03968215559589017,,,,5.752000000000001,,,,-0.13274326763806377,,,,3.993055555555557,3.993055555555557,0.0
2025-05-14,0.05325741840046927,,,,5.751000000000001,,,,-0.1474895657747468,,,,1.821335646140497,1.821335646140497,0.0
2025-05-15,0.04516917276578192,,,,5.749999999999999,,,,-0.11669021807629543,,,,2.0797227036395185,2.0797227036395185,0.0
2025-05-16,0.04879002939305499,,,,5.751,,,,-0.14577769635959736,,,,2.597402597402592,2.597402597402592,0.0
2025-05-19,0.03700805477312752,,,,5.747,,,,-0.05379297308413333,,,,3.1141868512110733,3.1141868512110733,0.0
2025-05-20,0.03804692347803562,,,,5.746,,,,-0.11656521157425015,,,,4.235090751944682,4.235090751944682,0.0
2025-05-21,0.04455475382734342,,,,5.748000000000001,,,,-0.07908004244010192,,,,4.663212435233163,4.663212435233163,0.0
2025-05-22,0.030222078591363832,,,,5.741,,,,-0.04096498242220292,,,,5.780845556514237,5.780845556514237,5.0
2025-05-23,0.030976594729215767,,,,5.741000000000001,,,,-0.04148404479331447,,,,5.948275862068968,5.948275862068968,5.0
2025-05-26,0.050577876013252476,,,,5.741,,,,-0.04198229065933168,,,,6.287683031869079,6.287683031869079,5.0
2025-05-27,0.047530347605447165,,,,5.743,,,,-0.05228130821958832,,,,5.938037865748711,5.938037865748711,5.0
2025-05-28,0.06196340094345376,,,,5.748,,,,-0.04724435659988613,,,,6.9647463456577725,6.9647463456577725,5.0
2025-05-29,0.0811113400563841,,,,5.748000000000001,,,,-0.049302904754273236,,,,6.958762886597938,6.958762886597938,5.0
2025-05-30,0.07004080925339817,,,,5.752000000000001,,,,-0.02187083553368474,,,,5.150214592274679,5.150214592274679,5.0
2025-06-02,0.06955328598978872,,,,5.754999999999999,,,,0.012990302093082828,,,,5.145797598627794,5.145797598627794,5.0
2025-06-04,0.0990433242343598,,,,5.757000000000001,,,,0.04414774756528006,,,,8.311910882604963,8.311910882604963,5.0
2025-06-05,0.11768438260033687,,,,5.7589999999999995,,,,0.06076687192316932,,,,8.476027397260282,8.476027397260282,5.0
2025-06-09,0.13546370465171598,,,,5.763000000000001,,,,0.009250948242198298,,,,15.996578272027378,15.996578272027378,15.0
2025-06-10,0.1393588109427717,,,,5.763,,,,-0.06537933492264747,,,,16.23931623931624,16.23931623931624,15.0
2025-06-11,0.1524073929096923,,,,5.7669999999999995,,,,-0.0270528316374663,,,,17.84799316823228,17.84799316823228,15.0
2025-06-12,0.15308092407058638,,,,5.775,,,,-0.058920646885676664,,,,21.331058020477812,21.331058020477812,20.0
2025-06-13,0.14177435449213482,,,,5.776999999999999,,,,0.014834820137132443,,,,34.44160272804774,34.44160272804774,30.0
2025-06-16,0.16014907927442068,,,,5.7829999999999995,,,,-0.00022664836855890158,,,,34.15672913117547,34.15672913117547,30.0
2025-06-17,0.16120149534590866,,,,5.783999999999999,,,,0.008876685640662796,,,,42.12765957446809,42.12765957446809,40.0
2025-06-18,0.16990302880696295,,,,5.789,,,,-0.03452565969643118,,,,38.435374149659864,38.435374149659864,35.0
2025-06-19,0.16881795443012115,,,,5.7909999999999995,,,,0.00469444524464846,,,,36.108751062022094,36.108751062022094,35.0
2025-06-20,0.18412521975204532,,,,5.793999999999999,,,,-0.03051672350303347,,,,33.955857385398986,33.955857385398986,30.0
2025-06-23,0.1789866966257745,,,,5.798,,,,0.002757895149654299,,,,29.770992366412216,29.770992366412216,25.0
2025-06-24,0.215661406405246,,,,5.802,,,,-0.06755142288104876,,,,21.355932203389827,21.355932203389827,20.0
2025-06-25,0.21822922305137915,,,,5.803000000000001,,,,-0.06314373674526497,,,,16.850127011007615,16.850127011007615,15.0
2025-06-26,0.20464091928076988,,,,5.804,,,,-0.05428399213746493,,,,19.120135363790197,19.120135363790197,15.0
2025-06-27,0.1936995616237276,,,,5.811,,,,-0.007827941083951462,,,,19.357565511411664,19.357565511411664,15.0
2025-06-30,0.1967865847209438,,,,5.813,,,,-0.02169100434325255,,,,19.256756756756758,19.256756756756758,15.0
2025-07-01,0.19897901576456056,,,,5.816000000000001,,,,-0.03926214662661298,,,,25.569620253164558,25.569620253164558,25.0
2025-07-02,0.19107042349375014,,,,5.818,,,,0.0013384672225318361,,,,27.234401349072513,27.234401349072513,25.0
2025-07-03,0.20706148460476137,,,,5.821999999999999,,,,-0.0942576068726182,,,,27.04296545914069,27.04296545914069,25.0
2025-07-04,0.18112669768719614,,,,5.824,,,,-0.03679357146941209,,,,25.505050505050505,25.505050505050505,25.0
2025-07-07,0.17945541840140056,,,,5.824000000000001,,,,0.001512861240562824,,,,31.539108494533224,31.539108494533224,30.0
2025-07-08,0.2000703825524206,,,,5.824,,,,0.001542468414545528,,,,30.924369747899163,30.924369747899163,30.0
2025-07-09,0.19950084938826085,,,,5.824,,,,-0.020444573715155734,,,,30.8144416456759,30.8144416456759,30.0
2025-07-10,0.21463545853239885,,,,5.829,,,,-0.08836880241592526,,,,38.33892617449665,38.33892617449665,35.0
2025-07-11,0.21078517779679018,,,,5.827999999999999,,,,-0.11408714708988743,,,,37.7200335289187,37.7200335289187,35.0
2025-07-14,0.2204985280306313,,,,5.827,,,,-0.10180228648163903,,,,37.77219430485762,37.77219430485762,35.0
2025-07-15,0.2240899367971152,,,,5.829000000000001,,,,-0.08049879872336207,,,,37.65690376569037,37.65690376569037,35.0
2025-07-16,0.21127330344199846,,,,5.829,,,,-0.09086877278835193,,,,44.397993311036785,44.397993311036785,40.0
2025-07-17,0.2100045883966044,,,,5.827999999999999,,,,-0.07390393756665636,,,,47.11779448621554,47.11779448621554,45.0
2025-07-18,0.20587979266587886,,,,5.828999999999999,,,,-0.050663203172971905,,,,50.0,50.0,50.0
2025-07-21,0.2127290108801796,,,,5.828999999999999,,,,-0.11412738129039335,,,,61.63469557964971,61.63469557964971,60.0
2025-07-22,0.19197194849054933,,,,5.829000000000001,,,,-0.02233290623767603,,,,90.75,90.75,90.0
2025-07-23,0.19487631346370327,,,,5.829,,,,-0.02679086409161968,,,,99.41715237302247,99.41715237302247,95.0
2025-07-24,0.19234922326362813,,,,5.828,,,,-0.020987355304906252,,,,99.25124792013311,99.25124792013311,95.0
2025-07-25,0.19189887270128247,,,,5.8260000000000005,,,,-0.010828122012815022,,,,95.17871986699917,95.17871986699917,95.0
2025-07-28,0.19643181335299298,,,,5.83,,,,-0.032277666584775044,,,,92.52491694352159,92.52491694352159,90.0
2025-07-29,0.20056220159484361,,,,5.829000000000001,,,,-0.039965138490987595,,,,78.92116182572614,78.92116182572614,75.0
2025-07-30,0.2088061532386143,,,,5.829000000000001,,,,-0.08843873332280783,,,,76.45107794361526,76.45107794361526,75.0
2025-07-31,0.20272754255944392,,,,5.83,,,,-0.030097530272761297,,,,47.63877381938691,47.63877381938691,45.0
2025-08-01,0.15157549498148293,,,,5.83,,,,-0.008149674515110839,,,,45.943708609271525,45.943708609271525,45.0
2025-08-04,0.1603925322284212,,,,5.829000000000001,,,,-0.08909891122236013,,,,25.06203473945409,25.06203473945409,25.0
2025-08-05,0.1752986962019798,,,,5.8309999999999995,,,,-0.07553270583223304,,,,20.578512396694208,20.578512396694208,20.0
2025-08-06,0.17114181268866413,,,,5.832,,,,-0.06831264866960574,,,,20.561519405450042,20.561519405450042,20.0
2025-08-07,0.18119726056655372,,,,5.834,,,,-0.04104628244995423,,,,17.65676567656766,17.65676567656766,15.0
2025-08-08,0.17362693202922053,,,,5.832999999999999,,,,-0.051535856063036345,,,,17.47732893652102,17.47732893652102,15.0
2025-08-11,0.1706192164726703,,,,5.833000000000001,,,,-0.055848045063838114,,,,17.62767710049424,17.62767710049424,15.0
2025-08-12,0.16369142558144412,,,,5.835000000000001,,,,-0.024728583743770294,,,,17.942386831275726,17.942386831275726,15.0
2025-08-13,0.17541196989705687,,,,5.837999999999999,,,,-0.05527086106191481,,,,16.44736842105263,16.44736842105263,15.0
2025-08-14,0.1719647624017746,,,,5.840000000000001,,,,-0.08635682147890211,,,,17.337715694330328,17.337715694330328,15.0
2025-08-18,0.14997675342316308,,,,5.842,,,,-0.04355962957079473,,,,17.32348111658456,17.32348111658456,15.0
2025-08-19,0.13987347933955907,,,,5.8420000000000005,,,,0.007472232692502967,,,,17.391304347826093,17.391304347826093,15.0
2025-08-20,0.13123211005254842,,,,5.843,,,,-0.011691235567815816,,,,19.01639344262294,19.01639344262294,15.0
2025-08-21,0.13138419942431945,,,,5.843,,,,-0.006821741521925606,,,,17.03521703521703,17.03521703521703,15.0
2025-08-22,0.14048812146355538,,,,5.843,,,,-0.0074357643420013275,,,,17.02127659574468,17.02127659574468,15.0
2025-08-25,0.1528275986964327,,,,5.842999999999999,,,,-0.05819352680454104,,,,19.460343417825015,19.460343417825015,15.0
2025-08-26,0.13904829770623173,,,,5.842999999999999,,,,-0.03282030689632709,,,,13.807189542483655,13.807189542483655,10.0
2025-08-27,0.13949124844452343,,,,5.843,,,,-0.045230675653704644,,,,15.59183673469387,15.59183673469387,15.0
2025-08-28,0.1414256546788908,,,,5.841000000000001,,,,-0.019642861212223472,,,,15.905383360522023,15.905383360522023,15.0
2025-08-29,0.13501878644504894,,,,5.84,,,,-0.014476403538537852,,,,29.502852485737577,29.502852485737577,25.0
2025-09-01,0.11529093831447623,,,,5.839,,,,-0.04918448745669046,,,,30.37459283387622,30.37459283387622,30.0
2025-09-02,0.12576204216994413,,,,5.841000000000001,,,,0.02112132768880537,,,,58.014646053702194,58.014646053702194,55.0
2025-09-03,0.12931044074097175,,,,5.8420000000000005,,,,0.0520426645295653,,,,65.1219512195122,65.1219512195122,65.0
2025-09-04,0.132163779935351,,,,5.8420000000000005,,,,0.03819930017568218,,,,64.17546709991876,64.17546709991876,60.0
2025-09-05,0.13138422086242607,,,,5.845999999999999,,,,0.05773595518824104,,,,71.26623376623377,71.26623376623377,70.0
2025-09-08,0.13429842996507335,,,,5.845999999999999,,,,0.035821445637856275,,,,70.64071370640714,70.64071370640714,70.0
2025-09-09,0.1486143745882187,,,,5.848000000000001,,,,-0.013272344823752391,,,,69.93517017828201,69.93517017828201,65.0
2025-09-10,0.1686412258712786,,,,5.847,,,,-0.04278994793029023,,,,64.45344129554655,64.45344129554655,60.0
2025-09-11,0.17613460202506537,,,,5.847000000000001,,,,-0.03534708606600567,,,,67.96116504854368,67.96116504854368,65.0
2025-09-12,0.19576991933449928,,,,5.848000000000001,,,,-0.031216612305100533,,,,66.93613581244948,66.93613581244948,65.0
2025-09-15,0.1976392086431069,,,,5.847,,,,-0.06238472267946493,,,,66.8820678513732,66.8820678513732,65.0
2025-09-16,0.21564995122488972,,,,5.851000000000001,,,,-0.13091642122374747,,,,66.42453591606133,66.42453591606133,65.0
2025-09-17,0.19764954064668516,,,,5.852,,,,-0.1203765974070885,,,,66.12903225806451,66.12903225806451,65.0
2025-09-18,0.21595833397285347,,,,5.850999999999999,,,,-0.1483303683142676,,,,65.75342465753425,65.75342465753425,65.0
2025-09-19,0.2081325818332218,,,,5.846,,,,-0.11473445061406506,,,,66.34460547504025,66.34460547504025,65.0
2025-09-22,0.21744916286211136,,,,5.845999999999999,,,,-0.07242619733363354,,,,70.47465808527755,70.47465808527755,70.0
2025-09-23,0.22252777941388535,,,,5.845999999999999,,,,-0.07657712803290151,,,,91.39871382636656,91.39871382636656,90.0
2025-09-24,0.21641372297196004,,,,5.8469999999999995,,,,-0.02309239482769776,,,,95.02008032128514,95.02008032128514,95.0
2025-09-25,0.21393210042304633,,,,5.845000000000001,,,,0.004887933355659513,,,,90.93097913322632,90.93097913322632,90.0
2025-09-26,0.17930185773491814,,,,5.845000000000001,,,,0.05153184309505798,,,,90.53728949478749,90.53728949478749,90.0
2025-09-29,0.19423470267823006,,,,5.847000000000001,,,,0.012374162032911862,,,,79.96794871794872,79.96794871794872,75.0
2025-09-30,0.18786196173462177,,,,5.846,,,,0.030202990640683325,,,,79.26341072858287,79.26341072858287,75.0
2025-10-01,0.19785386327798893,,,,5.847000000000001,,,,0.013172561996598109,,,,85.2,85.2,85.0
2025-10-02,0.22907599072875984,,,,5.8469999999999995,,,,-0.023174416649452745,,,,86.25099920063948,86.25099920063948,85.0
2025-10-10,0.2584887232737776,,,,5.8469999999999995,,,,-0.02703748015645857,,,,48.642172523961655,48.642172523961655,45.0
2025-10-13,0.24155818607574697,,,,5.847,,,,-0.037339977975525684,,,,30.00798084596967,30.00798084596967,30.0
2025-10-14,0.22469882499502614,,,,5.849,,,,-0.010689079027235149,,,,30.38277511961722,30.38277511961722,30.0
2025-10-15,0.2534112524439738,,,,5.8500000000000005,,,,-0.036129888298453317,,,,32.98804780876495,32.98804780876495,30.0
2025-10-16,0.281998757430435,,,,5.846,,,,0.004747103633735428,,,,33.121019108280265,33.121019108280265,30.0
2025-10-17,0.2795022320432863,,,,5.847999999999999,,,,-0.0031467893217711485,,,,33.73110580747813,33.73110580747813,30.0
2025-10-20,0.29798001254332473,,,,5.847000000000001,,,,-0.01550554047121322,,,,32.909379968203496,32.909379968203496,30.0
2025-10-21,0.2927150454952232,,,,5.848,,,,0.05898823898695982,,,,33.518665607625096,33.518665607625096,30.0
2025-10-22,0.3049621414510755,,,,5.850999999999999,,,,0.003953873890926829,,,,34.12698412698413,34.12698412698413,30.0
2025-10-23,0.28474145742860646,,,,5.848,,,,0.08120611602138172,,,,35.15873015873015,35.15873015873015,35.0
2025-10-24,0.3117894046740448,,,,5.851000000000001,,,,8.872877248844446e-05,,,,34.04761904761905,34.04761904761905,30.0
2025-10-27,0.3431043986413822,,,,5.852,,,,-0.006828981891410901,,,,34.28571428571429,34.28571428571429,30.0
2025-10-28,0.3226481348890706,,,,5.850999999999999,,,,0.02292790082244167,,,,35.95238095238096,35.95238095238096,35.0
2025-10-29,0.34483775822315654,,,,5.8500000000000005,,,,0.014316293107941025,,,,35.95238095238096,35.95238095238096,35.0
2025-10-30,0.3474244495004779,,,,5.85,,,,0.02436255181371605,,,,36.111111111111114,36.111111111111114,35.0
2025-10-31,0.3511577528091565,,,,5.85,5.555555555555557,,,-0.05956423894863194,,,,30.0,21.85185185185185,20.0
2025-11-03,0.38999262853516137,,,,5.85,5.533596837944671,,,-0.05353382562890108,,-411889959972.0,19.444444444444446,37.38095238095238,23.836878097747665,20.0
2025-11-04,0.34422685127437536,,,,5.851999999999999,2.7559055118110223,,,-0.05809673880198929,,-1999900749393.0,0.7905138339920948,38.888888888888886,16.422942191514597,15.0
2025-11-05,0.300581199236158,,,,5.847999999999999,9.411764705882348,,,0.005939296559916318,,-2667841859783.0,0.39370078740157477,38.49206349206349,17.436658652962496,15.0
2025-11-06,0.30193420538812665,,,,5.848999999999999,7.421875,,,0.1115502623057889,,-1810642360923.0,2.3529411764705883,35.39682539682539,16.584281629318394,15.0
2025-11-07,0.2729987559755518,,,,5.849,7.003891050583661,,,0.2071287107977886,,-396957470913.0,21.484375,68.57142857142857,37.423099638688164,35.0
2025-11-10,0.30695432095714015,,,,5.854,1.937984496124031,,,0.1744320960577661,,-165785446653.0,38.13229571984436,94.28571428571429,53.354800901448264,50.0
2025-11-11,0.3150773398745581,,,,5.856,1.9305019305019329,,,0.14091248579291182,,93646429306.0,60.85271317829457,94.28571428571429,62.44147137170393,60.0
2025-11-12,0.3212473270148499,,,,5.852,2.6923076923076934,,,0.2639238279186773,,-173625518519.0,37.06563706563706,89.36507936507937,51.11074811074811,50.0
2025-11-13,0.3198271877270713,,,,5.850999999999999,4.980842911877389,,,0.24751831488340725,,920527931766.0,96.53846153846153,88.96825396825398,75.19885478506168,75.0
2025-11-14,0.2583993797765931,,,,5.853999999999999,2.6717557251908346,,,0.3192690284403512,,-2676989145095.0,0.38314176245210724,87.77777777777777,35.79871896113012,35.0
2025-11-17,0.28277191383296385,,,,5.850999999999999,5.323193916349808,,,0.27055447780261455,,476196071181.0,85.1145038167939,80.55555555555556,67.33266253220975,65.0
2025-11-18,0.23328696141851957,,,,5.855999999999999,2.2727272727272663,,,0.233212655055127,,-724578852280.0,9.885931558935361,79.2063492063492,36.09145776065928,35.0
2025-11-19,0.2205110519565896,,,,5.855,2.64150943396227,,,0.2786109860442729,,-1111563094310.0,4.924242424242424,79.2063492063492,34.18053853902911,30.0
2025-11-20,0.2412238740194288,,,,5.851000000000001,5.26315789473685,,,0.25241542286394214,,931700860753.0,96.60377358490567,78.57142857142857,71.12271244148107,70.0
2025-11-21,0.1847451758621741,,,,5.855,2.6217228464419406,,,0.29870087577793036,,-2949961634792.0,0.37593984962406013,80.55555555555556,32.896942731360234,30.0
2025-11-24,0.18176379880388827,,,,5.851,6.71641791044776,,,0.32897820929673927,,-838522695612.0,8.614232209737828,80.39682539682539,36.94770662471484,35.0
2025-11-25,0.18594664333243727,,,,5.85,9.665427509293679,,,0.29597309692664986,,115673233921.0,61.940298507462686,80.55555555555556,58.93142712706603,55.0
2025-11-26,0.21353978645413907,,,,5.851000000000001,5.555555555555557,,,0.239470830452869,,725396417704.0,92.19330855018588,79.12698412698413,69.63922818197912,65.0
2025-11-27,0.21773128810273779,,,,5.85,9.963099630996311,,,0.301816336106274,,67754364577.0,59.62962962962963,79.04761904761905,57.463519397098736,55.0
2025-11-28,0.19331598300718045,,,,5.8500000000000005,9.191176470588232,,,0.3199319486286156,,-1548413472747.0,4.059040590405904,90.63492063492063,39.71581978424826,35.0
2025-12-01,0.1891806117105912,,,,5.8469999999999995,18.31501831501832,,,0.38221919835925133,0.0,73511218265.0,59.92647058823529,91.03174603174602,45.74735022214014,45.0
2025-12-02,0.21021409400119562,,,,5.851,6.9343065693430646,,,0.3212680934812071,0.7905138339920939,1089433064108.0,97.06959706959707,91.58730158730158,55.11844736444637,55.0
2025-12-03,0.21666310272772638,,,,5.851000000000001,5.454545454545453,,,0.2645120790814719,3.937007874015748,263930965242.0,72.26277372262774,91.82539682539682,48.78641461408945,45.0
2025-12-04,0.21011166118181834,,,,5.850999999999999,7.971014492753625,,,0.18859254098970446,6.666666666666671,-617913008273.0,14.545454545454545,96.26984126984127,34.70499135095409,30.0
2025-12-05,0.22919733610772708,,,,5.850000000000001,10.108303249097474,,,0.059899438451834985,12.890625,863314765975.0,94.20289855072464,96.26984126984127,59.54786184146134,55.0
2025-12-08,0.24241732569591545,,,,5.845999999999999,21.94244604316546,,,0.1451942591582922,7.782101167315176,704114877441.0,90.97472924187726,97.3015873015873,59.15132592353214,55.0
2025-12-09,0.2310154700749083,,,,5.8420000000000005,26.88172043010752,,,0.24554603846733425,5.426356589147289,-147038074831.0,41.007194244604314,96.66666666666667,44.72602220442059,40.0
2025-12-10,0.22637235070730455,,,,5.839,30.35714285714286,,,0.17406440678989865,7.722007722007717,471162872854.0,83.87096774193549,98.17460317460318,58.55604287631938,55.0
2025-12-11,0.2112820264420927,,,,5.838,31.316725978647682,,,0.1835278519577197,7.307692307692307,417058845171.0,81.42857142857143,97.53968253968254,57.695516932934325,55.0
2025-12-12,0.22347245843693853,,,,5.8389999999999995,31.205673758865245,,,0.10643520896810621,11.494252873563212,237818126490.0,69.3950177935943,98.01587301587301,55.57370873213233,55.0
2025-12-15,0.19179005210360311,,,,5.843999999999999,24.02826855123675,,,0.08975280597501323,12.595419847328245,-975347203732.0,6.73758865248227,99.92063492063492,37.505079341732525,35.0
2025-12-16,0.16165701046517422,,,,5.8420000000000005,26.76056338028168,,,0.1179299269972689,10.646387832699617,-1382835511922.0,4.946996466431095,99.92063492063492,36.826943117116144,35.0
2025-12-17,0.1811517374246594,,,,5.84,30.175438596491233,,,0.09152066377737977,12.878787878787875,-254123979462.0,31.338028169014088,99.84126984126983,45.470230053519266,45.0
2025-12-18,0.16357209082498358,,,,5.837999999999999,32.51748251748252,,,0.05643328619542043,16.603773584905653,-436036940090.0,20.0,99.92063492063492,43.65232850408053,40.0
2025-12-19,0.16598411603059948,,,,5.834,35.191637630662015,,,0.08741018787853516,13.53383458646617,-650513734597.0,14.335664335664337,99.84126984126983,41.516167879637536,40.0
2025-12-22,0.19190971618832386,,,,5.836,33.33333333333334,,,0.02034405838945519,23.595505617977537,1068532683964.0,96.86411149825784,99.76190476190476,67.68233958423052,65.0
2025-12-23,0.19229841787155477,,,,5.834,35.294117647058826,,,-0.009907969423050389,37.31343283582089,805401329821.0,93.05555555555556,99.52380952380952,70.7256733539187,70.0
2025-12-24,0.18819479324950938,,,,5.833,36.55172413793103,,,0.0005506432090069957,31.226765799256512,486706185824.0,84.42906574394463,99.2063492063492,66.61086937671884,65.0
2025-12-26,0.19681196292738656,,,,5.8340000000000005,35.05154639175258,,,-0.1013392655214318,77.77777777777777,1876198748081.0,99.6551724137931,81.03174603174602,78.85441983405521,75.0
2025-12-29,0.22469626950184596,,,,5.8359999999999985,33.9041095890411,,,-0.14120361727998398,85.60885608856088,419090736835.0,80.75601374570446,62.38095238095238,70.1993934313538,70.0
2025-12-30,0.22146416379996103,,,,5.835999999999999,33.44709897610922,,,-0.18275450024984696,88.97058823529412,-803470311774.0,9.58904109589041,58.80952380952381,49.74077217964656,45.0
2025-12-31,,,,,5.835999999999999,33.33333333333334,,,,,,,59.76190476190476,50.95238095238095,50.0
2026-01-02,0.2538920333007304,,,,5.844000000000001,23.05084745762713,,,-0.18532351101064393,89.01098901098901,735306151822.0,91.46757679180887,60.63492063492063,72.18254576186632,70.0
2026-01-05,0.29839947457191274,,,,5.851,6.756756756756758,,,-0.2360106539250908,92.33576642335767,2060666875152.0,99.65986394557824,61.42857142857142,73.37216576453878,70.0
2026-01-06,0.314677046976783,,,,5.853000000000001,3.7037037037037095,,,-0.2232084861460999,91.27272727272727,-953334390841.0,7.457627118644068,59.04761904761905,45.60852151166922,45.0
2026-01-07,0.3195793741450774,,,,5.8629999999999995,0.0,,,-0.21858109888922472,90.21739130434783,1512113361450.0,97.97297297297297,58.095238095238095,70.36731496358827,70.0
2026-01-08,0.3137357043370326,,,,5.863,0.0,,,-0.25183843028182196,92.7797833935018,-189321313905.0,36.7003367003367,58.33333333333333,53.66098669347767,50.0
2026-01-09,0.31646923601010357,,,,5.8580000000000005,2.3333333333333286,,,-0.27375220564710157,94.96402877697842,-1776793749106.0,3.691275167785235,58.41269841269841,45.20990543546536,45.0
2026-01-12,0.3203148191259353,,,,5.848000000000001,14.950166112956808,,,-0.254036942937665,92.47311827956989,-358638339244.0,25.75250836120401,63.65079365079365,54.10042952801314,50.0
2026-01-13,0.33031614429350253,,,,5.8469999999999995,19.867549668874176,,,-0.2578324435390238,92.85714285714286,-460326572679.0,19.666666666666664,54.285714285714285,50.49808532684598,50.0
2026-01-14,0.33481493846646404,,0.7886192859344484,,5.849,13.861386138613867,,,-0.25091981909236294,91.45907473309609,-639197122958.0,14.950166112956811,52.6984126984127,47.43952760393501,45.0
2026-01-15,0.3498659263826358,,0.7173525416967862,,5.837,34.210526315789465,,,-0.10242715753053133,75.177304964539,659778438914.0,89.0728476821192,51.58730158730159,66.55506211195845,65.0
2026-01-16,0.3601175186008576,,0.7642679938622052,,5.837999999999999,33.44262295081967,,,-0.1460396416720946,83.74558303886926,351048214847.0,74.91749174917491,45.55555555555556,63.12569766257417,60.0
2026-01-19,0.37219167355107285,,0.6114758637507834,,5.836,34.967320261437905,,,-0.08660461791048801,70.42253521126761,779661910137.0,91.77631578947368,46.904761904761905,64.73922086749207,60.0
2026-01-20,0.35587802058344087,,0.7610057521699524,,5.834,38.436482084690546,34.56,,-0.001146317707741762,30.526315789473685,147220714721.0,61.63934426229508,45.31746031746032,44.77181754616411,40.0
2026-01-21,0.36233208753011303,,0.6662673643329974,,5.837999999999999,33.116883116883116,35.58,,-0.10137322686599415,74.47552447552448,178215715883.0,62.745098039215684,38.41269841269841,54.9119321388229,50.0
2026-01-22,0.3702739303364342,,0.6161343261842462,,5.839,31.3915857605178,36.36,,-0.104716607764201,75.26132404181185,-159882817863.0,39.73941368078176,37.93650793650794,48.18086815410299,45.0
2026-01-23,0.3736377888890836,,0.7437390152675112,,5.837,34.516129032258064,34.09,,-0.044329024391934535,54.16666666666667,249061276925.0,69.15584415584416,40.23809523809524,51.66247730763861,50.0
2026-01-26,0.3539711195951911,,0.8067295273060306,,5.841999999999999,29.260450160771697,34.35,,-0.05204625878982583,57.09342560553633,290885287849.0,72.81553398058253,56.26984126984127,57.37400741038457,55.0
2026-01-27,0.39454052348019,,0.5452884948144491,,5.847,18.58974358974359,34.81,,-0.09730057887291155,73.44827586206897,731552561972.0,90.64516129032259,42.46031746031746,61.671036116451674,60.0
2026-01-28,0.41302091923536555,,0.6318702398422729,,5.85,11.821086261980824,38.68,,-0.09726449884977306,73.19587628865979,887427649530.0,94.53376205787781,29.682539682539684,58.09220604573363,55.0
2026-01-29,0.41873829377368854,,0.7800744949271997,,5.843,25.477707006369428,38.92,,-0.07979979617808386,67.8082191780822,-1273339702822.0,5.128205128205128,13.333333333333329,28.288174612230108,25.0
2026-01-30,0.4169262732919441,,0.7708889382620621,,5.833,41.269841269841265,39.58,,-0.004900677701955569,31.05802047781569,-2138727262389.0,1.5974440894568689,13.492063492063494,19.080699626930482,15.0
2026-02-02,0.33203668493588556,,1.1759827704774855,,5.831,42.72151898734177,47.37,,0.10722608368889919,10.544217687074834,-2106009083433.0,1.910828025477707,13.095238095238088,13.403155228989005,10.0
2026-02-03,0.4242271127941686,,0.2963348227836789,,5.827999999999999,47.63406940063092,50.14,,0.07370215214515108,13.559322033898297,614148148223.0,86.66666666666667,11.984126984126988,38.864900110002125,35.0
2026-02-04,0.43664517994072694,,0.5588539379735142,,5.824999999999999,49.056603773584904,50.7,,0.12849093741265216,8.78378378378379,-936361455112.0,8.544303797468354,11.984126984126988,15.383004700620454,15.0
2026-02-05,0.36918641584746426,,1.3402647234807552,,5.824999999999999,48.90282131661442,52.21,,0.17125599601917552,7.407407407407405,-5286402440614.0,0.31545741324921134,11.984126984126988,12.61668641802595,10.0
2026-02-06,0.3468770240963699,,0.6797805201151415,,5.816,52.8125,51.48,,0.17812569614066875,6.711409395973149,-3250441989275.0,0.628930817610063,11.746031746031747,12.99789198846142,10.0
2026-02-09,0.3989560155932701,,0.5027038250160116,,5.813,54.82866043613707,47.16,,0.1380389619259761,9.030100334448164,663695853816.0,88.71473354231975,11.507936507936506,39.04774302936371,35.0
2026-02-10,0.3916516585886849,,0.7637456180030137,,5.82,51.24223602484472,42.0,,0.08386856682709976,14.0,-48143419776.0,51.24999999999999,11.904761904761912,29.364537119195507,25.0
2026-02-11,0.3988441069601869,,0.6544605795472547,,5.821999999999999,50.46439628482972,38.88,,0.06407829842978918,15.614617940199338,865183254239.0,93.45794392523365,11.587301587301596,41.6834461700427,40.0
2026-02-12,0.43984818481196175,,0.6327434406718162,,5.826,48.14814814814815,40.51,,-0.09484758513341962,73.17880794701986,2888842528346.0,99.68944099378882,11.507936507936506,59.5572170065198,55.0
2026-02-13,0.4291772736338575,,0.8635032591712849,,5.829000000000001,43.07692307692308,41.57,,-0.08299788508103889,69.3069306930693,-1163442729371.0,6.5015479876160995,11.746031746031747,31.16942056147963,30.0
