date,usdkrw
2020-08-24,1398.77
2020-08-25,1403.31
2020-08-26,1403.81
2020-08-27,1405.11
2020-08-28,1401.56
2020-08-31,1411.22
2020-09-01,1412.56
2020-09-02,1411.87
2020-09-03,1406.06
2020-09-04,1407.13
2020-09-07,1409.61
2020-09-08,1403.09
2020-09-09,1397.15
2020-09-10,1404.62
2020-09-11,1401.8
2020-09-14,1407.6
2020-09-15,1405.23
2020-09-16,1398.72
2020-09-17,1391.16
2020-09-18,1393.26
2020-09-21,1378.46
2020-09-22,1365.5
2020-09-23,1362.64
2020-09-24,1357.87
2020-09-25,1366.09
2020-09-28,1361.58
2020-09-29,1369.42
2020-10-05,1370.19
2020-10-06,1371.01
2020-10-07,1361.14
2020-10-08,1367.86
2020-10-12,1366.45
2020-10-13,1356.54
2020-10-14,1349.92
2020-10-15,1345.57
2020-10-16,1340.04
2020-10-19,1341.9
2020-10-20,1344.2
2020-10-21,1348.32
2020-10-22,1344.4
2020-10-23,1340.68
2020-10-26,1343.99
2020-10-27,1333.47
2020-10-28,1328.26
2020-10-29,1326.36
2020-10-30,1323.07
2020-11-02,1316.07
2020-11-03,1320.96
2020-11-04,1331.79
2020-11-05,1332.43
2020-11-06,1337.18
2020-11-09,1336.97
2020-11-10,1318.25
2020-11-11,1318.88
2020-11-12,1310.35
2020-11-13,1314.41
2020-11-16,1320.56
2020-11-17,1313.92
2020-11-18,1312.83
2020-11-19,1310.82
2020-11-20,1320.24
2020-11-23,1321.33
2020-11-24,1317.37
2020-11-25,1321.49
2020-11-26,1319.39
2020-11-27,1317.12
2020-11-30,1321.58
2020-12-01,1318.31
2020-12-02,1336.38
2020-12-03,1336.54
2020-12-04,1333.81
2020-12-07,1318.15
2020-12-08,1311.31
2020-12-09,1313.15
2020-12-10,1308.83
2020-12-11,1318.81
2020-12-14,1321.97
2020-12-15,1324.94
2020-12-16,1328.73
2020-12-17,1332.16
2020-12-18,1340.32
2020-12-21,1343.01
2020-12-22,1348.36
2020-12-23,1346.46
2020-12-24,1351.53
2020-12-28,1345.91
2020-12-29,1341.56
2020-12-30,1340.1
2020-12-31,1338.24
2021-01-04,1331.39
2021-01-05,1326.58
2021-01-06,1335.52
2021-01-07,1339.97
2021-01-08,1334.66
2021-01-11,1335.5
2021-01-12,1334.16
2021-01-13,1342.48
2021-01-14,1331.19
2021-01-15,1337.41
2021-01-18,1326.32
2021-01-19,1333.62
2021-01-20,1337.34
2021-01-21,1332.65
2021-01-22,1337.67
2021-01-25,1341.28
2021-01-26,1339.62
2021-01-27,1341.41
2021-01-28,1336.39
2021-01-29,1351.12
2021-02-01,1354.27
2021-02-02,1348.59
2021-02-03,1344.78
2021-02-04,1341.2
2021-02-05,1336.24
2021-02-08,1354.14
2021-02-09,1348.35
2021-02-10,1352.26
2021-02-15,1345.77
2021-02-16,1337.95
2021-02-17,1329.54
2021-02-18,1333.95
2021-02-19,1337.29
2021-02-22,1342.25
2021-02-23,1345.89
2021-02-24,1349.68
2021-02-25,1350.78
2021-02-26,1349.86
2021-03-02,1351.66
2021-03-03,1355.32
2021-03-04,1354.5
2021-03-05,1347.5
2021-03-08,1346.98
2021-03-09,1340.65
2021-03-10,1358.02
2021-03-11,1360.57
2021-03-12,1362.94
2021-03-15,1351.41
2021-03-16,1354.67
2021-03-17,1348.13
2021-03-18,1356.12
2021-03-19,1339.06
2021-03-22,1345.65
2021-03-23,1350.21
2021-03-24,1336.29
2021-03-25,1339.12
2021-03-26,1335.35
2021-03-29,1334.28
2021-03-30,1331.56
2021-03-31,1328.29
2021-04-01,1327.97
2021-04-02,1330.15
2021-04-05,1326.22
2021-04-06,1332.5
2021-04-07,1333.16
2021-04-08,1325.17
2021-04-09,1332.69
2021-04-12,1329.47
2021-04-13,1339.27
2021-04-14,1346.08
2021-04-15,1341.7
2021-04-16,1337.43
2021-04-19,1338.18
2021-04-20,1346.31
2021-04-21,1339.64
2021-04-22,1344.96
2021-04-23,1341.4
2021-04-26,1353.14
2021-04-27,1345.93
2021-04-28,1342.96
2021-04-29,1349.69
2021-04-30,1342.33
2021-05-03,1334.63
2021-05-04,1349.76
2021-05-06,1345.99
2021-05-07,1357.63
2021-05-10,1364.8
2021-05-11,1353.07
2021-05-12,1359.2
2021-05-13,1356.68
2021-05-14,1365.6
2021-05-17,1371.95
2021-05-18,1376.99
2021-05-20,1379.66
2021-05-21,1384.28
2021-05-24,1372.9
2021-05-25,1377.42
2021-05-26,1375.6
2021-05-27,1364.08
2021-05-28,1363.12
2021-05-31,1360.91
2021-06-01,1361.75
2021-06-02,1352.15
2021-06-03,1355.73
2021-06-04,1348.61
2021-06-07,1359.33
2021-06-08,1354.61
2021-06-09,1355.6
2021-06-10,1358.77
2021-06-11,1357.46
2021-06-14,1345.72
2021-06-15,1353.19
2021-06-16,1355.5
2021-06-17,1340.51
2021-06-18,1345.52
2021-06-21,1343.98
2021-06-22,1352.43
2021-06-23,1352.31
2021-06-24,1354.83
2021-06-25,1355.12
2021-06-28,1347.67
2021-06-29,1347.46
2021-06-30,1344.42
2021-07-01,1339.47
2021-07-02,1341.15
2021-07-05,1345.63
2021-07-06,1340.99
2021-07-07,1337.9
2021-07-08,1341.97
2021-07-09,1354.24
2021-07-12,1363.61
2021-07-13,1360.03
2021-07-14,1348.76
2021-07-15,1361.61
2021-07-16,1351.11
2021-07-19,1347.81
2021-07-20,1351.24
2021-07-21,1355.99
2021-07-22,1356.73
2021-07-23,1355.13
2021-07-26,1353.42
2021-07-27,1361.06
2021-07-28,1359.36
2021-07-29,1367.92
2021-07-30,1364.6
2021-08-02,1361.57
2021-08-03,1367.23
2021-08-04,1365.77
2021-08-05,1356.34
2021-08-06,1353.22
2021-08-09,1341.92
2021-08-10,1343.71
2021-08-11,1346.04
2021-08-12,1355.97
2021-08-13,1360.32
2021-08-17,1375.67
2021-08-18,1375.46
2021-08-19,1373.76
2021-08-20,1371.52
2021-08-23,1376.03
2021-08-24,1379.04
2021-08-25,1373.16
2021-08-26,1373.09
2021-08-27,1373.39
2021-08-30,1381.31
2021-08-31,1373.7
2021-09-01,1373.27
2021-09-02,1370.77
2021-09-03,1377.09
2021-09-06,1374.03
2021-09-07,1373.89
2021-09-08,1371.24
2021-09-09,1376.21
2021-09-10,1383.35
2021-09-13,1382.48
2021-09-14,1386.85
2021-09-15,1383.37
2021-09-16,1384.77
2021-09-17,1375.56
2021-09-23,1377.09
2021-09-24,1387.55
2021-09-27,1377.45
2021-09-28,1375.16
2021-09-29,1381.23
2021-09-30,1374.31
2021-10-01,1372.28
2021-10-05,1379.23
2021-10-06,1376.74
2021-10-07,1374.93
2021-10-08,1375.45
2021-10-12,1378.2
2021-10-13,1382.86
2021-10-14,1385.96
2021-10-15,1378.19
2021-10-18,1371.99
2021-10-19,1376.77
2021-10-20,1374.97
2021-10-21,1369.87
2021-10-22,1366.75
2021-10-25,1372.07
2021-10-26,1360.17
2021-10-27,1352.27
2021-10-28,1355.05
2021-10-29,1368.78
2021-11-01,1352.12
2021-11-02,1364.8
2021-11-03,1361.05
2021-11-04,1371.61
2021-11-05,1363.14
2021-11-08,1370.86
2021-11-09,1372.31
2021-11-10,1366.12
2021-11-11,1355.73
2021-11-12,1356.19
2021-11-15,1349.88
2021-11-16,1342.01
2021-11-17,1335.07
2021-11-18,1339.54
2021-11-19,1342.52
2021-11-22,1335.28
2021-11-23,1334.52
2021-11-24,1337.22
2021-11-25,1331.3
2021-11-26,1333.53
2021-11-29,1347.14
2021-11-30,1347.59
2021-12-01,1346.79
2021-12-02,1336.22
2021-12-03,1330.41
2021-12-06,1332.29
2021-12-07,1335.63
2021-12-08,1331.15
2021-12-09,1334.33
2021-12-10,1325.81
2021-12-13,1332.96
2021-12-14,1330.1
2021-12-15,1332.38
2021-12-16,1340.11
2021-12-17,1340.96
2021-12-20,1331.27
2021-12-21,1341.74
2021-12-22,1344.19
2021-12-23,1348.91
2021-12-24,1344.84
2021-12-27,1343.06
2021-12-28,1343.79
2021-12-29,1342.16
2021-12-30,1346.85
2021-12-31,1342.34
2022-01-03,1348.33
2022-01-04,1345.13
2022-01-05,1347.77
2022-01-06,1355.04
2022-01-07,1355.31
2022-01-10,1365.69
2022-01-11,1359.36
2022-01-12,1358.88
2022-01-13,1361.66
2022-01-14,1361.26
2022-01-17,1354.58
2022-01-18,1360.18
2022-01-19,1346.73
2022-01-20,1351.62
2022-01-21,1346.76
2022-01-24,1353.54
2022-01-25,1352.67
2022-01-26,1353.87
2022-01-27,1345.55
2022-01-28,1340.07
2022-02-03,1362.98
2022-02-04,1378.62
2022-02-07,1374.27
2022-02-08,1372.17
2022-02-09,1367.29
2022-02-10,1366.19
2022-02-11,1365.17
2022-02-14,1361.31
2022-02-15,1354.62
2022-02-16,1361.38
2022-02-17,1362.43
2022-02-18,1360.8
2022-02-21,1354.38
2022-02-22,1350.38
2022-02-23,1353.54
2022-02-24,1347.31
2022-02-25,1343.15
2022-02-28,1342.09
2022-03-02,1341.17
2022-03-03,1340.08
2022-03-04,1331.84
2022-03-07,1316.9
2022-03-08,1330.42
2022-03-10,1366.9
2022-03-11,1350.71
2022-03-14,1347.38
2022-03-15,1354.16
2022-03-16,1361.34
2022-03-17,1367.23
2022-03-18,1353.65
2022-03-21,1337.78
2022-03-22,1337.38
2022-03-23,1347.75
2022-03-24,1334.58
2022-03-25,1342.38
2022-03-28,1337.69
2022-03-29,1347.6
2022-03-30,1353.9
2022-03-31,1351.13
2022-04-01,1340.55
2022-04-04,1343.06
2022-04-05,1335.08
2022-04-06,1322.64
2022-04-07,1328.39
2022-04-08,1324.88
2022-04-11,1333.24
2022-04-12,1340.35
2022-04-13,1338.87
2022-04-14,1337.27
2022-04-15,1325.2
2022-04-18,1330.66
2022-04-19,1328.84
2022-04-20,1332.33
2022-04-21,1342.75
2022-04-22,1339.76
2022-04-25,1342.03
2022-04-26,1335.52
2022-04-27,1328.82
2022-04-28,1332.7
2022-04-29,1332.74
2022-05-02,1334.74
2022-05-03,1330.1
2022-05-04,1331.9
2022-05-06,1330.13
2022-05-09,1340.92
2022-05-10,1345.85
2022-05-11,1343.55
2022-05-12,1343.02
2022-05-13,1335.35
2022-05-16,1337.7
2022-05-17,1337.48
2022-05-18,1347.25
2022-05-19,1329.21
2022-05-20,1348.59
2022-05-23,1342.75
2022-05-24,1354.28
2022-05-25,1357.23
2022-05-26,1350.85
2022-05-27,1359.35
2022-05-30,1348.53
2022-05-31,1342.29
2022-06-02,1319.14
2022-06-03,1345.04
2022-06-07,1327.05
2022-06-08,1345.79
2022-06-09,1345.66
2022-06-10,1335.07
2022-06-13,1330.25
2022-06-14,1339.05
2022-06-15,1345.22
2022-06-16,1348.89
2022-06-17,1354.6
2022-06-20,1350.59
2022-06-21,1358.55
2022-06-22,1359.45
2022-06-23,1369.23
2022-06-24,1369.25
2022-06-27,1373.86
2022-06-28,1360.04
2022-06-29,1352.49
2022-06-30,1350.05
2022-07-01,1361.87
2022-07-04,1350.37
2022-07-05,1354.1
2022-07-06,1332.72
2022-07-07,1331.33
2022-07-08,1324.0
2022-07-11,1321.91
2022-07-12,1306.52
2022-07-13,1316.71
2022-07-14,1312.63
2022-07-15,1312.49
2022-07-18,1335.08
2022-07-19,1336.25
2022-07-20,1345.73
2022-07-21,1332.42
2022-07-22,1341.69
2022-07-25,1339.38
2022-07-26,1339.78
2022-07-27,1327.16
2022-07-28,1339.65
2022-07-29,1329.3
2022-08-01,1326.78
2022-08-02,1341.22
2022-08-03,1328.77
2022-08-04,1331.6
2022-08-05,1342.44
2022-08-08,1322.04
2022-08-09,1330.5
2022-08-10,1332.31
2022-08-11,1348.57
2022-08-12,1344.51
2022-08-16,1324.34
2022-08-17,1332.13
2022-08-18,1332.98
2022-08-19,1328.76
2022-08-22,1331.48
2022-08-23,1330.3
2022-08-24,1338.18
2022-08-25,1336.84
2022-08-26,1333.02
2022-08-29,1325.3
2022-08-30,1347.43
2022-08-31,1350.26
2022-09-01,1351.69
2022-09-02,1344.17
2022-09-05,1345.92
2022-09-06,1361.76
2022-09-07,1355.5
2022-09-08,1385.72
2022-09-13,1398.47
2022-09-14,1370.13
2022-09-15,1389.13
2022-09-16,1393.22
2022-09-19,1396.71
2022-09-20,1393.92
2022-09-21,1385.21
2022-09-22,1371.3
2022-09-23,1385.33
2022-09-26,1365.51
2022-09-27,1374.08
2022-09-28,1368.47
2022-09-29,1396.71
2022-09-30,1408.83
2022-10-04,1408.18
2022-10-05,1429.05
2022-10-06,1403.77
2022-10-07,1374.71
2022-10-11,1369.26
2022-10-12,1392.29
2022-10-13,1388.13
2022-10-14,1395.04
2022-10-17,1391.03
2022-10-18,1413.83
2022-10-19,1406.78
2022-10-20,1387.07
2022-10-21,1400.2
2022-10-24,1414.05
2022-10-25,1420.08
2022-10-26,1430.9
2022-10-27,1440.2
2022-10-28,1413.92
2022-10-31,1413.34
2022-11-01,1405.7
2022-11-02,1404.07
2022-11-03,1391.34
2022-11-04,1386.62
2022-11-07,1412.3
2022-11-08,1409.31
2022-11-09,1397.7
2022-11-10,1369.67
2022-11-11,1396.68
2022-11-14,1376.39
2022-11-15,1363.08
2022-11-16,1367.76
2022-11-17,1377.83
2022-11-18,1387.18
2022-11-21,1384.09
2022-11-22,1385.3
2022-11-23,1396.98
2022-11-24,1406.66
2022-11-25,1387.59
2022-11-28,1376.82
2022-11-29,1385.06
2022-11-30,1374.31
2022-12-01,1375.02
2022-12-02,1368.9
2022-12-05,1369.71
2022-12-06,1357.08
2022-12-07,1370.2
2022-12-08,1386.79
2022-12-09,1394.28
2022-12-12,1375.59
2022-12-13,1380.48
2022-12-14,1387.36
2022-12-15,1383.61
2022-12-16,1382.96
2022-12-19,1387.92
2022-12-20,1381.29
2022-12-21,1379.32
2022-12-22,1364.83
2022-12-23,1352.67
2022-12-26,1361.82
2022-12-27,1357.71
2022-12-28,1348.96
2022-12-29,1347.1
2022-12-30,1351.2
2023-01-02,1355.25
2023-01-03,1355.31
2023-01-04,1342.45
2023-01-05,1351.95
2023-01-06,1336.74
2023-01-09,1348.81
2023-01-10,1338.75
2023-01-11,1332.12
2023-01-12,1340.44
2023-01-13,1350.45
2023-01-16,1343.45
2023-01-17,1336.18
2023-01-18,1336.47
2023-01-19,1338.24
2023-01-20,1338.96
2023-01-25,1343.77
2023-01-26,1346.69
2023-01-27,1341.49
2023-01-30,1336.98
2023-01-31,1332.83
2023-02-01,1337.02
2023-02-02,1355.28
2023-02-03,1330.13
2023-02-06,1323.9
2023-02-07,1338.01
2023-02-08,1347.44
2023-02-09,1346.73
2023-02-10,1356.44
2023-02-13,1349.7
2023-02-14,1366.69
2023-02-15,1363.24
2023-02-16,1367.7
2023-02-17,1369.19
2023-02-20,1386.72
2023-02-21,1384.82
2023-02-22,1379.9
2023-02-23,1383.07
2023-02-24,1377.45
2023-02-27,1371.9
2023-02-28,1397.76
2023-03-02,1407.59
2023-03-03,1388.89
2023-03-06,1386.22
2023-03-07,1385.26
2023-03-08,1370.68
2023-03-09,1391.61
2023-03-10,1396.37
2023-03-13,1418.76
2023-03-14,1402.34
2023-03-15,1400.74
2023-03-16,1378.17
2023-03-17,1392.79
2023-03-20,1390.94
2023-03-21,1403.0
2023-03-22,1408.63
2023-03-23,1419.77
2023-03-24,1394.42
2023-03-27,1389.72
2023-03-28,1404.58
2023-03-29,1406.51
2023-03-30,1408.57
2023-03-31,1421.53
2023-04-03,1401.23
2023-04-04,1435.75
2023-04-05,1435.83
2023-04-06,1431.22
2023-04-07,1439.62
2023-04-10,1438.79
2023-04-11,1434.31
2023-04-12,1440.37
2023-04-13,1456.09
2023-04-14,1456.39
2023-04-17,1427.48
2023-04-18,1432.73
2023-04-19,1447.38
2023-04-20,1444.42
2023-04-21,1456.05
2023-04-24,1460.03
2023-04-25,1472.9
2023-04-26,1463.3
2023-04-27,1476.71
2023-04-28,1477.64
2023-05-02,1469.33
2023-05-03,1475.56
2023-05-04,1481.71
2023-05-08,1460.41
2023-05-09,1455.04
2023-05-10,1450.8
2023-05-11,1454.7
2023-05-12,1441.24
2023-05-15,1447.09
2023-05-16,1454.79
2023-05-17,1451.16
2023-05-18,1451.64
2023-05-19,1436.12
2023-05-22,1440.69
2023-05-23,1426.01
2023-05-24,1412.77
2023-05-25,1416.97
2023-05-26,1419.48
2023-05-30,1419.45
2023-05-31,1418.99
2023-06-01,1413.39
2023-06-02,1421.54
2023-06-05,1400.55
2023-06-07,1398.97
2023-06-08,1391.21
2023-06-09,1408.5
2023-06-12,1391.5
2023-06-13,1389.55
2023-06-14,1378.55
2023-06-15,1382.18
2023-06-16,1401.84
2023-06-19,1393.53
2023-06-20,1398.84
2023-06-21,1400.35
2023-06-22,1419.68
2023-06-23,1414.79
2023-06-26,1419.85
2023-06-27,1422.45
2023-06-28,1427.94
2023-06-29,1423.84
2023-06-30,1426.55
2023-07-03,1439.47
2023-07-04,1429.8
2023-07-05,1416.38
2023-07-06,1411.89
2023-07-07,1420.36
2023-07-10,1433.39
2023-07-11,1434.44
2023-07-12,1426.12
2023-07-13,1437.97
2023-07-14,1432.66
2023-07-17,1420.92
2023-07-18,1423.1
2023-07-19,1416.97
2023-07-20,1417.63
2023-07-21,1409.66
2023-07-24,1426.4
2023-07-25,1420.14
2023-07-26,1415.37
2023-07-27,1417.38
2023-07-28,1397.94
2023-07-31,1411.33
2023-08-01,1401.12
2023-08-02,1409.67
2023-08-03,1415.06
2023-08-04,1422.45
2023-08-07,1434.68
2023-08-08,1434.97
2023-08-09,1437.95
2023-08-10,1446.97
2023-08-11,1446.72
2023-08-14,1445.68
2023-08-16,1451.52
2023-08-17,1455.87
2023-08-18,1458.79
2023-08-21,1453.54
2023-08-22,1461.83
2023-08-23,1452.02
2023-08-24,1453.6
2023-08-25,1429.52
2023-08-28,1431.93
2023-08-29,1431.8
2023-08-30,1438.86
2023-08-31,1444.36
2023-09-01,1433.77
2023-09-04,1421.64
2023-09-05,1424.25
2023-09-06,1420.44
2023-09-07,1429.08
2023-09-08,1427.6
2023-09-11,1427.94
2023-09-12,1432.46
2023-09-13,1426.35
2023-09-14,1425.06
2023-09-15,1410.84
2023-09-18,1415.75
2023-09-19,1417.76
2023-09-20,1414.11
2023-09-21,1415.97
2023-09-22,1427.61
2023-09-25,1424.34
2023-09-26,1412.92
2023-09-27,1421.72
2023-10-04,1414.2
2023-10-05,1429.45
2023-10-06,1423.21
2023-10-10,1425.09
2023-10-11,1430.28
2023-10-12,1423.06
2023-10-13,1411.32
2023-10-16,1419.43
2023-10-17,1429.21
2023-10-18,1429.57
2023-10-19,1424.49
2023-10-20,1436.34
2023-10-23,1435.32
2023-10-24,1443.73
2023-10-25,1423.66
2023-10-26,1422.97
2023-10-27,1433.5
2023-10-30,1428.16
2023-10-31,1435.86
2023-11-01,1427.88
2023-11-02,1435.46
2023-11-03,1426.08
2023-11-06,1421.85
2023-11-07,1397.16
2023-11-08,1397.27
2023-11-09,1398.06
2023-11-10,1396.31
2023-11-13,1407.42
2023-11-14,1415.29
2023-11-15,1441.99
2023-11-16,1412.54
2023-11-17,1415.25
2023-11-20,1412.26
2023-11-21,1414.4
2023-11-22,1405.46
2023-11-23,1410.69
2023-11-24,1416.23
2023-11-27,1424.76
2023-11-28,1429.49
2023-11-29,1422.88
2023-11-30,1414.16
2023-12-01,1405.37
2023-12-04,1418.6
2023-12-05,1410.57
2023-12-06,1415.85
2023-12-07,1413.06
2023-12-08,1427.59
2023-12-11,1408.22
2023-12-12,1419.02
2023-12-13,1420.69
2023-12-14,1432.48
2023-12-15,1423.93
2023-12-18,1410.83
2023-12-19,1418.44
2023-12-20,1432.69
2023-12-21,1422.94
2023-12-22,1435.29
2023-12-26,1433.5
2023-12-27,1432.19
2023-12-28,1437.75
2023-12-29,1426.59
2024-01-02,1423.63
2024-01-03,1421.82
2024-01-04,1429.86
2024-01-05,1434.28
2024-01-08,1437.19
2024-01-09,1439.84
2024-01-10,1434.32
2024-01-11,1448.55
2024-01-12,1444.11
2024-01-15,1438.55
2024-01-16,1444.44
2024-01-17,1445.69
2024-01-18,1461.67
2024-01-19,1460.26
2024-01-22,1456.25
2024-01-23,1452.35
2024-01-24,1450.63
2024-01-25,1457.61
2024-01-26,1448.43
2024-01-29,1449.34
2024-01-30,1448.73
2024-01-31,1443.1
2024-02-01,1442.11
2024-02-02,1449.23
2024-02-05,1427.53
2024-02-06,1433.76
2024-02-07,1430.12
2024-02-08,1427.94
2024-02-13,1429.66
2024-02-14,1422.78
2024-02-15,1434.49
2024-02-16,1436.59
2024-02-19,1436.71
2024-02-20,1437.57
2024-02-21,1446.0
2024-02-22,1444.8
2024-02-23,1440.74
2024-02-26,1438.57
2024-02-27,1444.7
2024-02-28,1443.73
2024-02-29,1445.92
2024-03-04,1446.56
2024-03-05,1444.22
2024-03-06,1447.52
2024-03-07,1456.05
2024-03-08,1455.71
2024-03-11,1447.34
2024-03-12,1436.05
2024-03-13,1432.9
2024-03-14,1437.45
2024-03-15,1433.25
2024-03-18,1445.9
2024-03-19,1449.24
2024-03-20,1454.15
2024-03-21,1463.4
2024-03-22,1440.49
2024-03-25,1444.06
2024-03-26,1453.12
2024-03-27,1450.04
2024-03-28,1455.01
2024-03-29,1452.93
2024-04-01,1453.44
2024-04-02,1446.25
2024-04-03,1456.84
2024-04-04,1462.02
2024-04-05,1459.8
2024-04-08,1464.4
2024-04-09,1470.28
2024-04-11,1455.03
2024-04-12,1462.98
2024-04-15,1460.14
2024-04-16,1470.6
2024-04-17,1481.88
2024-04-18,1479.46
2024-04-19,1464.1
2024-04-22,1476.48
2024-04-23,1470.96
2024-04-24,1474.84
2024-04-25,1465.56
2024-04-26,1477.09
2024-04-29,1472.49
2024-04-30,1477.48
2024-05-02,1476.46
2024-05-03,1479.06
2024-05-07,1469.84
2024-05-08,1459.7
2024-05-09,1466.53
2024-05-10,1475.21
2024-05-13,1473.78
2024-05-14,1478.27
2024-05-16,1490.7
2024-05-17,1466.46
2024-05-20,1473.44
2024-05-21,1472.97
2024-05-22,1481.33
2024-05-23,1475.69
2024-05-24,1475.43
2024-05-27,1486.31
2024-05-28,1482.76
2024-05-29,1475.81
2024-05-30,1474.05
2024-05-31,1491.09
2024-06-03,1499.17
2024-06-04,1502.75
2024-06-05,1494.0
2024-06-07,1493.91
2024-06-10,1473.31
2024-06-11,1483.24
2024-06-12,1479.4
2024-06-13,1489.75
2024-06-14,1472.45
2024-06-17,1474.76
2024-06-18,1482.0
2024-06-19,1482.66
2024-06-20,1483.88
2024-06-21,1481.15
2024-06-24,1485.64
2024-06-25,1491.43
2024-06-26,1484.97
2024-06-27,1484.35
2024-06-28,1487.07
2024-07-01,1484.35
2024-07-02,1482.56
2024-07-03,1491.11
2024-07-04,1499.02
2024-07-05,1494.04
2024-07-08,1492.77
2024-07-09,1493.68
2024-07-10,1496.22
2024-07-11,1501.02
2024-07-12,1499.75
2024-07-15,1498.31
2024-07-16,1505.86
2024-07-17,1510.95
2024-07-18,1511.5
2024-07-19,1504.09
2024-07-22,1511.26
2024-07-23,1512.25
2024-07-24,1502.83
2024-07-25,1501.45
2024-07-26,1502.95
2024-07-29,1503.78
2024-07-30,1495.39
2024-07-31,1497.51
2024-08-01,1493.75
2024-08-02,1473.74
2024-08-05,1497.38
2024-08-06,1490.67
2024-08-07,1499.61
2024-08-08,1504.34
2024-08-09,1504.24
2024-08-12,1494.63
2024-08-13,1495.24
2024-08-14,1506.99
2024-08-16,1493.8
2024-08-19,1499.44
2024-08-20,1483.02
2024-08-21,1482.25
2024-08-22,1486.49
2024-08-23,1484.99
2024-08-26,1499.91
2024-08-27,1478.27
2024-08-28,1487.85
2024-08-29,1484.79
2024-08-30,1479.58
2024-09-02,1474.35
2024-09-03,1481.45
2024-09-04,1481.27
2024-09-05,1487.41
2024-09-06,1484.14
2024-09-09,1475.21
2024-09-10,1478.47
2024-09-11,1481.49
2024-09-12,1476.01
2024-09-13,1483.54
2024-09-19,1479.61
2024-09-20,1486.22
2024-09-23,1484.23
2024-09-24,1483.81
2024-09-25,1492.75
2024-09-26,1478.71
2024-09-27,1486.01
2024-09-30,1474.06
2024-10-02,1446.15
2024-10-04,1456.53
2024-10-07,1462.7
2024-10-08,1478.12
2024-10-10,1474.56
2024-10-11,1475.5
2024-10-14,1473.75
2024-10-15,1477.99
2024-10-16,1481.14
2024-10-17,1480.64
2024-10-18,1479.71
2024-10-21,1490.18
2024-10-22,1482.16
2024-10-23,1490.3
2024-10-24,1490.0
2024-10-25,1494.18
2024-10-28,1494.94
2024-10-29,1499.76
2024-10-30,1496.58
2024-10-31,1502.19
2024-11-01,1501.44
2024-11-04,1498.95
2024-11-05,1491.77
2024-11-06,1505.11
2024-11-07,1493.43
2024-11-08,1510.89
2024-11-11,1483.97
2024-11-12,1486.9
2024-11-13,1487.9
2024-11-14,1486.53
2024-11-15,1481.08
2024-11-18,1477.99
2024-11-19,1475.39
2024-11-20,1475.1
2024-11-21,1467.37
2024-11-22,1464.51
2024-11-25,1467.23
2024-11-26,1467.83
2024-11-27,1469.93
2024-11-28,1476.21
2024-11-29,1472.04
2024-12-02,1471.9
2024-12-03,1471.96
2024-12-04,1474.48
2024-12-05,1485.13
2024-12-06,1497.6
2024-12-09,1499.95
2024-12-10,1512.67
2024-12-11,1503.79
2024-12-12,1502.68
2024-12-13,1498.71
2024-12-16,1505.12
2024-12-17,1508.15
2024-12-18,1507.35
2024-12-19,1488.31
2024-12-20,1502.25
2024-12-23,1514.19
2024-12-24,1508.07
2024-12-26,1511.53
2024-12-27,1524.85
2024-12-30,1537.85
2024-12-31,1528.73
2025-01-02,1521.96
2025-01-03,1507.43
2025-01-06,1511.39
2025-01-07,1527.79
2025-01-08,1505.1
2025-01-09,1499.41
2025-01-10,1502.02
2025-01-13,1495.83
2025-01-14,1508.89
2025-01-15,1508.08
2025-01-16,1502.84
2025-01-17,1498.7
2025-01-20,1495.62
2025-01-21,1514.46
2025-01-22,1496.21
2025-01-23,1492.75
2025-01-24,1496.74
2025-01-31,1488.84
2025-02-03,1491.5
2025-02-04,1520.25
2025-02-05,1515.8
2025-02-06,1508.0
2025-02-07,1502.81
2025-02-10,1491.55
2025-02-11,1497.73
2025-02-12,1506.26
2025-02-13,1508.74
2025-02-14,1517.8
2025-02-17,1514.02
2025-02-18,1510.63
2025-02-19,1508.3
2025-02-20,1501.61
2025-02-21,1511.95
2025-02-24,1502.79
2025-02-25,1495.51
2025-02-26,1504.74
2025-02-27,1501.74
2025-02-28,1496.97
2025-03-04,1529.37
2025-03-05,1552.14
2025-03-06,1571.24
2025-03-07,1555.92
2025-03-10,1569.52
2025-03-11,1573.57
2025-03-12,1591.44
2025-03-13,1581.01
2025-03-14,1575.6
2025-03-17,1583.26
2025-03-18,1581.14
2025-03-19,1583.42
2025-03-20,1584.1
2025-03-21,1584.33
2025-03-24,1587.33
2025-03-25,1584.62
2025-03-26,1585.33
2025-03-27,1573.15
2025-03-28,1583.78
2025-03-31,1587.85
2025-04-01,1590.9
2025-04-02,1589.14
2025-04-03,1592.05
2025-04-04,1620.89
2025-04-07,1582.15
2025-04-08,1600.1
2025-04-09,1613.1
2025-04-10,1624.22
2025-04-11,1635.56
2025-04-14,1644.41
2025-04-15,1619.31
2025-04-16,1606.48
2025-04-17,1626.88
2025-04-18,1614.78
2025-04-21,1626.12
2025-04-22,1634.43
2025-04-23,1615.15
2025-04-24,1616.98
2025-04-25,1628.28
2025-04-28,1628.41
2025-04-29,1642.1
2025-04-30,1638.24
2025-05-02,1611.54
2025-05-07,1617.27
2025-05-08,1575.82
2025-05-09,1567.22
2025-05-12,1578.35
2025-05-13,1553.25
2025-05-14,1581.72
2025-05-15,1583.64
2025-05-16,1566.43
2025-05-19,1560.36
2025-05-20,1570.51
2025-05-21,1571.2
2025-05-22,1569.85
2025-05-23,1555.94
2025-05-26,1566.36
2025-05-27,1554.74
2025-05-28,1551.04
2025-05-29,1551.17
2025-05-30,1571.14
2025-06-02,1562.73
2025-06-04,1566.29
2025-06-05,1569.09
2025-06-09,1550.21
2025-06-10,1552.07
2025-06-11,1554.64
2025-06-12,1575.08
2025-06-13,1579.81
2025-06-16,1576.81
2025-06-17,1576.25
2025-06-18,1563.03
2025-06-19,1576.3
2025-06-20,1586.75
2025-06-23,1573.17
2025-06-24,1602.66
2025-06-25,1584.77
2025-06-26,1588.17
2025-06-27,1587.1
2025-06-30,1591.8
2025-07-01,1595.42
2025-07-02,1596.34
2025-07-03,1604.02
2025-07-04,1597.06
2025-07-07,1607.1
2025-07-08,1603.91
2025-07-09,1604.19
2025-07-10,1610.64
2025-07-11,1607.1
2025-07-14,1604.07
2025-07-15,1608.02
2025-07-16,1604.49
2025-07-17,1614.17
2025-07-18,1615.76
2025-07-21,1618.29
2025-07-22,1626.82
2025-07-23,1628.63
2025-07-24,1623.89
2025-07-25,1608.91
2025-07-28,1617.69
2025-07-29,1599.58
2025-07-30,1607.07
2025-07-31,1579.62
2025-08-01,1588.18
2025-08-04,1620.6
2025-08-05,1604.13
2025-08-06,1605.31
2025-08-07,1620.43
2025-08-08,1615.71
2025-08-11,1614.2
2025-08-12,1612.44
2025-08-13,1623.41
2025-08-14,1620.29
2025-08-18,1618.56
2025-08-19,1616.16
2025-08-20,1618.1
2025-08-21,1628.16
2025-08-22,1623.4
2025-08-25,1634.6
2025-08-26,1610.67
2025-08-27,1619.57
2025-08-28,1625.08
2025-08-29,1621.61
2025-09-01,1621.87
2025-09-02,1630.78
2025-09-03,1619.76
2025-09-04,1625.17
2025-09-05,1622.43
2025-09-08,1629.45
2025-09-09,1635.74
2025-09-10,1623.85
2025-09-11,1624.05
2025-09-12,1630.88
2025-09-15,1628.67
2025-09-16,1634.54
2025-09-17,1640.58
2025-09-18,1631.44
2025-09-19,1632.1
2025-09-22,1635.95
2025-09-23,1645.13
2025-09-24,1646.57
2025-09-25,1638.17
2025-09-26,1633.99
2025-09-29,1652.35
2025-09-30,1644.5
2025-10-01,1647.71
2025-10-02,1650.08
2025-10-10,1620.6
2025-10-13,1649.2
2025-10-14,1651.14
2025-10-15,1657.52
2025-10-16,1658.93
2025-10-17,1659.92
2025-10-20,1654.57
2025-10-21,1653.61
2025-10-22,1651.56
2025-10-23,1660.49
2025-10-24,1668.83
2025-10-27,1669.83
2025-10-28,1668.93
2025-10-29,1671.03
2025-10-30,1662.71
2025-10-31,1646.5
2025-11-03,1646.72
2025-11-04,1646.14
2025-11-05,1650.91
2025-11-06,1663.25
2025-11-07,1669.45
2025-11-10,1679.15
2025-11-11,1680.4
2025-11-12,1694.75
2025-11-13,1700.0
2025-11-14,1708.96
2025-11-17,1695.29
2025-11-18,1690.46
2025-11-19,1696.77
2025-11-20,1690.54
2025-11-21,1692.4
2025-11-24,1694.42
2025-11-25,1697.84
2025-11-26,1704.99
2025-11-27,1696.37
2025-11-28,1699.17
2025-12-01,1701.18
2025-12-02,1705.55
2025-12-03,1708.56
2025-12-04,1713.97
2025-12-05,1713.19
2025-12-08,1713.82
2025-12-09,1709.62
2025-12-10,1709.78
2025-12-11,1720.07
2025-12-12,1725.41
2025-12-15,1728.72
2025-12-16,1732.73
2025-12-17,1730.0
2025-12-18,1736.17
2025-12-19,1732.16
2025-12-22,1731.02
2025-12-23,1739.78
2025-12-24,1749.74
2025-12-26,1721.1
2025-12-29,1698.45
2025-12-30,1688.35
2025-12-31,1685.72
2026-01-02,1685.72
2026-01-05,1688.99
2026-01-06,1695.5
2026-01-07,1689.95
2026-01-08,1691.18
2026-01-09,1690.0
2026-01-12,1693.42
2026-01-13,1708.09
2026-01-14,1715.0
2026-01-15,1720.62
2026-01-16,1706.1
2026-01-19,1709.55
2026-01-20,1715.79
2026-01-21,1731.71
2026-01-22,1720.89
2026-01-23,1726.62
2026-01-26,1744.06
2026-01-27,1713.9
2026-01-28,1743.05
2026-01-29,1707.75
2026-01-30,1708.33
2026-02-02,1701.2
2026-02-03,1718.59
2026-02-04,1712.5
2026-02-05,1713.43
2026-02-06,1724.49
2026-02-09,1736.72
2026-02-10,1743.98
2026-02-11,1733.28
2026-02-12,1726.59
2026-02-13,1713.39
