ticker,name,year,reprt_code,revenue,operating_income,net_income,equity,roe
001550,조비,2024,11011,102447803292.0,4826994972.0,640044941.0,52676679417.0,0.012150442056783149
001550,조비,2024,11012,52240093216.0,4387046272.0,3065173551.0,55966380274.0,0.05476812214750239
001550,조비,2024,11013,26815156261.0,2151799358.0,898529002.0,53183473065.0,0.016894891405490425
001550,조비,2024,11014,11791332760.0,-1305841760.0,-1371933551.0,54594446723.0,-0.025129543998511125
001550,조비,2025,11012,49090766834.0,5328241122.0,5019612304.0,58983719112.0,0.08510165821298271
001550,조비,2025,11013,25264253769.0,1828620162.0,1287427391.0,53964106808.0,0.023857105530914545
001550,조비,2025,11014,11298535414.0,-2624951344.0,-3247891768.0,55735827344.0,-0.05827296234348691
002220,한일철강,2024,11011,205842246124.0,666960944.0,-4610118113.0,168449736071.0,-0.027367915323161313
002220,한일철강,2024,11012,55504693049.0,444485962.0,-1643411064.0,169453998411.0,-0.009698272566068403
002220,한일철강,2024,11013,49991038513.0,381698321.0,-2070183691.0,170942009489.0,-0.012110444338336943
002220,한일철강,2024,11014,44028114260.0,-176108746.0,-603162289.0,168648886401.0,-0.0035764380178938647
002220,한일철강,2025,11012,50110081938.0,1540416892.0,1840586135.0,167861414470.0,0.01096491496161524
002220,한일철강,2025,11013,49758060866.0,189114894.0,-140560871.0,168043537285.0,-0.0008364550834323982
002220,한일철강,2025,11014,50841029155.0,1423566648.0,-911670192.0,167589585482.0,-0.005439897648639498
002240,고려제강,2024,11011,1739609163820.0,26107109844.0,32914628918.0,1927107971605.0,0.017079805284904152
002240,고려제강,2024,11012,449168337591.0,9001469008.0,11631470294.0,1876068370193.0,0.006199918126013401
002240,고려제강,2024,11013,434109628598.0,16247834302.0,25998452070.0,1842903753658.0,0.014107330357537872
002240,고려제강,2024,11014,425078098710.0,-5305065027.0,-21486747952.0,1859888429546.0,-0.011552708006923259
002240,고려제강,2025,11012,475531979642.0,20391964632.0,5142937746.0,1890720257726.0,0.002720094485149006
002240,고려제강,2025,11013,442691999788.0,8267953533.0,6064208181.0,1927158949317.0,0.003146708881044401
002240,고려제강,2025,11014,441516287855.0,11192454254.0,21414086277.0,1944044792959.0,0.011015222671081543
003220,대원제약,2024,11011,598162352613.0,28220453539.0,9044729468.0,284578237939.0,0.03178292737176466
003220,대원제약,2024,11012,137959438045.0,-1354671556.0,-2269612626.0,279979034694.0,-0.008106366351611105
003220,대원제약,2024,11013,158301209324.0,14978896833.0,8989402957.0,282778916489.0,0.031789509163600196
003220,대원제약,2024,11014,156831296165.0,11380661317.0,5639797345.0,289708663941.0,0.01946713387262923
003220,대원제약,2025,11012,143855801445.0,-1408435107.0,-3502318359.0,279950629974.0,-0.012510485721447645
003220,대원제약,2025,11013,157831742112.0,9406441440.0,4898620971.0,282826391991.0,0.017320239941242408
003220,대원제약,2025,11014,143940264172.0,-10368130259.0,-18010980385.0,263870516620.0,-0.06825688832427466
005740,크라운해태홀딩스,2024,11011,1046896219641.0,67578721530.0,43647782339.0,575373817106.0,0.0758598689084228
005740,크라운해태홀딩스,2024,11012,262603450801.0,18599481393.0,12799235425.0,565734957672.0,0.02262408439045179
005740,크라운해태홀딩스,2024,11013,259414858248.0,21532533257.0,14363987463.0,552978162394.0,0.025975686636185064
005740,크라운해태홀딩스,2024,11014,258029834441.0,16142449058.0,8246316109.0,573917272667.0,0.014368475217132387
005740,크라운해태홀딩스,2025,11012,273414642969.0,14586993815.0,8069561035.0,589522137418.0,0.013688308755194865
005740,크라운해태홀딩스,2025,11013,263779173698.0,20422917392.0,12494424911.0,581464259382.0,0.02148786397340999
005740,크라운해태홀딩스,2025,11014,263798920782.0,10847975896.0,5567178812.0,595081827052.0,0.009355316460560512
007340,DN오토모티브,2024,11011,3434542268000.0,522916807000.0,318229010000.0,2170771614000.0,0.14659718597186336
007340,DN오토모티브,2024,11012,885166914294.0,148594954979.0,110106198947.0,1816508662021.0,0.06061418877270793
007340,DN오토모티브,2024,11013,780919680398.0,123659154809.0,76872921334.0,1467623210012.0,0.05237919433924151
007340,DN오토모티브,2024,11014,848561467718.0,129942423459.0,61198676159.0,2057132549328.0,0.029749505533317077
007340,DN오토모티브,2025,11012,909635342000.0,121590097000.0,53461011000.0,2245820648000.0,0.023804666257570183
007340,DN오토모티브,2025,11013,878712803000.0,137676198000.0,86829343000.0,2220542324000.0,0.03910276424886554
007340,DN오토모티브,2025,11014,918734341000.0,118686244000.0,78480562000.0,2328638786000.0,0.03370233394368963
007770,한일화학,2024,11011,125281652588.0,-6571296974.0,4134167077.0,108101038499.0,0.038243546356293734
007770,한일화학,2024,11012,31506904848.0,-1335380737.0,-1371287126.0,108488449841.0,-0.012639936583200792
007770,한일화학,2024,11013,28534928852.0,-2296780649.0,5389263976.0,108951584818.0,0.04946475982889635
007770,한일화학,2024,11014,31892302975.0,-2193996474.0,-2702343720.0,105609652681.0,-0.02558803718598132
007770,한일화학,2025,11012,31275707577.0,-2812653422.0,-4034772463.0,102201549298.0,-0.03947858413804845
007770,한일화학,2025,11013,32119577614.0,-2372085904.0,-1791718492.0,105684306257.0,-0.016953496270704103
007770,한일화학,2025,11014,30153212450.0,-4687338351.0,-4274702285.0,97570565764.0,-0.04381139180169856
009470,삼화전기,2024,11011,233116164397.0,24788845997.0,20673576344.0,112074123471.0,0.18446342209715733
009470,삼화전기,2024,11012,61305804649.0,9081630027.0,7202909841.0,107266322553.0,0.06714977888275289
009470,삼화전기,2024,11013,58333460678.0,7696042843.0,6091596433.0,98152535711.0,0.062062547736271186
009470,삼화전기,2024,11014,58411132034.0,6589886245.0,5308932014.0,110771633558.0,0.04792681883868982
009470,삼화전기,2025,11012,59227403188.0,5339305885.0,5798125341.0,115013708480.0,0.05041247184902528
009470,삼화전기,2025,11013,61704426707.0,5737836094.0,1153955440.0,110567941010.0,0.01043661869307699
009470,삼화전기,2025,11014,54013930282.0,3089229387.0,1752855616.0,117136485667.0,0.014964215513372014
010950,S-Oil,2024,11011,36637031000000.0,422177000000.0,-193042000000.0,8695647000000.0,-0.022199843208906708
010950,S-Oil,2024,11012,9570838000000.0,160647000000.0,-21337000000.0,9008475000000.0,-0.002368547395646877
010950,S-Oil,2024,11013,9308489000000.0,454106000000.0,166203000000.0,9029496000000.0,0.018406675189844485
010950,S-Oil,2024,11014,8840623000000.0,-414948000000.0,-206188000000.0,8787736000000.0,-0.023463153649586194
010950,S-Oil,2025,11012,8048504000000.0,-343971000000.0,-66782000000.0,8580933000000.0,-0.00778260359333886
010950,S-Oil,2025,11013,8990533000000.0,-21541000000.0,-44558000000.0,8652852000000.0,-0.005149516020844919
010950,S-Oil,2025,11014,8415367000000.0,229216000000.0,63206000000.0,8646015000000.0,0.007310419887080927
012170,아센디오,2024,11011,13465653938.0,-4121526339.0,-7849399002.0,19274942915.0,-0.40723332030682696
012170,아센디오,2024,11012,6286608683.0,-1306814333.0,2589658453.0,28225170567.0,0.09174996646531337
012170,아센디오,2024,11013,2405281020.0,-579928372.0,-822514073.0,25594725212.0,-0.03213607749984231
012170,아센디오,2024,11014,3193206407.0,-1712341193.0,-1388892111.0,27053650536.0,-0.05133843616231445
012170,아센디오,2025,11012,1686882989.0,-1674508543.0,-6661985161.0,11721037325.0,-0.5683784614174496
012170,아센디오,2025,11013,594178333.0,-1128960400.0,-2181805420.0,18239803389.0,-0.11961781459310006
012170,아센디오,2025,11014,2296390828.0,-443939383.0,-321405266.0,11945323723.0,-0.026906367165349696
012280,영화금속,2024,11011,301699111405.0,9880071656.0,8654294939.0,72967224045.0,0.11860523751955761
012280,영화금속,2024,11012,79090830783.0,2026765262.0,1504476831.0,68711866305.0,0.021895444148204178
012280,영화금속,2024,11013,70315519130.0,1991635058.0,1735648501.0,68228524569.0,0.02543875178254406
012280,영화금속,2024,11014,81595052128.0,2177471965.0,2274250554.0,70988827152.0,0.03203673937492185
012280,영화금속,2025,11012,97006575740.0,6703748474.0,3417681331.0,77125518151.0,0.04431323656469576
012280,영화금속,2025,11013,84255889440.0,3193355124.0,2610843627.0,73723761198.0,0.035413869077949696
012280,영화금속,2025,11014,85435403352.0,3166457580.0,2838752231.0,79965554293.0,0.035499688035658346
017670,SK텔레콤,2024,11011,17940609000000.0,1823409000000.0,1387095000000.0,11827634000000.0,0.11727577975442934
017670,SK텔레콤,2024,11012,4422359000000.0,537508000000.0,350174000000.0,12586628000000.0,0.027821113009775137
017670,SK텔레콤,2024,11013,4474611000000.0,498489000000.0,361940000000.0,12452982000000.0,0.029064524464903266
017670,SK텔레콤,2024,11014,4532118000000.0,533263000000.0,280176000000.0,12561404000000.0,0.02230451309423692
017670,SK텔레콤,2025,11012,4338760000000.0,338260000000.0,83247000000.0,11971398000000.0,0.00695382444055406
017670,SK텔레콤,2025,11013,4453717000000.0,567384000000.0,361575000000.0,11941857000000.0,0.030277954257867935
017670,SK텔레콤,2025,11014,3978064000000.0,48438000000.0,-166731000000.0,11808944000000.0,-0.014119044005967002
018250,애경산업,2024,11011,679076572242.0,46824923401.0,42498547149.0,400611022456.0,0.10608431812099656
018250,애경산업,2024,11012,173609216609.0,17458280437.0,12942144294.0,391237614360.0,0.03308001025200812
018250,애경산업,2024,11013,169110960292.0,16473288429.0,13586015836.0,385784664101.0,0.035216578314899334
018250,애경산업,2024,11014,165280498189.0,9550718712.0,5694361210.0,394801899533.0,0.014423337923996056
018250,애경산업,2025,11012,171310787639.0,11154212121.0,11118207989.0,398811767522.0,0.027878334829693
018250,애경산업,2025,11013,151077640354.0,6043707282.0,5031447123.0,391053490232.0,0.012866391040302433
018250,애경산업,2025,11014,169254263266.0,7298092288.0,4325756098.0,403331748455.0,0.010725057262588957
020180,대신정보통신,2024,11011,256790690611.0,8839861270.0,6567168452.0,34383806128.0,0.19099597140446045
020180,대신정보통신,2024,11012,29527838077.0,-1990389694.0,-1739276095.0,28432898752.0,-0.06117125482598419
020180,대신정보통신,2024,11013,26919584738.0,-3165404114.0,-2697679179.0,30533259499.0,-0.08835215182605552
020180,대신정보통신,2024,11014,107065215041.0,14174487416.0,10818154315.0,39251053067.0,0.2756143713274097
020180,대신정보통신,2025,11011,202861487817.0,9099047769.0,5738588612.0,38942736867.0,0.14735966379555795
020180,대신정보통신,2025,11012,48484275645.0,2188565544.0,1211413370.0,38310258006.0,0.03162112272410886
020180,대신정보통신,2025,11013,38588854214.0,-182768780.0,-691024781.0,37098844636.0,-0.018626584945705908
020180,대신정보통신,2025,11014,131976480239.0,16483090331.0,13930802571.0,52241060577.0,0.2666638543922148
021650,한국큐빅,2024,11011,252147530422.0,11435096474.0,9701104111.0,94773911753.0,0.10236049068316438
021650,한국큐빅,2024,11012,67303700959.0,4172884128.0,3342678370.0,90989704534.0,0.03673688564128644
021650,한국큐빅,2024,11013,59833457318.0,2863431283.0,2288591354.0,87647386513.0,0.026111347355012717
021650,한국큐빅,2024,11014,59078989921.0,2182223833.0,906939450.0,91896643984.0,0.009869124819812855
021650,한국큐빅,2025,11012,61953662251.0,3564265038.0,1072564066.0,96904953520.0,0.011068206805121019
021650,한국큐빅,2025,11013,60058317716.0,3072719549.0,2439735266.0,95832389454.0,0.025458357867316712
021650,한국큐빅,2025,11014,56947249960.0,2014591277.0,1896829154.0,98801782674.0,0.019198329247344204
024830,세원물산,2024,11011,230905196586.0,1341678298.0,21970864940.0,381410293871.0,0.05760427889088634
024830,세원물산,2024,11012,62505731226.0,-282542104.0,2767050760.0,360578749925.0,0.0076739152281590185
024830,세원물산,2024,11013,42055158562.0,-1355074347.0,1932605472.0,357824950884.0,0.005400980192201615
024830,세원물산,2024,11014,59008127821.0,-814190597.0,8272095647.0,368839917567.0,0.022427332978398058
024830,세원물산,2025,11012,59687348520.0,1915388578.0,6487972598.0,388776010461.0,0.0166882020068747
024830,세원물산,2025,11013,45458030115.0,-1622380259.0,2150708099.0,382299554122.0,0.005625714379760074
024830,세원물산,2025,11014,52336994842.0,1669191474.0,6077980412.0,394844980719.0,0.015393333355617675
025770,한국정보통신,2024,11011,790967629000.0,39125171000.0,43544033000.0,306452843000.0,0.142090484701426
025770,한국정보통신,2024,11012,202587754000.0,14710296000.0,12063351000.0,289883685000.0,0.04161445305209226
025770,한국정보통신,2024,11013,194763228000.0,9121688000.0,7231028000.0,278340013000.0,0.025979117849649593
025770,한국정보통신,2024,11014,199132326000.0,12970965000.0,21913853000.0,310794248000.0,0.0705091974546453
025770,한국정보통신,2025,11012,204838008000.0,14019871000.0,10901958000.0,318968809000.0,0.03417875883908135
025770,한국정보통신,2025,11013,192398562000.0,10090782000.0,8559801000.0,308945997000.0,0.027706463534466836
025770,한국정보통신,2025,11014,218203070000.0,15139840000.0,12518454000.0,329267464000.0,0.03801910412867273
028050,삼성E&A,2024,11011,9966551344477.0,971611686017.0,638672451980.0,3895741786193.0,0.16394116628661984
028050,삼성E&A,2024,11012,2686275966447.0,262573016528.0,205264248510.0,3724576967949.0,0.05511075493307154
028050,삼성E&A,2024,11013,2384735479283.0,209349578689.0,164125530466.0,3524966889712.0,0.04656087152052924
028050,삼성E&A,2024,11014,2317032879805.0,203926524591.0,158246654003.0,3808974185271.0,0.041545740744299925
028050,삼성E&A,2025,11012,2178022750175.0,180856635847.0,141716656088.0,4072691769499.0,0.03479680371329284
028050,삼성E&A,2025,11013,2097955167196.0,157303530634.0,157212353869.0,3959275349996.0,0.039707355506143016
028050,삼성E&A,2025,11014,1995609066761.0,176546857607.0,157371980624.0,4236811435495.0,0.037143966168891755
028080,휴맥스홀딩스,2024,11011,542662558111.0,5985566488.0,-62037236736.0,163653016659.0,-0.37907786854467557
028080,휴맥스홀딩스,2024,11012,119770125563.0,2702934804.0,-28808497925.0,204910265513.0,-0.14059079886933395
028080,휴맥스홀딩스,2024,11013,184830978600.0,6166605742.0,-11025613245.0,234612490104.0,-0.04699499689940855
028080,휴맥스홀딩스,2024,11014,112821221713.0,1762634161.0,-8463912785.0,199153007147.0,-0.04249954799202488
028080,휴맥스홀딩스,2025,11012,113549960306.0,-5739851601.0,-37709588206.0,112886547001.0,-0.3340485576697279
028080,휴맥스홀딩스,2025,11013,99399455666.0,-7083277075.0,-19133600414.0,148817879256.0,-0.12857057572421074
028080,휴맥스홀딩스,2025,11014,99236838238.0,-1736837957.0,78512693.0,112536057975.0,0.0006976669914761158
029480,광무,2024,11011,6526887723.0,-4708785371.0,104172205343.0,233269706294.0,0.44657408369909474
029480,광무,2024,11012,1411768438.0,-262466773.0,47635890386.0,256105123475.0,0.18600131750448964
029480,광무,2024,11013,1618954791.0,-676195455.0,92766049493.0,206436902911.0,0.44936757035632197
029480,광무,2024,11014,1397005830.0,-1246855411.0,-10156565452.0,259237072886.0,-0.03917867664115452
029480,광무,2025,11012,2452525929.0,-1125374741.0,13126806239.0,202904909379.0,0.06469437471560056
029480,광무,2025,11013,1452201363.0,-1110169602.0,-40582471901.0,192687234393.0,-0.21061318373706595
029480,광무,2025,11014,2017717038.0,-1180872961.0,2474539934.0,211160309448.0,0.011718773951737252
031440,신세계푸드,2024,11011,1534799832427.0,20764540801.0,11198108532.0,293492439730.0,0.038154674588216864
031440,신세계푸드,2024,11012,393946074582.0,9666486991.0,5090014027.0,294472356150.0,0.01728520155014897
031440,신세계푸드,2024,11013,381815700050.0,4644415010.0,4704175734.0,289248195228.0,0.01626345751368278
031440,신세계푸드,2024,11014,385384922752.0,8466938990.0,4006677383.0,298812224754.0,0.013408679602377497
031440,신세계푸드,2025,11012,371487792054.0,13482188296.0,14232869771.0,310455213386.0,0.0458451627072655
031440,신세계푸드,2025,11013,358620031751.0,7880639509.0,5379150159.0,295633084855.0,0.01819535916163892
031440,신세계푸드,2025,11014,319183832684.0,1686110620.0,6746432805.0,317442678841.0,0.02125244415663194
033230,인성정보,2024,11011,359586930378.0,-4745951116.0,-9407606826.0,89035521479.0,-0.1056612761932201
033230,인성정보,2024,11012,83790792006.0,-1717748173.0,-2750056133.0,93122891008.0,-0.02953147290888712
033230,인성정보,2024,11013,73818946623.0,-2610145550.0,-3835231685.0,71977962119.0,-0.05328341581356907
033230,인성정보,2024,11014,84972789668.0,144639539.0,-1558322170.0,91583456331.0,-0.017015323863383447
033230,인성정보,2025,11012,75158294847.0,-3612083581.0,-3868021303.0,83390288913.0,-0.0463845533265325
033230,인성정보,2025,11013,60990472937.0,-3632806185.0,-3784850489.0,85966823420.0,-0.04402687383839592
033230,인성정보,2025,11014,80534083703.0,-251749841.0,-360839718.0,83147581620.0,-0.0043397500079930765
034230,파라다이스,2024,11011,1072108965111.0,136055145217.0,110693395334.0,2075202630542.0,0.05334100569499046
034230,파라다이스,2024,11012,273264222236.0,32009063189.0,17568153282.0,1834281026926.0,0.009577678133345676
034230,파라다이스,2024,11013,264770275676.0,48404054704.0,36980407494.0,1816167006737.0,0.020361787961582077
034230,파라다이스,2024,11014,268244966333.0,36204836504.0,19662276490.0,1852182774757.0,0.010615732290556273
034230,파라다이스,2025,11012,284461115698.0,42851813099.0,32352075906.0,2136287567980.0,0.015144064118947717
034230,파라다이스,2025,11013,283304948532.0,57275580029.0,43103642952.0,2105589356692.0,0.020471058525731847
034230,파라다이스,2025,11014,288247272465.0,39511532076.0,33430709755.0,2188051334295.0,0.015278759337596403
034950,한국기업평가,2024,11011,104057473143.0,32680454148.0,28595822551.0,134783166184.0,0.21216167686669604
034950,한국기업평가,2024,11012,38944761558.0,18802331466.0,15411239112.0,120137442077.0,0.12828006694301378
034950,한국기업평가,2024,11013,20624529062.0,3537812571.0,3479837826.0,104726202965.0,0.03322795754528576
034950,한국기업평가,2024,11014,22808427003.0,5787807287.0,5452444481.0,125589886558.0,0.043414677968372464
034950,한국기업평가,2025,11012,42660154133.0,20778807391.0,16807035012.0,132074038198.0,0.12725464626744873
034950,한국기업평가,2025,11013,22056403336.0,4780636641.0,4294230636.0,115267003186.0,0.03725463937906529
034950,한국기업평가,2025,11014,22175345809.0,4589307636.0,4200526958.0,136274565156.0,0.030823998250821466
035250,강원랜드,2024,11011,1426862781802.0,285790454716.0,456893167585.0,3883662813757.0,0.11764491138791941
035250,강원랜드,2024,11012,337951449451.0,73930494058.0,160984663294.0,3738026567151.0,0.0430667520420266
035250,강원랜드,2024,11013,368373713341.0,75803828309.0,92833339264.0,3579558434257.0,0.025934299151417314
035250,강원랜드,2024,11014,375916084229.0,93332408137.0,90878160455.0,3819295837677.0,0.023794480531854945
035250,강원랜드,2025,11012,360822450458.0,58514423002.0,62811314384.0,3781481647280.0,0.016610239118621625
035250,강원랜드,2025,11013,366310886143.0,74262706040.0,74618789704.0,3718554598300.0,0.020066611295182606
035250,강원랜드,2025,11014,384146506525.0,72702168808.0,113069526594.0,3900900014795.0,0.028985497235294307
036570,엔씨소프트,2024,11011,1578123132867.0,-109215374026.0,94115833907.0,3063588634574.0,0.03072078047452577
036570,엔씨소프트,2024,11012,368868769967.0,8843526162.0,71106633849.0,3215764780221.0,0.022111888993358923
036570,엔씨소프트,2024,11013,397910672309.0,25723105144.0,57121548991.0,3265224276740.0,0.017493912867764833
036570,엔씨소프트,2024,11014,401936915171.0,-14291295586.0,-26523925561.0,3115722435262.0,-0.008512929541096819
036570,엔씨소프트,2025,11012,382393317848.0,15078651780.0,-35952980718.0,3079849668140.0,-0.01167361546569022
036570,엔씨소프트,2025,11013,360277552006.0,5219932730.0,37506771591.0,3019245147251.0,0.012422565827471688
036570,엔씨소프트,2025,11014,360036113547.0,-7467009881.0,347360405104.0,3426951431330.0,0.10136134464245658
036810,에프에스티,2024,11011,237408450542.0,2287271800.0,-1637674189.0,244135781322.0,-0.006708046563809543
036810,에프에스티,2024,11012,51264615593.0,656801530.0,-670179560.0,239606550618.0,-0.0027970001582655144
036810,에프에스티,2024,11013,49614048789.0,-2979541575.0,-8165553864.0,231699999108.0,-0.03524192445160033
036810,에프에스티,2024,11014,58450635787.0,297078332.0,-1514683198.0,235225064264.0,-0.006439293375216285
036810,에프에스티,2025,11012,75999145398.0,1730010718.0,-3608699358.0,240355505818.0,-0.015014007462481636
036810,에프에스티,2025,11013,68494438290.0,2754422354.0,-234694344.0,244836339513.0,-0.0009585764289191168
036810,에프에스티,2025,11014,65499988910.0,-1872319549.0,-6765726454.0,236307547258.0,-0.02863102144855829
038620,위즈코프,2024,11011,104651520953.0,2790810913.0,1086244963.0,89353477095.0,0.012156717324442918
038620,위즈코프,2024,11012,24777313074.0,1083378997.0,240663250.0,85546204763.0,0.0028132545525162843
038620,위즈코프,2024,11013,22959096891.0,847049737.0,461518273.0,87277559548.0,0.0052879374193108486
038620,위즈코프,2024,11014,27912323253.0,740316233.0,792039194.0,86338243957.0,0.00917367736126841
038620,위즈코프,2025,11012,27564767730.0,1077348002.0,1197824976.0,94753919165.0,0.012641429363086968
038620,위즈코프,2025,11013,25150673989.0,517884962.0,561317122.0,90405942532.0,0.006208852054181247
038620,위즈코프,2025,11014,30068583604.0,477420918.0,2312473344.0,97066392509.0,0.023823625090276097
038880,아이에이,2024,11011,50722605792.0,-6441112791.0,-26030752034.0,79314068509.0,-0.32819842082676937
038880,아이에이,2024,11012,13437395825.0,-591879351.0,-2123905475.0,95369003353.0,-0.02227039604407472
038880,아이에이,2024,11013,12648293705.0,-1660169495.0,-4033979675.0,95697894575.0,-0.042153275084213106
038880,아이에이,2024,11014,11613186159.0,-1084185000.0,-2777301207.0,92394886592.0,-0.030059035834570442
038880,아이에이,2025,11012,10423745298.0,-1711121899.0,-4179170537.0,85879038896.0,-0.04866345258079797
038880,아이에이,2025,11013,13299932163.0,-1693216001.0,-5723157621.0,94238501160.0,-0.06073056713076441
038880,아이에이,2025,11014,8832481533.0,-1810796814.0,-1456619537.0,88414596732.0,-0.016474876217727565
042500,링네트,2024,11011,163904772518.0,13690916486.0,12854326549.0,106822305832.0,0.12033373038413968
042500,링네트,2024,11012,35258406885.0,3175790788.0,2987848332.0,102237204169.0,0.029224667832866705
042500,링네트,2024,11013,37380053538.0,2776016842.0,2936854616.0,97864295958.0,0.03000945939733115
042500,링네트,2024,11014,31753582054.0,4110762904.0,3599829332.0,104652409776.0,0.034397959298836434
042500,링네트,2025,11012,34505474209.0,2101041229.0,3427157895.0,107799708819.0,0.031791903081615315
042500,링네트,2025,11013,25815261820.0,960428716.0,1684532674.0,104757833052.0,0.016080255050367705
042500,링네트,2025,11014,43670341779.0,4956657272.0,3793540425.0,112467351433.0,0.033730148142235926
044180,KD,2024,11011,157635399233.0,2921575940.0,4522529746.0,39447081081.0,0.11464802013394883
044180,KD,2024,11012,33775204707.0,1106033491.0,10337791393.0,44851570570.0,0.23048894969833383
044180,KD,2024,11013,40623062193.0,2414505436.0,1939631844.0,34476960671.0,0.05625878285818578
044180,KD,2024,11014,27133386772.0,-2378301142.0,-4231368050.0,40555764549.0,-0.10433456493928517
044180,KD,2025,11012,7020925815.0,-2699070010.0,-2095010839.0,34890371169.0,-0.0600455302940833
044180,KD,2025,11013,10685947183.0,222090401.0,-2267518395.0,36953816052.0,-0.061360872495799475
044180,KD,2025,11014,3641638691.0,-1931312939.0,-2684270349.0,32164228805.0,-0.08345514407554283
046310,백금T&A,2024,11011,152492730341.0,12733328552.0,17666511720.0,98982547200.0,0.1784810779248162
046310,백금T&A,2024,11012,34513851143.0,3757851250.0,4198839557.0,101625261995.0,0.041316887893549384
046310,백금T&A,2024,11013,32534155306.0,2840756010.0,3240530518.0,98726585051.0,0.03282328175664146
046310,백금T&A,2024,11014,43171309093.0,4086905420.0,4285554215.0,92618128445.0,0.046271224510274114
046310,백금T&A,2025,11012,37983399818.0,2431092292.0,1427175116.0,99668477242.0,0.014319222641826343
046310,백금T&A,2025,11013,35520160011.0,2688191744.0,2723474297.0,99341265231.0,0.027415337329024923
046310,백금T&A,2025,11014,37196405807.0,2904481955.0,3614954994.0,103767190428.0,0.034837167500533575
056190,에스에프에이,2024,11011,2045361581270.0,-48399084010.0,-32117410210.0,1522364024097.0,-0.021097063318381192
056190,에스에프에이,2024,11012,556176217586.0,54458480781.0,37427266702.0,1717899936488.0,0.0217866395516113
056190,에스에프에이,2024,11013,572953637435.0,54689256113.0,48844965309.0,1672910120492.0,0.029197602854261397
056190,에스에프에이,2024,11014,450514389036.0,-149641970675.0,-99896875437.0,1569483984507.0,-0.06364950290867682
056190,에스에프에이,2025,11012,444992026297.0,21121709711.0,2569631428.0,1493948378920.0,0.0017200269194425773
056190,에스에프에이,2025,11013,398385487593.0,29047767809.0,21507659664.0,1521573750064.0,0.014135141108405263
056190,에스에프에이,2025,11014,394017361754.0,26703216163.0,23596951823.0,1510211754128.0,0.015624929258099265
060590,씨티씨바이오,2024,11011,144406933560.0,-3953111981.0,-5220439233.0,69620419955.0,-0.0749843111600633
060590,씨티씨바이오,2024,11012,34817399949.0,-354502005.0,-2254760445.0,72949209156.0,-0.030908634529241474
060590,씨티씨바이오,2024,11013,33192977870.0,-1363499719.0,-284013407.0,75188312117.0,-0.003777361121739889
060590,씨티씨바이오,2024,11014,35791974562.0,-3047522118.0,-3183538569.0,69745397329.0,-0.04564514205837481
060590,씨티씨바이오,2025,11012,35419486115.0,2267814511.0,1194235491.0,71437918703.0,0.01671710924229164
060590,씨티씨바이오,2025,11013,34096917885.0,916455556.0,635150790.0,70253758090.0,0.009040808737752181
060590,씨티씨바이오,2025,11014,31798568871.0,1451999845.0,310403683.0,71748767985.0,0.004326258021111859
064960,SNT모티브,2024,11011,968898049440.0,98128121434.0,104345991126.0,984795341182.0,0.10595703164147668
064960,SNT모티브,2024,11012,240285770949.0,25092005279.0,27242780893.0,949891703875.0,0.028679880855749622
064960,SNT모티브,2024,11013,221991270936.0,22008668244.0,26937019302.0,945102683899.0,0.028501685331028717
064960,SNT모티브,2024,11014,220829064753.0,22021882401.0,16963343030.0,949407859292.0,0.017867287345451344
064960,SNT모티브,2025,11011,1006373968570.0,102552954912.0,69508148662.0,1019390057900.0,0.0681860178283381
064960,SNT모티브,2025,11012,257539576696.0,26645675111.0,14166486630.0,1004621268793.0,0.014101320637000144
064960,SNT모티브,2025,11013,226184573925.0,23017985647.0,21278525570.0,992880310317.0,0.021431108411452272
064960,SNT모티브,2025,11014,231085379342.0,22001726629.0,21262739720.0,1013812992668.0,0.020973039282169714
066130,하츠,2024,11011,186549537819.0,10713401256.0,8880676863.0,109992119742.0,0.08073921008005588
066130,하츠,2024,11012,49928388607.0,5956529087.0,4766937506.0,107134757957.0,0.04449478018994802
066130,하츠,2024,11013,40903694610.0,2505222613.0,1928869790.0,102647279420.0,0.01879124123794532
066130,하츠,2024,11014,43582118585.0,3029978178.0,2948145131.0,110142111948.0,0.026766738705644853
066130,하츠,2025,11012,48077696401.0,3364290886.0,4380162205.0,113130434942.0,0.03871780575444294
066130,하츠,2025,11013,40860794046.0,1888530047.0,1560674871.0,109840808766.0,0.014208515837904952
066130,하츠,2025,11014,40316475194.0,2211258382.0,965081560.0,114145885706.0,0.00845480810833352
070300,엑스큐어,2024,11011,10747200049.0,-2176868091.0,-16289593205.0,20922099577.0,-0.778583102764094
070300,엑스큐어,2024,11012,17136631487.0,-90829353.0,-590522198.0,24608230617.0,-0.023996938552422863
070300,엑스큐어,2024,11013,15083651227.0,82569368.0,348110521.0,25178440433.0,0.013825738012897361
070300,엑스큐어,2024,11014,11322998702.0,-1116955042.0,-2041799301.0,26034631402.0,-0.07842628034453937
070300,엑스큐어,2025,11012,5216641442.0,1180549121.0,-765794260.0,22433636350.0,-0.0341359843786538
070300,엑스큐어,2025,11013,2903115676.0,-69889192.0,2281998458.0,23204098035.0,0.09834463095949422
070300,엑스큐어,2025,11014,5616664910.0,1287711180.0,1825783126.0,34843454637.0,0.052399601159559384
078600,대주전자재료,2024,11011,219316249770.0,29353571296.0,36394010154.0,230239136477.0,0.15807047711732372
078600,대주전자재료,2024,11012,58264133560.0,8292746836.0,6457348732.0,169015076485.0,0.038205755760333526
078600,대주전자재료,2024,11013,46298413417.0,5015483526.0,5531454440.0,163226630978.0,0.03388818605675651
078600,대주전자재료,2024,11014,55767864877.0,8141035876.0,4152024787.0,172448957817.0,0.024076833165939227
078600,대주전자재료,2025,11012,63419925122.0,5348572754.0,4329529508.0,237970288516.0,0.018193571705943882
078600,대주전자재료,2025,11013,54032929237.0,4778643750.0,6743207823.0,235502690740.0,0.028633251712799516
078600,대주전자재료,2025,11014,63582823964.0,5988217078.0,6543500543.0,246595613918.0,0.026535348455856554
078890,가온그룹,2024,11011,489342386438.0,-41889972825.0,-56081780766.0,114897682454.0,-0.48810193180748174
078890,가온그룹,2024,11012,116097936885.0,-11032429007.0,-17622025871.0,147649295419.0,-0.11935055850413723
078890,가온그룹,2024,11013,116366751155.0,-6064722615.0,-5428771681.0,165027143472.0,-0.032896234927080915
078890,가온그룹,2024,11014,115104341000.0,-13765570868.0,-12702768162.0,135845060424.0,-0.09350923855716271
078890,가온그룹,2025,11012,133336201144.0,1478564234.0,5396117852.0,120366265280.0,0.04483081567287455
078890,가온그룹,2025,11013,127278741953.0,443361621.0,3259616971.0,113824221050.0,0.02863728774887144
078890,가온그룹,2025,11014,115734497066.0,2088783586.0,-9502524347.0,109292962402.0,-0.08694543672490031
079000,와토스코리아,2024,11011,17497542121.0,-247222243.0,2065735366.0,78869429917.0,0.02619183843694474
079000,와토스코리아,2024,11012,4306489577.0,369822.0,448741622.0,78827669650.0,0.005692691715896742
079000,와토스코리아,2024,11013,4404919630.0,-276991995.0,476707921.0,78322550155.0,0.006086470882990876
079000,와토스코리아,2024,11014,4214848763.0,-67387475.0,368027691.0,78682325167.0,0.004677387077960347
079000,와토스코리아,2025,11012,3330662225.0,-438018862.0,-33579674.0,75675487531.0,-0.00044373250963522753
079000,와토스코리아,2025,11013,3735144961.0,-788597794.0,207612336.0,76310316794.0,0.0027206326054241173
079000,와토스코리아,2025,11014,3580149647.0,-454023588.0,-68310384.0,74506195043.0,-0.0009168416661269014
079430,현대리바트,2024,11011,1870657004478.0,24036538571.0,15178962774.0,411743742429.0,0.036865072154964006
079430,현대리바트,2024,11012,496957045200.0,8170065201.0,5749233820.0,412767852395.0,0.013928492218183323
079430,현대리바트,2024,11013,504787431414.0,6798797181.0,4684194144.0,407110674028.0,0.011505947750409102
079430,현대리바트,2024,11014,454114681967.0,9763818211.0,4222908575.0,417050356842.0,0.0101256563043773
079430,현대리바트,2025,11012,409870545262.0,5079834116.0,618086997.0,415543552476.0,0.00148741808967352
079430,현대리바트,2025,11013,437760415531.0,9511744672.0,6556415263.0,415581886768.0,0.01577647022585501
079430,현대리바트,2025,11014,340655197459.0,3737139057.0,3002402195.0,418680537905.0,0.007171105229833385
080220,제주반도체,2024,11011,162349945455.0,9581360274.0,19405207353.0,184233770184.0,0.10532926365030372
080220,제주반도체,2024,11012,43871041093.0,2401191378.0,2023437448.0,177169244836.0,0.011420929461391748
080220,제주반도체,2024,11013,42589798341.0,4767118693.0,7293477502.0,173884918108.0,0.041944278902153076
080220,제주반도체,2024,11014,39050891100.0,1906301022.0,-1410121577.0,175194335580.0,-0.008048899368416441
080220,제주반도체,2025,11012,51066931074.0,4337849902.0,-2621940932.0,189249574779.0,-0.013854408576937751
080220,제주반도체,2025,11013,48440247633.0,3699508665.0,4327995433.0,190972130227.0,0.02266296882092432
080220,제주반도체,2025,11014,110951148841.0,13901794568.0,22689908827.0,211833624433.0,0.10711193224273279
081660,미스토홀딩스,2024,11011,4268743012835.0,360803535166.0,207722009422.0,2736298905138.0,0.0759134935996782
081660,미스토홀딩스,2024,11012,1175289066339.0,140146971593.0,100433626274.0,2729366906363.0,0.03679740750129933
081660,미스토홀딩스,2024,11013,1182622712424.0,163258879070.0,123329753831.0,2648741760604.0,0.046561637553853785
081660,미스토홀딩스,2024,11014,1049457617484.0,93370553835.0,53360487564.0,2742023254863.0,0.019460260765245062
081660,미스토홀딩스,2025,11012,1227713625124.0,181885342574.0,139202283953.0,2578315590045.0,0.05398962194173075
081660,미스토홀딩스,2025,11013,1237498940466.0,162674986283.0,151455846234.0,2696309060622.0,0.05617154518594441
081660,미스토홀딩스,2025,11014,1088201481323.0,131869003508.0,101895776086.0,2705126956047.0,0.037667650258788675
083450,GST,2024,11011,346227651802.0,59081495358.0,45862225124.0,268293551495.0,0.17094046751568945
083450,GST,2024,11012,91715874132.0,19633188005.0,13569520182.0,254632743077.0,0.0532905549303085
083450,GST,2024,11013,75711134741.0,8549468722.0,7878825902.0,237944561978.0,0.03311202339109756
083450,GST,2024,11014,91827390604.0,19249831354.0,14397839186.0,265877991548.0,0.05415205336166646
083450,GST,2025,11012,99435779004.0,17341274299.0,11364983111.0,282220521342.0,0.040269867892518366
083450,GST,2025,11013,74757521252.0,9595567680.0,7918177172.0,270521936487.0,0.029270000336481066
083450,GST,2025,11014,80772758423.0,16675761000.0,13404416052.0,296153533440.0,0.0452617123837751
083500,에프엔에스테크,2024,11011,88482201894.0,8805382808.0,14567811473.0,77478456565.0,0.18802402782479846
083500,에프엔에스테크,2024,11012,13020844966.0,422914691.0,5546192751.0,70908961065.0,0.07821568201959665
083500,에프엔에스테크,2024,11013,5637484478.0,-331201880.0,-14850142.0,65250771643.0,-0.00022758569172557977
083500,에프엔에스테크,2024,11014,32417331494.0,3820058379.0,3551247028.0,74540706043.0,0.04764171439362818
083500,에프엔에스테크,2025,11012,29876094647.0,4539606454.0,3573742462.0,80822094713.0,0.04421739469498275
083500,에프엔에스테크,2025,11013,13057011023.0,1177446313.0,1387517485.0,77208018879.0,0.01797115772617492
083500,에프엔에스테크,2025,11014,17209437853.0,3156574871.0,3263851574.0,86370545243.0,0.03778894257084156
084730,팅크웨어,2024,11011,489135004656.0,26035361129.0,19004215473.0,229927996733.0,0.08265289892064916
084730,팅크웨어,2024,11012,126827490450.0,9198558511.0,11631503246.0,227175751150.0,0.05120046126014537
084730,팅크웨어,2024,11013,96291564831.0,4945179464.0,5352673478.0,215080625378.0,0.024886823109207448
084730,팅크웨어,2024,11014,131583925648.0,8607554096.0,3748893018.0,231260474661.0,0.016210694990120667
084730,팅크웨어,2025,11012,138442468869.0,9099425721.0,2830454889.0,239581829132.0,0.011814146754178642
084730,팅크웨어,2025,11013,142491236667.0,412142744.0,-1336417006.0,235421088015.0,-0.005676708986727856
084730,팅크웨어,2025,11014,131967890758.0,3508678816.0,1772746870.0,241671164896.0,0.007335367753794203
088800,에이스테크,2024,11011,145075504423.0,-31148972707.0,-40754510152.0,95593655060.0,-0.42633070287374364
088800,에이스테크,2024,11012,35275988839.0,-9628553498.0,-12174736919.0,4616070526.0,-2.6374677012462957
088800,에이스테크,2024,11013,30601904423.0,-4031700122.0,-3062414932.0,17846985510.0,-0.17159284016250653
088800,에이스테크,2024,11014,36911735955.0,-10173250876.0,-10758839859.0,30693275243.0,-0.350527591917832
088800,에이스테크,2025,11012,46088165985.0,-4988720846.0,-12885578281.0,81905127490.0,-0.15732321865408527
088800,에이스테크,2025,11013,53018060875.0,-1906486069.0,-3429770019.0,99402993289.0,-0.03450368953204894
088800,에이스테크,2025,11014,37885513748.0,-4253549500.0,-3417420700.0,78625516876.0,-0.04346452444172292
090430,아모레퍼시픽,2024,11011,3885110699186.0,220481343913.0,601641373835.0,5326007889106.0,0.11296291450593192
090430,아모레퍼시픽,2024,11012,904751327724.0,4153760695.0,530597868353.0,5335749107921.0,0.09944205726714539
090430,아모레퍼시픽,2024,11013,911452525506.0,72675928942.0,80113584354.0,4886397615959.0,0.016395224181582894
090430,아모레퍼시픽,2024,11014,977207865626.0,65170990869.0,37160331343.0,5372883953949.0,0.006916272836246098
090430,아모레퍼시픽,2025,11012,1005023630792.0,73662493730.0,37630569127.0,5372438014537.0,0.007004374741072378
090430,아모레퍼시픽,2025,11013,1067512073116.0,117729877264.0,118952934878.0,5371726246825.0,0.02214426599797561
090430,아모레퍼시픽,2025,11014,1016903549806.0,91886526963.0,68238567058.0,5430492301017.0,0.012565816002578728
091120,이엠텍,2024,11011,167587926897.0,-30512910121.0,-44733935468.0,206460991702.0,-0.21667015691064637
091120,이엠텍,2024,11012,35425537843.0,-8727389617.0,-7633859605.0,236822720004.0,-0.03223449002220337
091120,이엠텍,2024,11013,61966667717.0,347232077.0,601437465.0,243976437883.0,0.0024651456928329366
091120,이엠텍,2024,11014,38187132528.0,-9558722353.0,-8434952898.0,226263653985.0,-0.03727930999717343
091120,이엠텍,2025,11012,53179464770.0,-1461263000.0,-2043099084.0,187227089008.0,-0.010912411739268673
091120,이엠텍,2025,11013,53404682338.0,-3950272016.0,-2974257591.0,199991454542.0,-0.014871923391983627
091120,이엠텍,2025,11014,52122170691.0,-4377265571.0,-2876765094.0,185668326362.0,-0.015494107963202797
092440,기신정기,2024,11011,137860488679.0,2498092901.0,1715138867.0,249284656369.0,0.0068802424183748824
092440,기신정기,2024,11012,31683142044.0,-531969131.0,552416950.0,248242717929.0,0.002225309787971291
092440,기신정기,2024,11013,36615511456.0,1626426114.0,1650693715.0,247956204482.0,0.006657198671226755
092440,기신정기,2024,11014,32493192195.0,163110088.0,613248777.0,250100348471.0,0.0024520108858269276
092440,기신정기,2025,11011,131315525932.0,1018157936.0,3113404250.0,249969268041.0,0.012455148084401076
092440,기신정기,2025,11012,29804035947.0,-712692249.0,-270721354.0,244184588825.0,-0.0011086750204126032
092440,기신정기,2025,11013,29839287361.0,-1365439203.0,-657283629.0,244342047796.0,-0.0026900144077893744
092440,기신정기,2025,11014,31246970742.0,-139628628.0,165303430.0,245267730875.0,0.0006739713757300035
094360,칩스앤미디어,2024,11011,27075424194.0,5281327227.0,10009046321.0,75782540733.0,0.13207588745624485
094360,칩스앤미디어,2024,11012,6049940785.0,628509336.0,1246488726.0,67273841587.0,0.018528579557747026
094360,칩스앤미디어,2024,11013,4908998591.0,9378251.0,793173022.0,71617994409.0,0.011075052136622309
094360,칩스앤미디어,2024,11014,7029789735.0,1725242447.0,1682416121.0,66325461202.0,0.025366067427349724
094360,칩스앤미디어,2025,11012,6613279142.0,1376378642.0,802160682.0,76816121910.0,0.010442608427171509
094360,칩스앤미디어,2025,11013,5369889309.0,203111488.0,-685855094.0,75856429068.0,-0.009041489329601565
094360,칩스앤미디어,2025,11014,6617338462.0,1525038294.0,2178517360.0,79856881166.0,0.02728027100722197
098120,마이크로컨텍솔,2024,11011,69664082922.0,10204007443.0,10680949268.0,65058500062.0,0.16417453918890196
098120,마이크로컨텍솔,2024,11012,15147509224.0,1518017657.0,1405419175.0,58008909252.0,0.02422764353135195
098120,마이크로컨텍솔,2024,11013,14307719141.0,1993204426.0,2140185017.0,56603490077.0,0.0378101246776236
098120,마이크로컨텍솔,2024,11014,18455903450.0,2632132438.0,1962894724.0,59971803976.0,0.032730293135512935
098120,마이크로컨텍솔,2025,11012,22367139280.0,3692919283.0,2162913937.0,71011042199.0,0.030458839499055528
098120,마이크로컨텍솔,2025,11013,25319907339.0,4982792319.0,4454649480.0,68848128262.0,0.06470255027192506
098120,마이크로컨텍솔,2025,11014,25391969862.0,3901587384.0,4001717325.0,75012759524.0,0.05334715520923702
099520,DGI,2024,11011,21360983111.0,503079763.0,1199573522.0,26020457464.0,0.0461011695762706
099520,DGI,2024,11012,8513283421.0,848391369.0,1107310460.0,26859201045.0,0.0412264854097785
099520,DGI,2024,11013,4351298255.0,-26780344.0,264393750.0,25751890585.0,0.010266964638083872
099520,DGI,2024,11014,3615086532.0,-297552250.0,-231883559.0,26627317486.0,-0.008708483651119522
099520,DGI,2025,11012,4398161106.0,-1040374808.0,-1577012042.0,23198337605.0,-0.0679795280529111
099520,DGI,2025,11013,2761638915.0,-1759742416.0,-1245107817.0,24775349647.0,-0.05025591302404758
099520,DGI,2025,11014,7649862757.0,-712081748.0,-535686753.0,22662650852.0,-0.023637426905543362
100120,뷰웍스,2024,11011,222898069398.0,22330975608.0,21093961843.0,236797033017.0,0.08908034688714041
100120,뷰웍스,2024,11012,54224333299.0,3756588360.0,2627527752.0,226078765324.0,0.011622178439600084
100120,뷰웍스,2024,11013,60548906647.0,7120871916.0,8064719695.0,222683960907.0,0.036215988175134384
100120,뷰웍스,2024,11014,48377592880.0,4523872546.0,1166950132.0,226736412280.0,0.005146725752010739
100120,뷰웍스,2025,11012,62704424423.0,6531884313.0,1958196323.0,230121287277.0,0.008509409738538849
100120,뷰웍스,2025,11013,54397083215.0,2058977794.0,2122167526.0,232370356283.0,0.009132694720386138
100120,뷰웍스,2025,11014,53672954614.0,4302756453.0,6358891298.0,236913629857.0,0.026840546497211654
100590,머큐리,2024,11011,134308402060.0,-886508422.0,-1505529043.0,98929937049.0,-0.01521813404424094
100590,머큐리,2024,11012,36779615851.0,-31912238.0,1146009724.0,104082502732.0,0.011010589618034436
100590,머큐리,2024,11013,35360844310.0,146324032.0,2234320913.0,102936493008.0,0.021705819264955465
100590,머큐리,2024,11014,30161343490.0,-380040648.0,-876902002.0,103205600730.0,-0.008496651303780458
100590,머큐리,2025,11012,32189698001.0,-194120249.0,741822401.0,97492916282.0,0.007608987701775844
100590,머큐리,2025,11013,21518236747.0,-2290483889.0,-2174980545.0,96750917704.0,-0.022480205837986374
100590,머큐리,2025,11014,29613270829.0,-302818685.0,-685771968.0,96805247931.0,-0.0070840371018810735
109820,진매트릭스,2024,11011,10018845652.0,-1641652319.0,-3748057576.0,19227336451.0,-0.19493379052016674
109820,진매트릭스,2024,11012,2955676919.0,-144906474.0,-1265077642.0,19943586304.0,-0.06343280605185181
109820,진매트릭스,2024,11013,1805894146.0,-914375311.0,-1848669081.0,21299572946.0,-0.08679371580298162
109820,진매트릭스,2024,11014,2632283365.0,-147767967.0,-193440843.0,19750145461.0,-0.009794400926412499
109820,진매트릭스,2025,11012,2693825528.0,-90715551.0,-390567766.0,18050405498.0,-0.021637617284734973
109820,진매트릭스,2025,11013,2496275350.0,-288227356.0,-786363187.0,18440973264.0,-0.0426421738019174
109820,진매트릭스,2025,11014,2587595982.0,-109240853.0,265787746.0,18316193244.0,0.01451108002952887
114810,한솔아이원스,2024,11011,157137657251.0,23065681206.0,31072611398.0,182201098517.0,0.17054019789623176
114810,한솔아이원스,2024,11012,39538032476.0,7264435119.0,13512920054.0,174234092934.0,0.07755611904909278
114810,한솔아이원스,2024,11013,37336675287.0,4893742644.0,8333354087.0,160384099675.0,0.0519587297237481
114810,한솔아이원스,2024,11014,36546361394.0,4692464498.0,4210843087.0,178486358000.0,0.023591960383885474
114810,한솔아이원스,2025,11012,47021148050.0,9086242679.0,7463667946.0,200377803106.0,0.03724797772162276
114810,한솔아이원스,2025,11013,48851407837.0,11906237250.0,10634783115.0,192848721459.0,0.05514572787697208
114810,한솔아이원스,2025,11014,51223987501.0,9380140718.0,6441458136.0,206964851139.0,0.031123440045739175
126340,비나텍,2024,11011,59591709951.0,-8067980363.0,-9667529378.0,83923633993.0,-0.11519436084960716
126340,비나텍,2024,11012,18344878659.0,694586880.0,1300666799.0,67823272066.0,0.019177293565758646
126340,비나텍,2024,11013,13476838961.0,428643735.0,1306254549.0,66527832681.0,0.0196347077059232
126340,비나텍,2024,11014,14047871535.0,-2513984899.0,-6731904016.0,91998245340.0,-0.07317426534735255
126340,비나텍,2025,11012,20689950380.0,957086327.0,-2902889192.0,75388386362.0,-0.03850578758989355
126340,비나텍,2025,11013,15739378515.0,-2409395108.0,-2579438378.0,81254862785.0,-0.031745033953539274
126340,비나텍,2025,11014,23010633345.0,2565680047.0,2206119776.0,80063948209.0,0.027554471461251392
136540,윈스테크넷,2024,11011,101459073957.0,20357730105.0,19871622345.0,180725651588.0,0.10995463106865044
136540,윈스테크넷,2024,11012,22954513449.0,3981067814.0,3769339212.0,191318231531.0,0.019701934216286333
136540,윈스테크넷,2024,11013,23744499542.0,4956000954.0,4864207076.0,187760134024.0,0.02590649554701662
136540,윈스테크넷,2024,11014,21480193158.0,4251098791.0,4837631579.0,196155863110.0,0.02466218191136688
136540,윈스테크넷,2025,11012,21949128958.0,4675241741.0,3852424996.0,174915834729.0,0.022024449655850917
136540,윈스테크넷,2025,11013,18299680428.0,2446795099.0,2830869141.0,174060506024.0,0.016263707406490423
136540,윈스테크넷,2025,11014,18568147513.0,3428795200.0,3791538602.0,177950826067.0,0.021306664800603135
142280,녹십자엠에스,2024,11011,103852287192.0,2334698730.0,3396435104.0,43428750520.0,0.07820706475162942
142280,녹십자엠에스,2024,11012,25478428858.0,354459748.0,-173925937.0,38106290541.0,-0.00456423164078032
142280,녹십자엠에스,2024,11013,23698510422.0,77473542.0,1255532122.0,38299742842.0,0.03278173765237836
142280,녹십자엠에스,2024,11014,26923082721.0,931287595.0,179039780.0,41355672414.0,0.004329267777529601
142280,녹십자엠에스,2025,11012,30438074479.0,1058167968.0,2412797396.0,45385002571.0,0.05316287890973313
142280,녹십자엠에스,2025,11013,26481930784.0,495477577.0,-727253745.0,42701496775.0,-0.01703110663384937
142280,녹십자엠에스,2025,11014,26445553419.0,943607761.0,1442809206.0,46802589057.0,0.030827551104979034
155660,DSR,2024,11011,299809123352.0,15340514051.0,14512806208.0,234202276765.0,0.06196697320138454
155660,DSR,2024,11012,75451317534.0,5142182082.0,4675113475.0,227540932695.0,0.020546252578065183
155660,DSR,2024,11013,68123557880.0,5117244422.0,4607269422.0,222449162182.0,0.02071156113517072
155660,DSR,2024,11014,74179035277.0,1589546105.0,3157545198.0,230302173669.0,0.013710444620197798
155660,DSR,2025,11012,76690585011.0,2950636953.0,-123349707.0,234940745144.0,-0.0005250247543243145
155660,DSR,2025,11013,74084797444.0,5728005822.0,4200675573.0,237657052876.0,0.017675366761329595
155660,DSR,2025,11014,74656510949.0,5493902141.0,7288515132.0,242345797118.0,0.03007485674880991
186230,그린플러스,2024,11011,87683082859.0,2486072224.0,256264567.0,46218737381.0,0.005544603369138064
186230,그린플러스,2024,11012,20976295530.0,-628644880.0,-1526404828.0,44756799951.0,-0.03410442278427226
186230,그린플러스,2024,11013,17864214931.0,344865347.0,30902806.0,46107858367.0,0.0006702286138303388
186230,그린플러스,2024,11014,20369126079.0,-1205308965.0,-1720873419.0,43126716368.0,-0.03990272304331723
186230,그린플러스,2025,11012,25893558366.0,-1521950404.0,-1941573164.0,47677330078.0,-0.04072319403841597
186230,그린플러스,2025,11013,22077106607.0,300764869.0,-772733266.0,61282805850.0,-0.012609299709471446
186230,그린플러스,2025,11014,27855013832.0,1639994165.0,51435113.0,47746893670.0,0.0010772452205056716
189330,씨이랩,2024,11011,9093357973.0,-5284958770.0,-5186782443.0,9599640362.0,-0.5403100790662724
189330,씨이랩,2024,11012,348231363.0,-1905078424.0,-1872311322.0,11059965813.0,-0.16928726124987345
189330,씨이랩,2024,11013,2289732768.0,-1947757800.0,-1917752942.0,12968581453.0,-0.14787684751414115
189330,씨이랩,2024,11014,2600718773.0,-1149857723.0,-1145414110.0,9917715071.0,-0.11549173391250776
189330,씨이랩,2025,11012,716262333.0,-1245282273.0,-1235561581.0,7534843854.0,-0.16397971941304146
189330,씨이랩,2025,11013,784290866.0,-1069785728.0,-841105499.0,8756215728.0,-0.09605810605035381
189330,씨이랩,2025,11014,3838989881.0,-662053905.0,-595461568.0,25662367297.0,-0.023203688151934878
204270,제이앤티씨,2024,11011,273239103365.0,-46091032142.0,-33401167330.0,337126919326.0,-0.09907594266508644
204270,제이앤티씨,2024,11012,65345742375.0,-20865693381.0,-15088816230.0,383998956631.0,-0.03929389903134411
204270,제이앤티씨,2024,11013,127061594527.0,31758159685.0,32342331709.0,394530338482.0,0.08197679254133097
204270,제이앤티씨,2024,11014,32661740443.0,-25247220463.0,-36422210127.0,342002826785.0,-0.10649681018542229
204270,제이앤티씨,2025,11012,56085163295.0,-23845215982.0,-39650994118.0,276347900597.0,-0.14348216155194649
204270,제이앤티씨,2025,11013,48048658420.0,-14167684971.0,-18015559724.0,318948808300.0,-0.05648417318134247
204270,제이앤티씨,2025,11014,39097163083.0,-17925640251.0,-15627483077.0,261108246993.0,-0.05985059168743511
207760,미스터블루,2024,11011,70341804726.0,-13552961926.0,-16743234375.0,58693479737.0,-0.28526566238745543
207760,미스터블루,2024,11012,16159975751.0,-3009175727.0,-1172886161.0,72327637202.0,-0.016216293057165806
207760,미스터블루,2024,11013,15711426911.0,-3642298248.0,-1502287981.0,66584079986.0,-0.0225622698596402
207760,미스터블루,2024,11014,19465645773.0,-4600177346.0,-4889049536.0,67582965807.0,-0.07234144695516766
207760,미스터블루,2025,11012,16437479831.0,-1773210890.0,-8285500167.0,62209085516.0,-0.1331879435017413
207760,미스터블루,2025,11013,17053580195.0,-435712239.0,6152013776.0,64928644972.0,0.09475037987706367
207760,미스터블루,2025,11014,17465919401.0,-713981666.0,76988229.0,62403681356.0,0.0012337129369147022
207940,삼성바이오로직스,2024,11011,4547322176421.0,1320052380133.0,1083315885986.0,10904676062018.0,0.09934416023225943
207940,삼성바이오로직스,2024,11012,1156904189162.0,434510778135.0,317992129218.0,10328324291749.0,0.03078835639117516
207940,삼성바이오로직스,2024,11013,946903318921.0,221299256140.0,179361788791.0,10010237632827.0,0.017917835257258152
207940,삼성바이오로직스,2024,11014,1187075475928.0,338578425778.0,264468354037.0,10591549252054.0,0.02496975161454422
207940,삼성바이오로직스,2025,11012,1289905421405.0,475599675863.0,324386142540.0,11602793794048.0,0.027957589206351625
207940,삼성바이오로직스,2025,11013,1298272949854.0,486688724699.0,375553550929.0,11280108567285.0,0.03329343407369276
207940,삼성바이오로직스,2025,11014,1660220823312.0,728848136440.0,574459721021.0,12179417948941.0,0.04716643467112065
214320,이노션,2024,11011,2120578469848.0,155663117200.0,116121811100.0,1031880296378.0,0.11253418783903407
214320,이노션,2024,11012,522073586393.0,36661234943.0,26781990927.0,972173794032.0,0.02754856291273209
214320,이노션,2024,11013,487514636179.0,30475697693.0,29437643281.0,941603254764.0,0.03126331937794559
214320,이노션,2024,11014,512024223344.0,45896006406.0,32655485521.0,974922766317.0,0.03349545897298488
214320,이노션,2025,11012,519043151754.0,36415108527.0,23823935469.0,1015135398503.0,0.023468726934488426
214320,이노션,2025,11013,503391145632.0,29842242089.0,16890220669.0,1021822642644.0,0.016529503226994455
214320,이노션,2025,11014,491527618685.0,51327081354.0,33527894392.0,1066582240634.0,0.03143488904528382
214450,파마리서치,2024,11011,350115068641.0,126050757121.0,88943035620.0,569440798163.0,0.15619364806126945
214450,파마리서치,2024,11012,83106581620.0,30760698843.0,28718192888.0,508300707292.0,0.05649843188493235
214450,파마리서치,2024,11013,74716536142.0,26668362059.0,18305286876.0,470867168621.0,0.03887569169370967
214450,파마리서치,2024,11014,89208791343.0,34923262674.0,25512480181.0,542211127535.0,0.04705266802063769
214450,파마리서치,2025,11012,140607447466.0,55877690378.0,42044835186.0,637474666633.0,0.06595530361711706
214450,파마리서치,2025,11013,116909970307.0,44733584603.0,36026848814.0,594050222681.0,0.060646133001024255
214450,파마리서치,2025,11014,135426410999.0,61870558180.0,50852909683.0,688775854917.0,0.07383085414503672
217480,에스디생명공학,2024,11011,34471256404.0,-9237953365.0,-14761589278.0,29796961150.0,-0.49540586382917107
217480,에스디생명공학,2024,11012,9687560456.0,-1708552875.0,-3561404608.0,39420503331.0,-0.09034396588232645
217480,에스디생명공학,2024,11013,10189191054.0,-2078283622.0,-1661169073.0,43396528277.0,-0.038278847155624046
217480,에스디생명공학,2024,11014,8125790179.0,-2166538835.0,-3842328876.0,35672693933.0,-0.1077106451006087
217480,에스디생명공학,2025,11012,7802407192.0,-1871671811.0,-1259151037.0,37549544697.0,-0.03353305738220041
217480,에스디생명공학,2025,11013,9052753343.0,-1153665894.0,-1280984338.0,28479758164.0,-0.04497876458864161
217480,에스디생명공학,2025,11014,6872048869.0,-1746678564.0,-1945699717.0,35614880427.0,-0.05463165097488143
222160,NPX,2024,11011,8293471882.0,-3205373321.0,-3032458683.0,20591397758.0,-0.14726822912358412
222160,NPX,2024,11012,4177759279.0,-36509575.0,,22928829898.0,
222160,NPX,2024,11013,3316392230.0,-902820876.0,,22984317084.0,
222160,NPX,2025,11012,1577882247.0,-3884701996.0,,14283852466.0,
222160,NPX,2025,11013,952189451.0,-1161406500.0,,17902019254.0,
222160,NPX,2025,11014,435179482.0,-1065884387.0,,12847553969.0,
225220,제놀루션,2024,11011,7135737397.0,-9163973133.0,-7208794822.0,80396845336.0,-0.08966514534087142
225220,제놀루션,2024,11012,2056175190.0,-2421308208.0,-2302809790.0,85803360867.0,-0.026838223663167272
225220,제놀루션,2024,11013,1262536366.0,-2166750602.0,-39869295.0,88106170657.0,-0.00045251421895535986
225220,제놀루션,2024,11014,1690729384.0,-2498663825.0,-3293950260.0,82509410607.0,-0.0399221159837075
225220,제놀루션,2025,11012,2881665381.0,-1694685420.0,-3742802718.0,74650203709.0,-0.05013787681799399
225220,제놀루션,2025,11013,2068700556.0,-2484966579.0,-2254375184.0,78393006427.0,-0.028757350773366327
225220,제놀루션,2025,11014,2069097683.0,-2439993259.0,-1255614573.0,73394589136.0,-0.01710772671093436
237690,에스티팜,2024,11011,273751342840.0,27692533192.0,32463839888.0,502991186991.0,0.06454156797896515
237690,에스티팜,2024,11012,44592016777.0,-3058878992.0,907078180.0,428242571321.0,0.0021181410741158585
237690,에스티팜,2024,11013,51721266686.0,1879456054.0,5423357822.0,391423006521.0,0.01385549068820265
237690,에스티팜,2024,11014,61702751567.0,6095852391.0,13691836761.0,488523936489.0,0.028026951676928313
237690,에스티팜,2025,11012,68250893813.0,12918898204.0,5367408105.0,500450770923.0,0.010725147041137912
237690,에스티팜,2025,11013,52419752950.0,1025132554.0,708719288.0,494296466625.0,0.0014337939594006297
237690,에스티팜,2025,11014,81910210108.0,14724930873.0,17461337439.0,555977500581.0,0.03140655407953162
239890,피엔에이치테크,2024,11011,33592601051.0,2535571208.0,3386842164.0,52265913016.0,0.06480021047299407
239890,피엔에이치테크,2024,11012,7916554187.0,315211148.0,731671939.0,51573328609.0,0.01418702183345825
239890,피엔에이치테크,2024,11013,10518003954.0,1813858249.0,1536404656.0,50683388969.0,0.030313771183290976
239890,피엔에이치테크,2024,11014,8376365605.0,693528444.0,748458850.0,52244742249.0,0.014326012872890113
239890,피엔에이치테크,2025,11012,8943648524.0,422569599.0,825903683.0,54089959212.0,0.015269075721853587
239890,피엔에이치테크,2025,11013,7004442275.0,464868418.0,561022362.0,53255748421.0,0.010534493996121847
239890,피엔에이치테크,2025,11014,6846124394.0,968658759.0,913525001.0,55089979947.0,0.016582416655059017
241560,두산밥캣,2024,11011,6269305000.0,638867000.0,413029000.0,4690139000.0,0.08806327488375078
241560,두산밥캣,2024,11012,1629269502.0,173676282.0,114466901.0,4749742000.0,0.02409960393638223
241560,두산밥캣,2024,11013,1802536337.0,245375785.0,163198549.0,4665374587.0,0.03498080292518214
241560,두산밥캣,2024,11014,1305541887.0,91880741.0,46827947.0,4830009829.0,0.00969520739250653
241560,두산밥캣,2025,11012,1566660000.0,145380000.0,86623000.0,4938471000.0,0.017540449260509985
241560,두산밥캣,2025,11013,1444356000.0,137708000.0,78042000.0,4690706000.0,0.016637580782082696
241560,두산밥캣,2025,11014,1529458000.0,97607000.0,59705000.0,4957363000.0,0.012043701459828542
248070,솔루엠,2024,11011,1594442254779.0,69087394974.0,37687785051.0,434353083187.0,0.08676762410542037
248070,솔루엠,2024,11012,393932007688.0,20565530691.0,15181752011.0,433706471034.0,0.03500467026651728
248070,솔루엠,2024,11013,384844557824.0,20290326330.0,11626235712.0,423061768272.0,0.027481177889194467
248070,솔루엠,2024,11014,472208845137.0,26972558723.0,11361956779.0,429743806030.0,0.02643890759930309
248070,솔루엠,2025,11012,402576796316.0,12218680953.0,10159304123.0,439825942081.0,0.02309846498578982
248070,솔루엠,2025,11013,397394365231.0,11471344068.0,2472794433.0,433839860184.0,0.005699786165225204
248070,솔루엠,2025,11014,472601627051.0,14753349319.0,6441865974.0,557662850984.0,0.011551542231355886
258790,소프트캠프,2024,11011,16887234056.0,-1831061034.0,33017149.0,11650825883.0,0.0028338891449898084
258790,소프트캠프,2024,11012,3882104411.0,-1254584369.0,-1966222091.0,8255161010.0,-0.23818094990735983
258790,소프트캠프,2024,11013,3120208452.0,-1318742049.0,-1360812714.0,10181482416.0,-0.13365565625900502
258790,소프트캠프,2024,11014,3922650343.0,-542103353.0,2512307164.0,10804904901.0,0.23251543507499864
258790,소프트캠프,2025,11012,5090332577.0,153559294.0,-305193878.0,11106012695.0,-0.02748005844954601
258790,소프트캠프,2025,11013,4011086277.0,-603250349.0,-231130154.0,11388567001.0,-0.0202949285875655
258790,소프트캠프,2025,11014,6639050377.0,774282562.0,627435353.0,11714931451.0,0.05355860216718907
263020,디케이앤디,2024,11011,112541798310.0,8469647590.0,7439683686.0,76627415270.0,0.09708905957203377
263020,디케이앤디,2024,11012,26774626354.0,2272339067.0,1976813683.0,74039595347.0,0.026699412304123274
263020,디케이앤디,2024,11013,25389691533.0,2596091755.0,2566331800.0,71844953986.0,0.0357204181730019
263020,디케이앤디,2024,11014,26678914711.0,2086766750.0,1212237772.0,73584170638.0,0.016474165047855847
263020,디케이앤디,2025,11012,34014507272.0,3381927119.0,2059792151.0,73052340760.0,0.0281961143143526
263020,디케이앤디,2025,11013,33493932694.0,1768221413.0,1414381295.0,76385483261.0,0.018516362463365316
263020,디케이앤디,2025,11014,36310847431.0,3233296712.0,2899352088.0,77245950772.0,0.03753403329266746
293940,신한알파리츠,2024,11011,58306126000.0,33777395713.0,4652415132.0,540088453313.0,0.008614172555368007
293940,신한알파리츠,2024,11012,30559039194.0,20230479829.0,5078202235.0,710727573343.0,0.007145075589390759
293940,신한알파리츠,2025,11011,82852115221.0,51085925770.0,11311947161.0,813938485823.0,0.013897791243477224
293940,신한알파리츠,2025,11012,41278504851.0,27332571186.0,6566446264.0,792644691167.0,0.008284224113495683
297090,씨에스베어링,2024,11011,105410424602.0,2109689073.0,2508225870.0,93841372625.0,0.026728358716822425
297090,씨에스베어링,2024,11012,24751667361.0,843622026.0,3020761190.0,88130292908.0,0.034276082494737646
297090,씨에스베어링,2024,11013,15642757587.0,-2114982969.0,-2247337993.0,84830648869.0,-0.02649205237685331
297090,씨에스베어링,2024,11014,28526439501.0,1626428439.0,1358574648.0,88179433004.0,0.015406933359827481
297090,씨에스베어링,2025,11012,31977929892.0,2770328090.0,1710286264.0,88867246701.0,0.019245406237850222
297090,씨에스베어링,2025,11013,28348159485.0,1237645359.0,1016910077.0,94340055737.0,0.010779197330929387
297090,씨에스베어링,2025,11014,32161061862.0,3347465575.0,4379982225.0,94746578396.0,0.04622839472570245
303530,이노뎁,2024,11011,86775972174.0,-1933924977.0,-1543172808.0,37259493101.0,-0.04141690290356052
303530,이노뎁,2024,11012,25990343441.0,657381981.0,697672105.0,33900714442.0,0.020579864362257973
303530,이노뎁,2024,11013,10174403701.0,-6066490093.0,-5980635604.0,33203042337.0,-0.18012312074593972
303530,이노뎁,2024,11014,14061433562.0,-2328991084.0,-2177284859.0,31723429583.0,-0.06863333780805234
303530,이노뎁,2025,11012,19650403650.0,358724353.0,361332635.0,34063990681.0,0.010607466353070073
303530,이노뎁,2025,11013,9392255139.0,-3634667938.0,-3556835055.0,33702658046.0,-0.1055357429121868
303530,이노뎁,2025,11014,13534435524.0,-2156098705.0,-2119001765.0,31944988916.0,-0.06633283769707851
307750,국전약품,2024,11011,136467647880.0,368251990.0,537666232.0,97499291613.0,0.0055145655225284805
307750,국전약품,2024,11012,33703875438.0,426602194.0,2026378281.0,99855122808.0,0.020293183003703186
307750,국전약품,2024,11013,39310131896.0,1605463845.0,867119146.0,97832700707.0,0.008863285381407824
307750,국전약품,2024,11014,31314203914.0,-1881607.0,-309753095.0,99545369713.0,-0.0031116775787065885
307750,국전약품,2025,11012,33338734540.0,-792386909.0,-29065382.0,100625071580.0,-0.0002888483112967739
307750,국전약품,2025,11013,38284309832.0,113363504.0,648057124.0,100654136962.0,0.006438454926543768
307750,국전약품,2025,11014,29204546417.0,-2032280231.0,-2904511759.0,98407156847.0,-0.02951524921623163
317770,엑스페릭스,2024,11011,14747157399.0,-3247811080.0,-3363941919.0,58553196018.0,-0.05745103850464254
317770,엑스페릭스,2024,11012,2811908428.0,-1437262173.0,-2903697155.0,54334215068.0,-0.05344141166603739
317770,엑스페릭스,2024,11013,2028243748.0,-579523075.0,-531799861.0,56507884005.0,-0.009411073699962727
317770,엑스페릭스,2024,11014,4577193535.0,-172479214.0,-574361956.0,54124703593.0,-0.01061182635417301
317770,엑스페릭스,2025,11012,3495467245.0,-1223209699.0,-13569862022.0,81438272361.0,-0.16662757728758593
317770,엑스페릭스,2025,11013,4993186685.0,-473121857.0,-2470247615.0,60047745918.0,-0.04113805734478894
317770,엑스페릭스,2025,11014,5963936218.0,-763012842.0,234203420.0,86778877820.0,0.002698852830129856
320000,한울반도체,2024,11011,9453392037.0,-4397605316.0,-20849809108.0,37529726599.0,-0.5555545163112261
320000,한울반도체,2024,11012,3705833981.0,-343902898.0,-3577975893.0,36514788106.0,-0.0979870369948026
320000,한울반도체,2024,11013,2427064649.0,-1074357954.0,-1206073615.0,23078361999.0,-0.05225993140467508
320000,한울반도체,2024,11014,1522211939.0,-1395385063.0,-3057797596.0,48269444535.0,-0.06334851427144148
320000,한울반도체,2025,11012,1391160375.0,-1754861824.0,-3524210940.0,46471420380.0,-0.0758360926174041
320000,한울반도체,2025,11013,2202972758.0,-1663665230.0,-2377215528.0,35152511071.0,-0.06762576713790291
320000,한울반도체,2025,11014,1909405966.0,-1449125326.0,-2173890283.0,45309844889.0,-0.04797832101004966
353810,이지바이오,2024,11011,384330911334.0,32391234291.0,19903567657.0,88798863055.0,0.22414214520598288
353810,이지바이오,2024,11012,100882877503.0,8435867606.0,4333580255.0,73132267222.0,0.05925674698208114
353810,이지바이오,2024,11013,59402599093.0,6297191649.0,4697593189.0,67836736184.0,0.06924851420118848
353810,이지바이오,2024,11014,106421589437.0,8917074210.0,6300688481.0,71811402146.0,0.08773938807363835
353810,이지바이오,2025,11012,113792522665.0,11046791016.0,4100224197.0,88566323937.0,0.04629552198549663
353810,이지바이오,2025,11013,116930705012.0,9104976255.0,5770463244.0,88064736655.0,0.0655252427155515
353810,이지바이오,2025,11014,116896020104.0,11245019069.0,8634579718.0,100159136400.0,0.08620860790489004
369370,블리츠웨이엔터테인먼트,2024,11011,,-6620604948.0,-8028412938.0,31493146550.0,-0.25492571614759785
369370,블리츠웨이엔터테인먼트,2024,11012,11120450418.0,-2234229124.0,-3169020435.0,35484950639.0,-0.08930604038989601
369370,블리츠웨이엔터테인먼트,2024,11013,4678165331.0,-1176396468.0,-874464636.0,38325897250.0,-0.022816547002040506
369370,블리츠웨이엔터테인먼트,2024,11014,10775791287.0,-1386651866.0,-1453576153.0,33997244725.0,-0.04275570460952994
369370,블리츠웨이엔터테인먼트,2025,11012,7152242388.0,-2557774854.0,-4700073036.0,25445628077.0,-0.18471043519842767
369370,블리츠웨이엔터테인먼트,2025,11013,6889613950.0,-1337670039.0,-1366763789.0,30113045718.0,-0.045387763223931225
369370,블리츠웨이엔터테인먼트,2025,11014,7529126763.0,-2184504626.0,-2221966671.0,23240351720.0,-0.09560813441079884
377030,비트맥스,2024,11011,37171526391.0,-18544920256.0,-26971985622.0,14258749626.0,-1.8916094559103664
377030,비트맥스,2024,11012,8052371042.0,-3843014728.0,-1971886650.0,17727148714.0,-0.11123540969917538
377030,비트맥스,2024,11013,10833153479.0,-5567952183.0,-5989254971.0,19451761479.0,-0.3079029617685762
377030,비트맥스,2024,11014,8394436385.0,-4642614311.0,-5132116278.0,11885325844.0,-0.4318027410742648
377030,비트맥스,2025,11012,6217349377.0,-2741401718.0,-65740667719.0,21425994739.0,-3.0682667721997334
377030,비트맥스,2025,11013,7675311747.0,-3415500303.0,-4353154553.0,17751368915.0,-0.24522923126911986
377030,비트맥스,2025,11014,6777008139.0,-2569543144.0,-5881640438.0,29783870690.0,-0.1974773695205027
377450,리파인,2024,11011,,20505136523.0,20618412036.0,170437824190.0,0.12097321785224792
377450,리파인,2024,11012,,6178346718.0,5818889807.0,169375781054.0,0.034354910547363525
377450,리파인,2024,11013,,6387758874.0,6705616188.0,164430265787.0,0.040780911931908775
377450,리파인,2024,11014,,4481069115.0,4450538084.0,170979644358.0,0.02602963704077773
377450,리파인,2025,11012,,6353790145.0,5559454699.0,191981555556.0,0.02895827509522568
377450,리파인,2025,11013,,4512036412.0,4235353765.0,174673177955.0,0.024247304678289696
377450,리파인,2025,11014,,4819906856.0,6181703749.0,220798308117.0,0.027997061217173564
381620,제닉스로보틱스,2024,11011,63469561784.0,4305827720.0,6045541164.0,57234879991.0,0.10562686887699671
381620,제닉스로보틱스,2024,11014,12364544454.0,749348293.0,590597410.0,55619067423.0,0.01061861403587238
381620,제닉스로보틱스,2025,11012,7075525144.0,-2912163944.0,-2252277585.0,53315426489.0,-0.04224438841288625
381620,제닉스로보틱스,2025,11013,5500002244.0,-1541798807.0,-369958348.0,55608813576.0,-0.006652872525222673
381620,제닉스로보틱스,2025,11014,8204056495.0,-3789657326.0,-2765137452.0,49940220629.0,-0.05536894745703828
382800,지앤비에스 에코,2024,11011,70763128588.0,11648559355.0,12514385768.0,111375401554.0,0.11236220559826615
382800,지앤비에스 에코,2024,11012,22005366287.0,5307604249.0,5815533221.0,107853567967.0,0.05392063823775752
382800,지앤비에스 에코,2024,11013,19322992828.0,3021041297.0,3176932685.0,94776418295.0,0.03352028639773573
382800,지앤비에스 에코,2024,11014,10328559295.0,1103003121.0,214487741.0,108067969433.0,0.0019847485071233634
382800,지앤비에스 에코,2025,11012,25486544725.0,2335845222.0,-1265041987.0,111405237554.0,-0.011355318787295012
382800,지앤비에스 에코,2025,11013,18699786524.0,341049772.0,1170324634.0,112669416188.0,0.010387243260825975
382800,지앤비에스 에코,2025,11014,18101177934.0,556425001.0,2170984270.0,113576063427.0,0.019114804691178443
383930,디티앤씨알오,2024,11011,35970935118.0,-11295168421.0,-1999170026.0,28667402813.0,-0.06973669847389952
383930,디티앤씨알오,2024,11012,7256640204.0,-4070629568.0,-5229245589.0,21869283415.0,-0.23911371441705742
383930,디티앤씨알오,2024,11013,6579289564.0,-4637012992.0,-4633067655.0,27068852004.0,-0.17115863112020285
383930,디티앤씨알오,2024,11014,10512907423.0,-2044813581.0,-1830231770.0,20039051645.0,-0.09133325281172507
383930,디티앤씨알오,2025,11012,10058609434.0,-1971515152.0,709663767.0,25325080652.0,0.028022172041689258
383930,디티앤씨알오,2025,11013,10106884239.0,-3486039093.0,-4273467622.0,24393935191.0,-0.17518565940835454
383930,디티앤씨알오,2025,11014,12569712760.0,-905330665.0,-1956101074.0,23368979578.0,-0.08370502731927203
393890,더블유씨피,2024,11011,322073352106.0,-70938111834.0,-72205558117.0,968642145051.0,-0.07454306885769285
393890,더블유씨피,2024,11012,116601830220.0,1826204672.0,3403502252.0,1025824590672.0,0.0033178208857036896
393890,더블유씨피,2024,11013,122406360864.0,606529567.0,3372226080.0,1011498277508.0,0.0033338920638679276
393890,더블유씨피,2024,11014,65495481670.0,-19418386928.0,-21015582549.0,999453298528.0,-0.02102707808354013
393890,더블유씨피,2025,11012,38203734340.0,-26002434956.0,-27977551102.0,938228158192.0,-0.029819560261241534
393890,더블유씨피,2025,11013,16309196066.0,-30433185126.0,-33373026665.0,964209484793.0,-0.03461180084965109
393890,더블유씨피,2025,11014,29110972770.0,-31001650471.0,-46067715106.0,925847770010.0,-0.049757332250746175
417840,저스템,2024,11011,38700592846.0,-4609030122.0,-2161590464.0,48207618028.0,-0.04483918833626052
417840,저스템,2024,11012,7672479054.0,-2045548683.0,-1572517755.0,44406783522.0,-0.03541165628942577
417840,저스템,2024,11013,4063529466.0,-4136274476.0,-4112569064.0,45503050240.0,-0.09038007435345063
417840,저스템,2024,11014,15831836747.0,846632626.0,429632761.0,45131065255.0,0.00951966807281159
417840,저스템,2025,11012,11305250623.0,2077555686.0,1609094692.0,51675839950.0,0.031138239718152855
417840,저스템,2025,11013,10616638622.0,1646242810.0,1537676375.0,49998278155.0,0.03075458659262303
417840,저스템,2025,11014,12109489863.0,544650512.0,760002546.0,52650449457.0,0.014434872899246559
475250,하나33호스팩,2024,11011,0.0,-21718900.0,95743626.0,7279639362.0,0.013152248516566005
475250,하나33호스팩,2024,11012,0.0,-11772000.0,21981103.0,7195241197.0,0.0030549501258088263
475250,하나33호스팩,2024,11014,0.0,-4951500.0,40244072.0,7235485269.0,0.00556204186779611
475250,하나33호스팩,2025,11012,,-10696240.0,37276589.0,7345940539.0,0.0050744474178761115
475250,하나33호스팩,2025,11013,,-17532950.0,29024588.0,7308663950.0,0.003971257701621375
475250,하나33호스팩,2025,11014,,-4126500.0,28466172.0,7374406711.0,0.0038601304641278553
477760,DB금융스팩12호,2024,11011,0.0,-56450147.0,102845292.0,11018091146.0,0.009334220477685637
477760,DB금융스팩12호,2024,11012,0.0,-24774700.0,-17395523.0,10880323826.0,-0.001598805630989682
477760,DB금융스팩12호,2024,11014,0.0,-10148311.0,66791065.0,10947114891.0,0.006101248197816142
477760,DB금융스팩12호,2025,11012,0.0,-7354771.0,50275259.0,11127850465.0,0.0045179668039329645
477760,DB금융스팩12호,2025,11013,0.0,-15172113.0,59484060.0,11077575206.0,0.0053697726166446035
477760,DB금융스팩12호,2025,11014,0.0,-5779898.0,46976128.0,11174826593.0,0.004203745589164329
487570,HS효성,2024,11011,910389086563.0,17268538742.0,2379801952.0,553338553702.0,0.004300806325672439
487570,HS효성,2024,11014,454088769614.0,9451220866.0,540768884.0,478030995565.0,0.0011312423023131545
487570,HS효성,2025,11012,387927752857.0,10779067344.0,5886389643.0,535641906789.0,0.010989412083694127
487570,HS효성,2025,11013,454529773898.0,9566690475.0,-398575097.0,551829394101.0,-0.0007222795691217742
487570,HS효성,2025,11014,408726485747.0,12650461694.0,5635490539.0,551373500696.0,0.010220822240978769
489730,디비금융제13호스팩,2024,11011,0.0,-46541850.0,-12369295.0,12456626437.0,-0.0009929891582250072
489730,디비금융제13호스팩,2025,11012,0.0,-5848640.0,65250517.0,12581794204.0,0.0051861058877640505
489730,디비금융제13호스팩,2025,11013,0.0,-17944930.0,59917250.0,12516543687.0,0.004787044370901815
489730,디비금융제13호스팩,2025,11014,0.0,-8853400.0,50649444.0,12632443648.0,0.0040094731796424
